ID do NOX;Latitude;Longitude
Dados de teste 1;0;0
Dados de teste 2;0;0
Dados de teste 3;-23,442266;-46,442272
Dados de teste 4;-23,224678;-45,905712
Dados de teste 5;-22,930203;-45,36159
Dados de teste 6;-23,352551;-46,19982
Dados de teste 7;-23,4415;-46,443199
Dados de teste 8;-23,261405;-45,950049
Dados de teste 9;-23,255329;-45,943126
Dados de teste 10;-23,255589;-45,943544
Dados de teste 11;0;0
Dados de teste 12;0;0
Dados de teste 13;-23,4548;-46,4734
Dados de teste 14;-22,518395;-44,707726
Dados de teste 15;0;0
Dados de teste 16;0;0
Dados de teste 17;-23,490525;-46,549387
Dados de teste 18;0;0
Dados de teste 19;-23,46977;-46,51218
Dados de teste 20;-46,430099;-46,430099
Dados de teste 21;-23,255591;-45,943525
Dados de teste 22;-22,519067;-44,708995
Dados de teste 23;0;0
Dados de teste 24;-23,332048;-46,136821
Dados de teste 25;0;0
Dados de teste 26;-23,441445;-46,442346
Dados de teste 27;-23,49311;-46,551923
Dados de teste 28;-22,488989;-44,553865
Dados de teste 29;-23,469067;-46,510842
Dados de teste 30;-22,462141;-44,478881
Dados de teste 31;0;0
Dados de teste 32;-23,4549;-46,473164
Dados de teste 33;-23,233838;-45,915362
Dados de teste 34;-23,441346;-46,443009
Dados de teste 35;-22,92985;-45,36113
Dados de teste 36;0;0
Dados de teste 37;0;0
Dados de teste 38;0;0
Dados de teste 39;-23,454694;-46,473264
Dados de teste 40;-23,27012;-45,966676
Dados de teste 41;0;0
Dados de teste 42;0;0
Dados de teste 43;0;0
Dados de teste 44;0;0
Dados de teste 45;-23,224853;-45,905942
Dados de teste 46;0;0
Dados de teste 47;-23,231165;-45,911923
Dados de teste 48;-22,494708;-44,570061
Dados de teste 49;0;0
Dados de teste 50;-23,401766;-46,311681
Dados de teste 51;0;0
Dados de teste 52;-23,441799;-46,4436
Dados de teste 53;-23,465053;-46,499131
Dados de teste 54;-23,255329;-45,943126
Dados de teste 55;0;0
Dados de teste 56;-22,517495;-44,706245
Dados de teste 57;0;0
Dados de teste 58;-23,229847;-45,910992
Dados de teste 59;0;0
Dados de teste 60;0;0
Dados de teste 61;-22,517676;-44,706509
Dados de teste 62;0;0
Dados de teste 63;0;0
Dados de teste 64;0;0
Dados de teste 65;-23,352545;-46,199804
Dados de teste 66;0;0
Dados de teste 67;-23,232042;-45,913545
Dados de teste 68;0;0
Dados de teste 69;0;0
Dados de teste 70;-23,106453;-45,697506
Dados de teste 71;0;0
Dados de teste 72;-23,232462;-45,914077
Dados de teste 73;0;0
Dados de teste 74;0;0
Dados de teste 75;0;0
Dados de teste 76;-23,229189;-45,90981
Dados de teste 77;0;0
Dados de teste 78;-23,224202;-45,90486
Dados de teste 79;-23,454599;-46,472801
Dados de teste 80;0;0
Dados de teste 81;-23,246224;-45,929024
Dados de teste 82;-23,352501;-46,181211
Dados de teste 83;-22,516671;-44,704745
Dados de teste 84;-23,270121;-45,966677
Dados de teste 85;-23,454672;-46,472622
Dados de teste 86;0;0
Dados de teste 87;-22,487499;-44,5508
Dados de teste 88;0;0
Dados de teste 89;0;0
Dados de teste 90;-23,106494;-45,697512
Dados de teste 91;-23,490877;-46,549706
Dados de teste 92;-23,4417;-46,443445
Dados de teste 93;-23,454901;-46,4744
Dados de teste 94;-23,229475;-45,910582
Dados de teste 95;0;0
Dados de teste 96;0;0
Dados de teste 97;0;0
Dados de teste 98;-23,49263;-46,552342
Dados de teste 99;-23,440954;-46,441788
Dados de teste 100;-23,272025;-45,969502
Dados de teste 101;-23,246239;-45,929025
Dados de teste 102;0;0
Dados de teste 103;0;0
Dados de teste 104;-22,516512;-44,704487
Dados de teste 105;0;0
Dados de teste 106;-23,208039;-45,886818
Dados de teste 107;0;0
Dados de teste 108;-23,497164;-46,558519
Dados de teste 109;0;0
Dados de teste 110;0;0
Dados de teste 111;-23,241488;-45,923777
Dados de teste 112;0;0
Dados de teste 113;-23,33191;-46,136544
Dados de teste 114;-23,442537;-46,441676
Dados de teste 115;-22,45735;-44,416179
Dados de teste 116;-22,494786;-44,570291
Dados de teste 117;-23,500153;-46,559686
Dados de teste 118;-22,4657;-44,491299
Dados de teste 119;0;0
Dados de teste 120;-22,4945;-44,56977
Dados de teste 121;-23,270738;-45,967635
Dados de teste 122;-22,488166;-44,552479
Dados de teste 123;0;0
Dados de teste 124;-22,495252;-44,569632
Dados de teste 125;-22,4949;-44,5705
Dados de teste 126;-23,271987;-45,96953
Dados de teste 127;0;0
Dados de teste 128;0;0
Dados de teste 129;0;0
Dados de teste 130;-23,441192;-46,44276
Dados de teste 131;-22,891615;-45,291057
Dados de teste 132;-22,518933;-44,708733
Dados de teste 133;-22,49507;-44,569162
Dados de teste 134;-22,487578;-44,5521
Dados de teste 135;0;0
Dados de teste 136;-22,488491;-44,552822
Dados de teste 137;-22,49444;-44,57019
Dados de teste 138;0;0
Dados de teste 139;-23,173203;-45,828071
Dados de teste 140;-22,51739;-44,705994
Dados de teste 141;-22,49507;-44,569162
Dados de teste 142;-23,167318;-45,815041
Dados de teste 143;0;0
Dados de teste 144;-23,352522;-46,19945
Dados de teste 145;0;0
Dados de teste 146;0;0
Dados de teste 147;-23,260292;-45,949258
Dados de teste 148;0;0
Dados de teste 149;0;0
Dados de teste 150;-22,466024;-44,499744
Dados de teste 151;-22,517108;-44,705497
Dados de teste 152;0;0
Dados de teste 153;0;0
Dados de teste 154;-23,22891;-45,910185
Dados de teste 155;0;0
Dados de teste 156;-22,4949;-44,5705
Dados de teste 157;-23,442299;-46,444387
Dados de teste 158;-22,51696;-44,705243
Dados de teste 159;-23,10677;-45,697957
Dados de teste 160;-23,441154;-46,4422
Dados de teste 161;-23,364382;-46,225516
Dados de teste 162;-22,930203;-45,36159
Dados de teste 163;0;0
Dados de teste 164;-23,469586;-46,512514
Dados de teste 165;0;0
Dados de teste 166;-23,241975;-45,924407
Dados de teste 167;-23,208071;-45,886872
Dados de teste 168;0;0
Dados de teste 169;-22,466499;-44,496799
Dados de teste 170;0;0
Dados de teste 171;-23,413799;-46,3615
Dados de teste 172;-23,234195;-45,915779
Dados de teste 173;-22,465599;-44,491299
Dados de teste 174;0;0
Dados de teste 175;0;0
Dados de teste 176;0;0
Dados de teste 177;0;0
Dados de teste 178;0;0
Dados de teste 179;0;0
Dados de teste 180;-23,471322;-46,517531
Dados de teste 181;0;0
Dados de teste 182;-22,891627;-45,291073
Dados de teste 183;-23,470933;-46,517197
Dados de teste 184;0;0
Dados de teste 185;0;0
Dados de teste 186;0;0
Dados de teste 187;0;0
Dados de teste 188;0;0
Dados de teste 189;0;0
Dados de teste 190;0;0
Dados de teste 191;-23,352503;-46,181209
Dados de teste 192;0;0
Dados de teste 193;-23,493712;-46,552227
Dados de teste 194;0;0
Dados de teste 195;0;0
Dados de teste 196;0;0
Dados de teste 197;-22,495252;-44,569632
Dados de teste 198;-22,495362;-44,570022
Dados de teste 199;-23,270419;-45,967137
Dados de teste 200;-22,49507;-44,569162
Dados de teste 201;-23,500439;-46,560642
Dados de teste 202;0;0
Dados de teste 203;0;0
Dados de teste 204;-23,231421;-45,912761
Dados de teste 205;-22,486956;-44,550963
Dados de teste 206;-23,352117;-46,181663
Dados de teste 207;0;0
Dados de teste 208;0;0
Dados de teste 209;-23,401663;-46,311185
Dados de teste 210;0;0
Dados de teste 211;-22,518651;-44,708222
Dados de teste 212;0;0
Dados de teste 213;0;0
Dados de teste 214;0;0
Dados de teste 215;-22,457186;-44,414307
Dados de teste 216;-23,249128;-45,933747
Dados de teste 217;-23,442365;-46,441929
Dados de teste 218;0;0
Dados de teste 219;0;0
Dados de teste 220;0;0
Dados de teste 221;-23,271338;-45,968587
Dados de teste 222;-23,246238;-45,929011
Dados de teste 223;-23,441299;-46,442699
Dados de teste 224;0;0
Dados de teste 225;-23,214899;-45,894798
Dados de teste 226;0;0
Dados de teste 227;-22,49507;-44,569162
Dados de teste 228;-23,27042;-45,967145
Dados de teste 229;0;0
Dados de teste 230;-23,44218;-46,444148
Dados de teste 231;-23,469678;-46,512806
Dados de teste 232;-22,891761;-45,291286
Dados de teste 233;0;0
Dados de teste 234;-23,259399;-45,9543
Dados de teste 235;0;0
Dados de teste 236;-22,494956;-44,568884
Dados de teste 237;-23,441168;-46,442195
Dados de teste 238;0;0
Dados de teste 239;0;0
Dados de teste 240;-22,487159;-44,551053
Dados de teste 241;-22,49435;-44,56976
Dados de teste 242;-22,516814;-44,704988
Dados de teste 243;0;0
Dados de teste 244;-22,4666;-44,496899
Dados de teste 245;-23,255337;-45,943112
Dados de teste 246;-22,49421;-44,56955
Dados de teste 247;-22,4953;-44,569794
Dados de teste 248;-23,428105;-46,410572
Dados de teste 249;-23,271351;-45,96859
Dados de teste 250;-22,518226;-44,707477
Dados de teste 251;0;0
Dados de teste 252;-23,442025;-46,443907
Dados de teste 253;-23,270742;-45,967615
Dados de teste 254;-23,454597;-46,473022
Dados de teste 255;-23,440903;-46,442008
Dados de teste 256;0;0
Dados de teste 257;0;0
Dados de teste 258;0;0
Dados de teste 259;-23,260583;-45,949967
Dados de teste 260;-23,24114;-45,923472
Dados de teste 261;0;0
Dados de teste 262;-23,401714;-46,311432
Dados de teste 263;-23,364144;-46,225079
Dados de teste 264;0;0
Dados de teste 265;0;0
Dados de teste 266;0;0
Dados de teste 267;-23,401543;-46,310429
Dados de teste 268;0;0
Dados de teste 269;-22,462151;-44,478904
Dados de teste 270;0;0
Dados de teste 271;-22,466309;-44,499478
Dados de teste 272;-23,246239;-45,929025
Dados de teste 273;-23,364391;-46,225514
Dados de teste 274;0;0
Dados de teste 275;0;0
Dados de teste 276;-23,271044;-45,968122
Dados de teste 277;-23,364271;-46,22526
Dados de teste 278;0;0
Dados de teste 279;0;0
Dados de teste 280;-23,352507;-46,181578
Dados de teste 281;-23,352456;-46,200786
Dados de teste 282;-23,401508;-46,310677
Dados de teste 283;0;0
Dados de teste 284;0;0
Dados de teste 285;-22,495362;-44,570022
Dados de teste 286;0;0
Dados de teste 287;-23,401478;-46,310199
Dados de teste 288;0;0
Dados de teste 289;-23,437307;-46,430947
Dados de teste 290;0;0
Dados de teste 291;-23,352239;-46,198818
Dados de teste 292;-23,401617;-46,310924
Dados de teste 293;0;0
Dados de teste 294;-23,364128;-46,225085
Dados de teste 295;0;0
Dados de teste 296;0;0
Dados de teste 297;-23,395158;-46,289781
Dados de teste 298;0;0
Dados de teste 299;0;0
Dados de teste 300;-23,333204;-46,13917
Dados de teste 301;0;0
Dados de teste 302;-23,260556;-45,949399
Dados de teste 303;0;0
Dados de teste 304;-23,465944;-46,501611
Dados de teste 305;0;0
Dados de teste 306;0;0
Dados de teste 307;0;0
Dados de teste 308;-23,400574;-46,306803
Dados de teste 309;-23,401793;-46,311919
Dados de teste 310;-23,401761;-46,311684
Dados de teste 311;0;0
Dados de teste 312;-23,401623;-46,310922
Dados de teste 313;0;0
Dados de teste 314;0;0
Dados de teste 315;-23,167465;-45,815302
Dados de teste 316;0;0
Dados de teste 317;0;0
Dados de teste 318;0;0
Dados de teste 319;0;0
Dados de teste 320;-23,39019;-46,279506
Dados de teste 321;-23,401474;-46,310174
Dados de teste 322;0;0
Dados de teste 323;-23,232462;-45,914077
Dados de teste 324;0;0
Dados de teste 325;-23,215401;-45,895401
Dados de teste 326;0;0
Dados de teste 327;0;0
Dados de teste 328;-23,246239;-45,929025
Dados de teste 329;-23,401661;-46,311185
Dados de teste 330;-23,166933;-45,815483
Dados de teste 331;0;0
Dados de teste 332;-23,17354;-45,82761
Dados de teste 333;0;0
Dados de teste 334;0;0
Dados de teste 335;0;0
Dados de teste 336;-23,40067;-46,307527
Dados de teste 337;-23,427713;-46,409654
Dados de teste 338;0;0
Dados de teste 339;0;0
Dados de teste 340;-22,457252;-44,41466
Dados de teste 341;-23,400646;-46,307145
Dados de teste 342;0;0
Dados de teste 343;0;0
Dados de teste 344;-22,51852;-44,707974
Dados de teste 345;-23,401535;-46,310443
Dados de teste 346;-23,35179;-46,199913
Dados de teste 347;-22,489008;-44,554121
Dados de teste 348;-23,401596;-46,310712
Dados de teste 349;-23,255591;-45,943525
Dados de teste 350;-23,442325;-46,442599
Dados de teste 351;-23,198002;-45,875881
Dados de teste 352;-22,487563;-44,551935
Dados de teste 353;-22,487321;-44,550916
Dados de teste 354;-23,332285;-46,137333
Dados de teste 355;-23,197337;-45,876329
Dados de teste 356;-23,401675;-46,311452
Dados de teste 357;0;0
Dados de teste 358;-23,442397;-46,442829
Dados de teste 359;-23,442257;-46,442105
Dados de teste 360;0;0
Dados de teste 361;0;0
Dados de teste 362;-23,526234;-46,588558
Dados de teste 363;-23,490744;-46,549725
Dados de teste 364;0;0
Dados de teste 365;0;0
Dados de teste 366;-23,246237;-45,929018
Dados de teste 367;0;0
Dados de teste 368;0;0
Dados de teste 369;0;0
Dados de teste 370;0;0
Dados de teste 371;-23,352268;-46,198807
Dados de teste 372;0;0
Dados de teste 373;0;0
Dados de teste 374;0;0
Dados de teste 375;0;0
Dados de teste 376;0;0
Dados de teste 377;0;0
Dados de teste 378;0;0
Dados de teste 379;0;0
Dados de teste 380;-23,215572;-46,894945
Dados de teste 381;-23,271679;-45,96908
Dados de teste 382;-22,517236;-44,705752
Dados de teste 383;-23,352498;-46,199471
Dados de teste 384;-22,517927;-44,707
Dados de teste 385;0;0
Dados de teste 386;-23,106633;-45,697742
Dados de teste 387;-22,494956;-44,568884
Dados de teste 388;-23,106615;-45,697737
Dados de teste 389;-22,930203;-45,36159
Dados de teste 390;-23,352542;-46,199799
Dados de teste 391;-22,4949;-44,5705
Dados de teste 392;0;0
Dados de teste 393;0;0
Dados de teste 394;0;0
Dados de teste 395;-22,487052;-44,551689
Dados de teste 396;0;0
Dados de teste 397;-23,471517;-46,517956
Dados de teste 398;0;0
Dados de teste 399;0;0
Dados de teste 400;-23,436707;-46,429931
Dados de teste 401;-23,352498;-46,181566
Dados de teste 402;-22,517817;-44,706715
Dados de teste 403;0;0
Dados de teste 404;0;0
Dados de teste 405;0;0
Dados de teste 406;-23,441443;-46,442348
Dados de teste 407;0;0
Dados de teste 408;-23,185801;-45,853901
Dados de teste 409;0;0
Dados de teste 410;-23,27105;-45,968111
Dados de teste 411;-22,486987;-44,551505
Dados de teste 412;-23,255337;-45,943112
Dados de teste 413;0;0
Dados de teste 414;0;0
Dados de teste 415;0;0
Dados de teste 416;-22,494956;-44,568884
Dados de teste 417;-23,442284;-46,442412
Dados de teste 418;0;0
Dados de teste 419;-22,494956;-44,568884
Dados de teste 420;0;0
Dados de teste 421;0;0
Dados de teste 422;0;0
Dados de teste 423;-23,246239;-45,929025
Dados de teste 424;-22,488837;-44,553468
Dados de teste 425;0;0
Dados de teste 426;-23,427995;-46,410293
Dados de teste 427;0;0
Dados de teste 428;-22,495252;-44,569632
Dados de teste 429;-23,427847;-46,409941
Dados de teste 430;-22,457389;-44,416389
Dados de teste 431;0;0
Dados de teste 432;-22,48798;-44,552341
Dados de teste 433;-23,470933;-46,517197
Dados de teste 434;-22,495362;-44,570022
Dados de teste 435;-22,495252;-44,569632
Dados de teste 436;-23,208263;-45,887147
Dados de teste 437;-23,441101;-46,442501
Dados de teste 438;0;0
Dados de teste 439;0;0
Dados de teste 440;0;0
Dados de teste 441;0;0
Dados de teste 442;-23,441367;-46,44266
Dados de teste 443;0;0
Dados de teste 444;0;0
Dados de teste 445;0;0
Dados de teste 446;0;0
Dados de teste 447;0;0
Dados de teste 448;0;0
Dados de teste 449;-22,457472;-44,417297
Dados de teste 450;-23,332951;-46,138633
Dados de teste 451;-23,440989;-46,442273
Dados de teste 452;0;0
Dados de teste 453;-22,518097;-44,707231
Dados de teste 454;0;0
Dados de teste 455;-23,454267;-46,472233
Dados de teste 456;-23,246239;-45,929025
Dados de teste 457;0;0
Dados de teste 458;0;0
Dados de teste 459;-23,246224;-45,929024
Dados de teste 460;-22,5188;-44,708449
Dados de teste 461;0;0
Dados de teste 462;-23,246239;-45,929025
Dados de teste 463;-23,442411;-46,444629
Dados de teste 464;-23,499819;-46,560764
Dados de teste 465;0;0
Dados de teste 466;0;0
Dados de teste 467;0;0
Dados de teste 468;0;0
Dados de teste 469;0;0
Dados de teste 470;-23,260099;-45,949902
Dados de teste 471;0;0
Dados de teste 472;0;0
Dados de teste 473;0;0
Dados de teste 474;-23,4547;-46,473099
Dados de teste 475;-22,487808;-44,551603
Dados de teste 476;0;0
Dados de teste 477;-23,255589;-45,943544
Dados de teste 478;-23,454564;-46,472358
Dados de teste 479;-23,334396;-46,141441
Dados de teste 480;0;0
Dados de teste 481;-23,454399;-46,472698
Dados de teste 482;-22,45732;-44,415772
Dados de teste 483;0;0
Dados de teste 484;-23,246224;-45,929024
Dados de teste 485;-22,48718;-44,551821
Dados de teste 486;-23,454806;-46,473522
Dados de teste 487;0;0
Dados de teste 488;-23,246238;-45,929011
Dados de teste 489;-23,226569;-45,907518
Dados de teste 490;0;0
Dados de teste 491;0;0
Dados de teste 492;-23,246239;-45,929025
Dados de teste 493;-23,255573;-45,943539
Dados de teste 494;-23,246239;-45,929025
Dados de teste 495;0;0
Dados de teste 496;-23,246237;-45,929018
Dados de teste 497;-22,457327;-44,415781
Dados de teste 498;0;0
Dados de teste 499;0;0
Dados de teste 500;-22,494786;-44,570291
Dados de teste 501;-23,255329;-45,943126
Dados de teste 502;-22,4944;-44,5692
Dados de teste 503;0;0
Dados de teste 504;-23,246224;-45,929024
Dados de teste 505;-23,454478;-46,472742
Dados de teste 506;-23,233685;-45,915295
Dados de teste 507;-22,488337;-44,552617
Dados de teste 508;-23,4548;-46,4729
Dados de teste 509;0;0
Dados de teste 510;-23,255329;-45,943126
Dados de teste 511;-23,246239;-45,929025
Dados de teste 512;0;0
Dados de teste 513;0;0
Dados de teste 514;-23,260829;-45,950113
Dados de teste 515;0;0
Dados de teste 516;-23,246239;-45,929025
Dados de teste 517;-23,454933;-46,473831
Dados de teste 518;0;0
Dados de teste 519;0;0
Dados de teste 520;0;0
Dados de teste 521;-22,488833;-44,553441
Dados de teste 522;-23,351814;-46,199901
Dados de teste 523;-23,197252;-45,876201
Dados de teste 524;-23,352011;-46,181125
Dados de teste 525;-23,173719;-45,827859
Dados de teste 526;-23,334262;-46,141201
Dados de teste 527;-23,260283;-45,949552
Dados de teste 528;-22,489018;-44,554119
Dados de teste 529;0;0
Dados de teste 530;-23,333344;-46,139395
Dados de teste 531;-23,4545;-46,472401
Dados de teste 532;-23,526015;-46,58841
Dados de teste 533;-23,455161;-46,474375
Dados de teste 534;0;0
Dados de teste 535;0;0
Dados de teste 536;-22,92952;-45,36087
Dados de teste 537;0;0
Dados de teste 538;0;0
Dados de teste 539;-22,494708;-44,570061
Dados de teste 540;0;0
Dados de teste 541;-23,469161;-46,511125
Dados de teste 542;-22,930203;-45,36159
Dados de teste 543;-23,332554;-46,137852
Dados de teste 544;0;0
Dados de teste 545;0;0
Dados de teste 546;-22,494708;-44,570061
Dados de teste 547;-23,490744;-46,549725
Dados de teste 548;0;0
Dados de teste 549;-23,455;-46,474602
Dados de teste 550;-22,93006;-45,36127
Dados de teste 551;0;0
Dados de teste 552;-22,49441;-44,56938
Dados de teste 553;-23,452;-46,473999
Dados de teste 554;0;0
Dados de teste 555;-23,234174;-45,915925
Dados de teste 556;-23,333478;-46,139654
Dados de teste 557;-23,331893;-46,136535
Dados de teste 558;-23,333723;-46,140154
Dados de teste 559;0;0
Dados de teste 560;-23,351815;-46,199881
Dados de teste 561;-23,352448;-46,200794
Dados de teste 562;-23,455017;-46,473433
Dados de teste 563;-23,43579;-46,427519
Dados de teste 564;-23,226569;-45,907518
Dados de teste 565;0;0
Dados de teste 566;-23,469761;-46,513075
Dados de teste 567;-23,332418;-46,137605
Dados de teste 568;0;0
Dados de teste 569;0;0
Dados de teste 570;-23,334174;-46,140985
Dados de teste 571;0;0
Dados de teste 572;0;0
Dados de teste 573;-23,455017;-46,473433
Dados de teste 574;-22,494786;-44,570291
Dados de teste 575;-23,351819;-46,199903
Dados de teste 576;-23,231421;-45,912761
Dados de teste 577;-22,494786;-44,570291
Dados de teste 578;-23,332153;-46,137083
Dados de teste 579;-23,226163;-45,907178
Dados de teste 580;-23,332807;-46,138367
Dados de teste 581;-22,930203;-45,36159
Dados de teste 582;-22,49441;-44,56938
Dados de teste 583;-23,35245;-46,200788
Dados de teste 584;-23,333617;-46,139918
Dados de teste 585;-23,469325;-46,511675
Dados de teste 586;-23,503939;-46,567364
Dados de teste 587;-23,471633;-46,518239
Dados de teste 588;-23,499414;-46,560291
Dados de teste 589;0;0
Dados de teste 590;0;0
Dados de teste 591;0;0
Dados de teste 592;-23,461872;-46,49035
Dados de teste 593;-23,490877;-46,549706
Dados de teste 594;-23,471872;-46,518711
Dados de teste 595;-23,461872;-46,49035
Dados de teste 596;0;0
Dados de teste 597;-23,461961;-46,490614
Dados de teste 598;-23,226163;-45,907178
Dados de teste 599;-23,461961;-46,490614
Dados de teste 600;-22,93041;-45,36185
Dados de teste 601;-23,462064;-46,490881
Dados de teste 602;0;0
Dados de teste 603;-23,462064;-46,490881
Dados de teste 604;-23,232625;-45,914268
Dados de teste 605;-23,234387;-45,916204
Dados de teste 606;-23,233087;-45,914583
Dados de teste 607;0;0
Dados de teste 608;-23,492764;-46,552543
Dados de teste 609;0;0
Dados de teste 610;-23,500331;-46,559875
Dados de teste 611;-23,461689;-46,489819
Dados de teste 612;-23,461689;-46,489819
Dados de teste 613;0;0
Dados de teste 614;-23,496481;-46,557503
Dados de teste 615;-23,242012;-45,924318
Dados de teste 616;-23,46984;-46,51244
Dados de teste 617;0;0
Dados de teste 618;-23,24114;-45,923472
Dados de teste 619;-23,462158;-46,491153
Dados de teste 620;-23,498089;-46,558447
Dados de teste 621;-23,462158;-46,491153
Dados de teste 622;-23,233015;-45,914377
Dados de teste 623;-23,23335;-45,91478
Dados de teste 624;0;0
Dados de teste 625;0;0
Dados de teste 626;0;0
Dados de teste 627;-23,233685;-45,915295
Dados de teste 628;-23,232625;-45,914268
Dados de teste 629;-23,503761;-46,567167
Dados de teste 630;-23,233468;-45,915007
Dados de teste 631;0;0
Dados de teste 632;0;0
Dados de teste 633;0;0
Dados de teste 634;-22,494708;-44,570061
Dados de teste 635;-23,469325;-46,511675
Dados de teste 636;0;0
Dados de teste 637;-23,23335;-45,91478
Dados de teste 638;-23,475756;-46,526124
Dados de teste 639;-23,232227;-45,913877
Dados de teste 640;0;0
Dados de teste 641;0;0
Dados de teste 642;0;0
Dados de teste 643;-23,437156;-46,431
Dados de teste 644;0;0
Dados de teste 645;-22,93041;-45,36185
Dados de teste 646;0;0
Dados de teste 647;-22,4944;-44,5692
Dados de teste 648;-23,497317;-46,558758
Dados de teste 649;0;0
Dados de teste 650;-22,49485;-44,56873
Dados de teste 651;-23,233087;-45,914583
Dados de teste 652;-22,4944;-44,5692
Dados de teste 653;-22,494059;-44,568653
Dados de teste 654;-23,469761;-46,513075
Dados de teste 655;-23,503222;-46,566403
Dados de teste 656;-23,503222;-46,566403
Dados de teste 657;-22,93041;-45,36185
Dados de teste 658;0;0
Dados de teste 659;-22,49441;-44,56938
Dados de teste 660;0;0
Dados de teste 661;0;0
Dados de teste 662;0;0
Dados de teste 663;0;0
Dados de teste 664;-22,49441;-44,56938
Dados de teste 665;-23,233015;-45,914377
Dados de teste 666;-23,469067;-46,510842
Dados de teste 667;-23,233468;-45,915007
Dados de teste 668;-23,232032;-45,913772
Dados de teste 669;0;0
Dados de teste 670;0;0
Dados de teste 671;0;0
Dados de teste 672;-23,437382;-46,431536
Dados de teste 673;0;0
Dados de teste 674;-22,4944;-44,5692
Dados de teste 675;-23,234387;-45,916204
Dados de teste 676;-23,471756;-46,518467
Dados de teste 677;-23,231548;-45,913118
Dados de teste 678;-23,503611;-46,566967
Dados de teste 679;0;0
Dados de teste 680;-23,224472;-45,905492
Dados de teste 681;-23,497539;-46,55905
Dados de teste 682;-23,234174;-45,915925
Dados de teste 683;-23,225978;-45,906903
Dados de teste 684;0;0
Dados de teste 685;-23,504117;-46,567619
Dados de teste 686;0;0
Dados de teste 687;0;0
Dados de teste 688;0;0
Dados de teste 689;0;0
Dados de teste 690;-23,49067;-46,549379
Dados de teste 691;0;0
Dados de teste 692;0;0
Dados de teste 693;0;0
Dados de teste 694;-23,233838;-45,915362
Dados de teste 695;0;0
Dados de teste 696;0;0
Dados de teste 697;0;0
Dados de teste 698;-23,352466;-46,200801
Dados de teste 699;0;0
Dados de teste 700;0;0
Dados de teste 701;0;0
Dados de teste 702;-23,333876;-46,140443
Dados de teste 703;-23,413799;-46,3615
Dados de teste 704;0;0
Dados de teste 705;-23,48477;-46,538429
Dados de teste 706;-23,503422;-46,566706
Dados de teste 707;0;0
Dados de teste 708;-23,4352;-46,426498
Dados de teste 709;0;0
Dados de teste 710;0;0
Dados de teste 711;0;0
Dados de teste 712;0;0
Dados de teste 713;0;0
Dados de teste 714;0;0
Dados de teste 715;0;0
Dados de teste 716;0;0
Dados de teste 717;0;0
Dados de teste 718;-23,471517;-46,517956
Dados de teste 719;-23,332695;-46,138092
Dados de teste 720;-23,496628;-46,557761
Dados de teste 721;0;0
Dados de teste 722;0;0
Dados de teste 723;-23,462792;-46,492817
Dados de teste 724;-23,498361;-46,560247
Dados de teste 725;-23,4135;-46,3617
Dados de teste 726;-23,224472;-45,905492
Dados de teste 727;-23,492973;-46,552031
Dados de teste 728;0;0
Dados de teste 729;-23,497722;-46,559242
Dados de teste 730;-23,231421;-45,912761
Dados de teste 731;0;0
Dados de teste 732;-23,437044;-46,430732
Dados de teste 733;-23,239548;-45,921613
Dados de teste 734;-23,476165;-46,525209
Dados de teste 735;-23,435586;-46,426897
Dados de teste 736;-23,493561;-46,55987
Dados de teste 737;-23,503761;-46,567167
Dados de teste 738;-23,224853;-45,905942
Dados de teste 739;-23,503422;-46,566706
Dados de teste 740;0;0
Dados de teste 741;-23,497101;-46,557999
Dados de teste 742;-23,504311;-46,567858
Dados de teste 743;0;0
Dados de teste 744;-23,242145;-45,924603
Dados de teste 745;-23,224678;-45,905712
Dados de teste 746;0;0
Dados de teste 747;-23,241548;-45,923767
Dados de teste 748;-23,414;-46,361198
Dados de teste 749;0;0
Dados de teste 750;-23,471081;-46,516961
Dados de teste 751;-23,492764;-46,552543
Dados de teste 752;0;0
Dados de teste 753;-23,23796;-45,92011
Dados de teste 754;-23,229083;-45,910335
Dados de teste 755;-23,241008;-45,923193
Dados de teste 756;-23,242324;-45,924723
Dados de teste 757;-23,436019;-46,428015
Dados de teste 758;0;0
Dados de teste 759;0;0
Dados de teste 760;-23,243227;-45,925695
Dados de teste 761;-23,228697;-45,909955
Dados de teste 762;-23,493253;-46,551765
Dados de teste 763;0;0
Dados de teste 764;0;0
Dados de teste 765;0;0
Dados de teste 766;-23,239678;-45,921735
Dados de teste 767;0;0
Dados de teste 768;-23,238117;-45,92027
Dados de teste 769;-23,457258;-46,478747
Dados de teste 770;0;0
Dados de teste 771;-23,241008;-45,923193
Dados de teste 772;0;0
Dados de teste 773;-23,231421;-45,912761
Dados de teste 774;0;0
Dados de teste 775;-23,2425;-45,924885
Dados de teste 776;-23,229847;-45,910992
Dados de teste 777;-23,231421;-45,912761
Dados de teste 778;-23,490525;-46,549387
Dados de teste 779;-23,496964;-46,558256
Dados de teste 780;-23,4629;-46,493094
Dados de teste 781;0;0
Dados de teste 782;-23,504311;-46,567858
Dados de teste 783;0;0
Dados de teste 784;-23,490744;-46,549725
Dados de teste 785;-23,504517;-46,568064
Dados de teste 786;-23,241488;-45,923777
Dados de teste 787;-23,49119;-46,549343
Dados de teste 788;-23,4629;-46,493094
Dados de teste 789;-23,493253;-46,551765
Dados de teste 790;-23,503611;-46,566967
Dados de teste 791;-23,239838;-45,921942
Dados de teste 792;0;0
Dados de teste 793;-23,23833;-45,92032
Dados de teste 794;-23,516623;-46,580141
Dados de teste 795;0;0
Dados de teste 796;0;0
Dados de teste 797;-23,23943;-45,921563
Dados de teste 798;0;0
Dados de teste 799;0;0
Dados de teste 800;-23,231421;-45,912761
Dados de teste 801;-23,516623;-46,580141
Dados de teste 802;0;0
Dados de teste 803;0;0
Dados de teste 804;0;0
Dados de teste 805;-23,435577;-46,427271
Dados de teste 806;0;0
Dados de teste 807;-23,229847;-45,910992
Dados de teste 808;-23,471197;-46,517236
Dados de teste 809;-23,238883;-45,920847
Dados de teste 810;0;0
Dados de teste 811;0;0
Dados de teste 812;-23,461781;-46,490083
Dados de teste 813;-23,435947;-46,427694
Dados de teste 814;-23,461781;-46,490083
Dados de teste 815;-23,516415;-46,579938
Dados de teste 816;-23,494247;-46,55435
Dados de teste 817;-23,241548;-45,923767
Dados de teste 818;0;0
Dados de teste 819;0;0
Dados de teste 820;-23,516415;-46,579938
Dados de teste 821;-23,254641;-45,942982
Dados de teste 822;0;0
Dados de teste 823;-23,491225;-46,549431
Dados de teste 824;0;0
Dados de teste 825;-23,503939;-46,567364
Dados de teste 826;-23,504517;-46,568064
Dados de teste 827;-23,457544;-46,478831
Dados de teste 828;-23,496092;-46,558664
Dados de teste 829;0;0
Dados de teste 830;0;0
Dados de teste 831;0;0
Dados de teste 832;-23,459125;-46,482608
Dados de teste 833;-23,229475;-45,910582
Dados de teste 834;-23,232042;-45,913545
Dados de teste 835;-23,471081;-46,516961
Dados de teste 836;0;0
Dados de teste 837;0;0
Dados de teste 838;0;0
Dados de teste 839;-23,229847;-45,910992
Dados de teste 840;-23,238492;-45,920608
Dados de teste 841;-23,49263;-46,552342
Dados de teste 842;-23,457431;-46,478581
Dados de teste 843;0;0
Dados de teste 844;-23,231548;-45,913118
Dados de teste 845;-23,495906;-46,558853
Dados de teste 846;-23,495633;-46,559028
Dados de teste 847;0;0
Dados de teste 848;0;0
Dados de teste 849;0;0
Dados de teste 850;-23,500261;-46,560786
Dados de teste 851;0;0
Dados de teste 852;-23,471322;-46,517531
Dados de teste 853;0;0
Dados de teste 854;-23,457486;-46,479292
Dados de teste 855;-23,242012;-45,924318
Dados de teste 856;-23,499897;-46,559583
Dados de teste 857;-23,457378;-46,479017
Dados de teste 858;-23,457258;-46,478747
Dados de teste 859;0;0
Dados de teste 860;-23,436846;-46,429885
Dados de teste 861;0;0
Dados de teste 862;-23,437269;-46,431268
Dados de teste 863;-23,495339;-46,559122
Dados de teste 864;0;0
Dados de teste 865;-23,490877;-46,549706
Dados de teste 866;-23,471197;-46,517236
Dados de teste 867;-23,229083;-45,910335
Dados de teste 868;-23,495081;-46,55915
Dados de teste 869;0;0
Dados de teste 870;-23,497947;-46,558242
Dados de teste 871;-23,241008;-45,923193
Dados de teste 872;-23,471756;-46,518467
Dados de teste 873;0;0
Dados de teste 874;0;0
Dados de teste 875;-23,494825;-46,559147
Dados de teste 876;-23,500869;-46,560822
Dados de teste 877;-23,228697;-45,909955
Dados de teste 878;0;0
Dados de teste 879;-23,22891;-45,910185
Dados de teste 880;0;0
Dados de teste 881;-23,472006;-46,518983
Dados de teste 882;-23,472006;-46,518983
Dados de teste 883;-23,494422;-46,554625
Dados de teste 884;-23,456461;-46,476889
Dados de teste 885;-23,461663;-46,49042
Dados de teste 886;0;0
Dados de teste 887;-23,461663;-46,49042
Dados de teste 888;-23,436034;-46,428328
Dados de teste 889;-23,4946;-46,554863
Dados de teste 890;-23,435354;-46,426739
Dados de teste 891;-23,435921;-46,428061
Dados de teste 892;-23,494767;-46,555089
Dados de teste 893;-23,436595;-46,429664
Dados de teste 894;-23,494961;-46,555358
Dados de teste 895;0;0
Dados de teste 896;-23,435688;-46,427539
Dados de teste 897;0;0
Dados de teste 898;0;0
Dados de teste 899;-23,471872;-46,518711
Dados de teste 900;-23,46525;-46,499683
Dados de teste 901;-23,456811;-46,477689
Dados de teste 902;0;0
Dados de teste 903;-46,425499;-46,425499
Dados de teste 904;0;0
Dados de teste 905;-23,493097;-46,552728
Dados de teste 906;0;0
Dados de teste 907;-23,457378;-46,479017
Dados de teste 908;-23,457028;-46,478211
Dados de teste 909;-23,493258;-46,552998
Dados de teste 910;-23,493419;-46,553194
Dados de teste 911;-23,493569;-46,553422
Dados de teste 912;-23,495144;-46,555625
Dados de teste 913;0;0
Dados de teste 914;-23,458722;-46,482217
Dados de teste 915;0;0
Dados de teste 916;0;0
Dados de teste 917;-23,495311;-46,555864
Dados de teste 918;0;0
Dados de teste 919;-23,458825;-46,482475
Dados de teste 920;0;0
Dados de teste 921;-23,458614;-46,48195
Dados de teste 922;-23,456578;-46,477164
Dados de teste 923;0;0
Dados de teste 924;-23,435464;-46,427003
Dados de teste 925;-23,458614;-46,48195
Dados de teste 926;-23,495481;-46,556106
Dados de teste 927;0;0
Dados de teste 928;-23,495639;-46,556356
Dados de teste 929;-23,456578;-46,477164
Dados de teste 930;0;0
Dados de teste 931;-23,45715;-46,478478
Dados de teste 932;-23,498208;-46,560014
Dados de teste 933;-23,456811;-46,477689
Dados de teste 934;-23,456461;-46,476889
Dados de teste 935;0;0
Dados de teste 936;0;0
Dados de teste 937;0;0
Dados de teste 938;-23,457028;-46,478211
Dados de teste 939;-23,457486;-46,479292
Dados de teste 940;0;0
Dados de teste 941;-23,46525;-46,499683
Dados de teste 942;-23,496117;-46,557094
Dados de teste 943;-23,496233;-46,557356
Dados de teste 944;-23,241008;-45,923193
Dados de teste 945;0;0
Dados de teste 946;-23,456697;-46,477433
Dados de teste 947;-23,496347;-46,557867
Dados de teste 948;-23,496319;-46,558142
Dados de teste 949;-23,456919;-46,477956
Dados de teste 950;0;0
Dados de teste 951;0;0
Dados de teste 952;0;0
Dados de teste 953;-23,496231;-46,558422
Dados de teste 954;-23,495967;-46,556861
Dados de teste 955;-23,458825;-46,482475
Dados de teste 956;-23,527201;-46,589298
Dados de teste 957;0;0
Dados de teste 958;-23,471633;-46,518239
Dados de teste 959;-23,46176;-46,490711
Dados de teste 960;-23,46176;-46,490711
Dados de teste 961;-23,253418;-45,940679
Dados de teste 962;-23,253418;-45,940679
Dados de teste 963;-23,253418;-45,940679
Dados de teste 964;-23,253418;-45,940679
Dados de teste 965;-23,253418;-45,940679
Dados de teste 966;-23,253418;-45,940679
Dados de teste 967;-23,253418;-45,940679
Dados de teste 968;-23,2593;-45,951111
Dados de teste 969;-23,253418;-45,940679
Dados de teste 970;-23,253418;-45,940679
Dados de teste 971;-23,253418;-45,940679
Dados de teste 972;-23,253418;-45,940679
Dados de teste 973;-23,253418;-45,940679
Dados de teste 974;-23,253418;-45,940679
Dados de teste 975;-23,253418;-45,940679
Dados de teste 976;-23,253418;-45,940679
Dados de teste 977;-23,253418;-45,940679
Dados de teste 978;-23,253418;-45,940679
Dados de teste 979;-23,253418;-45,940679
Dados de teste 980;-23,253418;-45,940679
Dados de teste 981;-23,253418;-45,940679
Dados de teste 982;-23,253418;-45,940679
Dados de teste 983;-23,253418;-45,940679
Dados de teste 984;-23,253418;-45,940679
Dados de teste 985;-23,253418;-45,940679
Dados de teste 986;-23,253418;-45,940679
Dados de teste 987;0;0
Dados de teste 988;-23,253418;-45,940679
Dados de teste 989;0;0
Dados de teste 990;0;0
Dados de teste 991;0;0
Dados de teste 992;0;0
Dados de teste 993;0;0
Dados de teste 994;0;0
Dados de teste 995;0;0
Dados de teste 996;-23,253418;-45,940679
Dados de teste 997;0;0
Dados de teste 998;0;0
Dados de teste 999;-23,253418;-45,940679
Dados de teste 1000;-23,253418;-45,940679
Dados de teste 1001;0;0
Dados de teste 1002;0;0
Dados de teste 1003;0;0
Dados de teste 1004;-23,227475;-45,90857
Dados de teste 1005;0;0
Dados de teste 1006;0;0
Dados de teste 1007;0;0
Dados de teste 1008;0;0
Dados de teste 1009;-23,464372;-46,497231
Dados de teste 1010;0;0
Dados de teste 1011;0;0
Dados de teste 1012;0;0
Dados de teste 1013;0;0
Dados de teste 1014;0;0
Dados de teste 1015;0;0
Dados de teste 1016;-22,750286;-45,106026
Dados de teste 1017;-22,750797;-45,105466
Dados de teste 1018;-22,843697;-45,225014
Dados de teste 1019;0;0
Dados de teste 1020;0;0
Dados de teste 1021;-23,043013;-45,577382
Dados de teste 1022;0;0
Dados de teste 1023;-23,232227;-45,913877
Dados de teste 1024;-22,92727;-45,35534
Dados de teste 1025;0;0
Dados de teste 1026;-23,467725;-46,507239
Dados de teste 1027;0;0
Dados de teste 1028;-23,40335;-46,332091
Dados de teste 1029;0;0
Dados de teste 1030;-23,228295;-45,909402
Dados de teste 1031;0;0
Dados de teste 1032;-23,464658;-46,498047
Dados de teste 1033;0;0
Dados de teste 1034;0;0
Dados de teste 1035;-22,516254;-44,70402
Dados de teste 1036;-22,750448;-45,105661
Dados de teste 1037;0;0
Dados de teste 1038;0;0
Dados de teste 1039;-23,2279;-45,908901
Dados de teste 1040;0;0
Dados de teste 1041;0;0
Dados de teste 1042;-23,226999;-45,908001
Dados de teste 1043;-23,227637;-45,908752
Dados de teste 1044;-23,4646;-46,497601
Dados de teste 1045;-22,9567;-45,414
Dados de teste 1046;-23,402773;-46,331907
Dados de teste 1047;-23,403607;-46,331646
Dados de teste 1048;0;0
Dados de teste 1049;0;0
Dados de teste 1050;0;0
Dados de teste 1051;-23,40219;-46,328864
Dados de teste 1052;-23,464469;-46,497503
Dados de teste 1053;0;0
Dados de teste 1054;-23,225433;-45,906355
Dados de teste 1055;-23,186227;-45,85274
Dados de teste 1056;-23,227637;-45,908752
Dados de teste 1057;0;0
Dados de teste 1058;-23,464761;-46,498319
Dados de teste 1059;0;0
Dados de teste 1060;-23,402359;-46,328637
Dados de teste 1061;-23,403466;-46,331844
Dados de teste 1062;0;0
Dados de teste 1063;-22,750296;-45,106032
Dados de teste 1064;0;0
Dados de teste 1065;0;0
Dados de teste 1066;0;0
Dados de teste 1067;-23,464272;-46,496967
Dados de teste 1068;0;0
Dados de teste 1069;-22,750434;-45,105658
Dados de teste 1070;-23,402144;-46,329171
Dados de teste 1071;-23,402344;-46,328668
Dados de teste 1072;-23,467906;-46,507811
Dados de teste 1073;0;0
Dados de teste 1074;0;0
Dados de teste 1075;-23,467428;-46,506389
Dados de teste 1076;0;0
Dados de teste 1077;-22,516123;-44,703778
Dados de teste 1078;-22,822294;-45,192718
Dados de teste 1079;-23,402557;-46,331657
Dados de teste 1080;-23,227868;-45,90898
Dados de teste 1081;-22,779642;-45,148429
Dados de teste 1082;-23,402764;-46,331305
Dados de teste 1083;-22,750624;-45,105553
Dados de teste 1084;-22,75063;-45,105549
Dados de teste 1085;-23,402328;-46,331508
Dados de teste 1086;0;0
Dados de teste 1087;0;0
Dados de teste 1088;-23,467231;-46,505833
Dados de teste 1089;0;0
Dados de teste 1090;0;0
Dados de teste 1091;0;0
Dados de teste 1092;0;0
Dados de teste 1093;-23,352289;-46,198816
Dados de teste 1094;-23,02386;-45,53808
Dados de teste 1095;-23,401024;-46,306913
Dados de teste 1096;-23,227637;-45,909638
Dados de teste 1097;-22,93004;-45,3614
Dados de teste 1098;-23,2285;-45,909801
Dados de teste 1099;-22,457008;-44,410022
Dados de teste 1100;0;0
Dados de teste 1101;-22,515978;-44,703516
Dados de teste 1102;-22,927385;-45,35556
Dados de teste 1103;-23,402776;-46,331875
Dados de teste 1104;-22,750452;-45,105658
Dados de teste 1105;-23,390333;-46,2787
Dados de teste 1106;-22,750809;-45,105444
Dados de teste 1107;-23,402183;-46,328865
Dados de teste 1108;0;0
Dados de teste 1109;0;0
Dados de teste 1110;0;0
Dados de teste 1111;0;0
Dados de teste 1112;-23,04289;-45,5771
Dados de teste 1113;-23,467331;-46,506122
Dados de teste 1114;-23,228088;-45,909172
Dados de teste 1115;-23,225033;-45,90596
Dados de teste 1116;0;0
Dados de teste 1117;-22,92919;-45,3597
Dados de teste 1118;-23,352291;-46,198815
Dados de teste 1119;-23,402142;-46,329192
Dados de teste 1120;0;0
Dados de teste 1121;-23,224988;-45,908088
Dados de teste 1122;0;0
Dados de teste 1123;-23,401189;-46,307665
Dados de teste 1124;-23,227475;-45,90857
Dados de teste 1125;0;0
Dados de teste 1126;-22,779494;-45,14857
Dados de teste 1127;-23,2269;-45,9081
Dados de teste 1128;-23,227475;-45,90857
Dados de teste 1129;-23,186539;-45,852461
Dados de teste 1130;-23,225433;-45,906355
Dados de teste 1131;0;0
Dados de teste 1132;-22,92967;-45,36059
Dados de teste 1133;-23,248301;-45,932899
Dados de teste 1134;-23,227873;-45,90893
Dados de teste 1135;0;0
Dados de teste 1136;-23,227475;-45,90857
Dados de teste 1137;-23,04335;-45,57733
Dados de teste 1138;-23,364453;-46,224956
Dados de teste 1139;-23,464561;-46,497786
Dados de teste 1140;0;0
Dados de teste 1141;-23,402144;-46,329177
Dados de teste 1142;-22,750787;-45,105466
Dados de teste 1143;-23,043013;-45,577382
Dados de teste 1144;-23,233817;-45,914955
Dados de teste 1145;-22,782822;-45,150028
Dados de teste 1146;-22,9567;-45,414
Dados de teste 1147;0;0
Dados de teste 1148;-23,02386;-45,53808
Dados de teste 1149;-22,537408;-44,194296
Dados de teste 1150;-22,95716;-45,41382
Dados de teste 1151;0;0
Dados de teste 1152;-23,4629;-46,499802
Dados de teste 1153;-23,234358;-45,915212
Dados de teste 1154;0;0
Dados de teste 1155;-22,672501;-43,818001
Dados de teste 1156;-23,466353;-46,503358
Dados de teste 1157;-22,822288;-45,192697
Dados de teste 1158;-23,402136;-46,329138
Dados de teste 1159;-22,843607;-45,225057
Dados de teste 1160;-22,92967;-45,36059
Dados de teste 1161;-22,780055;-45,147919
Dados de teste 1162;-23,225033;-45,90596
Dados de teste 1163;-23,186296;-45,852521
Dados de teste 1164;0;0
Dados de teste 1165;0;0
Dados de teste 1166;-23,225212;-45,90857
Dados de teste 1167;-23,25345;-45,94124
Dados de teste 1168;0;0
Dados de teste 1169;-23,402642;-46,33155
Dados de teste 1170;0;0
Dados de teste 1171;-22,93004;-45,3614
Dados de teste 1172;-23,253868;-45,941887
Dados de teste 1173;-23,24575;-45,929313
Dados de teste 1174;-22,822261;-45,192699
Dados de teste 1175;-22,7514;-45,1059
Dados de teste 1176;-23,252342;-45,939327
Dados de teste 1177;-23,464956;-46,498856
Dados de teste 1178;0;0
Dados de teste 1179;-22,929564;-45,36027
Dados de teste 1180;-22,456979;-44,409722
Dados de teste 1181;-22,67351;-43,81757
Dados de teste 1182;-22,929564;-45,36027
Dados de teste 1183;0;0
Dados de teste 1184;-22,750156;-45,105577
Dados de teste 1185;-23,249201;-45,933498
Dados de teste 1186;0;0
Dados de teste 1187;0;0
Dados de teste 1188;-22,95403;-45,4099
Dados de teste 1189;-23,22451;-45,905023
Dados de teste 1190;0;0
Dados de teste 1191;-23,224223;-45,90479
Dados de teste 1192;0;0
Dados de teste 1193;-23,403304;-46,328022
Dados de teste 1194;0;0
Dados de teste 1195;-22,930298;-45,360162
Dados de teste 1196;-22,95356;-45,4103
Dados de teste 1197;-23,402176;-46,328863
Dados de teste 1198;-22,843727;-45,224958
Dados de teste 1199;-23,467331;-46,506122
Dados de teste 1200;-23,234245;-45,906147
Dados de teste 1201;-22,95431;-45,4098
Dados de teste 1202;-23,404454;-46,330763
Dados de teste 1203;-23,404273;-46,329741
Dados de teste 1204;-22,457172;-44,412659
Dados de teste 1205;-23,390428;-46,27928
Dados de teste 1206;0;0
Dados de teste 1207;-22,92917;-45,35912
Dados de teste 1208;-23,223602;-45,905198
Dados de teste 1209;-23,252342;-45,915407
Dados de teste 1210;-23,404956;-46,332212
Dados de teste 1211;0;0
Dados de teste 1212;0;0
Dados de teste 1213;-23,224223;-45,90479
Dados de teste 1214;-23,407415;-46,337288
Dados de teste 1215;0;0
Dados de teste 1216;-23,40487;-46,331534
Dados de teste 1217;-23,407294;-46,337037
Dados de teste 1218;0;0
Dados de teste 1219;-22,92967;-45,36059
Dados de teste 1220;-23,24639;-45,930013
Dados de teste 1221;-22,930298;-45,360162
Dados de teste 1222;-22,95382;-45,41009
Dados de teste 1223;-23,249001;-45,932899
Dados de teste 1224;-23,252497;-45,939327
Dados de teste 1225;-23,4048;-46,331501
Dados de teste 1226;-23,22451;-45,905023
Dados de teste 1227;-22,95491;-45,40946
Dados de teste 1228;-23,2484;-45,933399
Dados de teste 1229;-22,750618;-45,105553
Dados de teste 1230;-22,53707;-44,19464
Dados de teste 1231;-23,22512;-45,906355
Dados de teste 1232;0;0
Dados de teste 1233;-23,234212;-45,915427
Dados de teste 1234;-23,406663;-46,336077
Dados de teste 1235;-23,406518;-46,335783
Dados de teste 1236;-23,252497;-45,904667
Dados de teste 1237;-22,750053;-45,105613
Dados de teste 1238;-22,93004;-45,3614
Dados de teste 1239;-23,407131;-46,336801
Dados de teste 1240;-23,404758;-46,330546
Dados de teste 1241;-23,404788;-46,331203
Dados de teste 1242;-23,249113;-45,906147
Dados de teste 1243;-23,404754;-46,332338
Dados de teste 1244;-22,95449;-45,40965
Dados de teste 1245;-23,106776;-45,697977
Dados de teste 1246;0;0
Dados de teste 1247;0;0
Dados de teste 1248;0;0
Dados de teste 1249;0;0
Dados de teste 1250;-22,92967;-45,36059
Dados de teste 1251;-23,404528;-46,332397
Dados de teste 1252;0;0
Dados de teste 1253;-23,402249;-46,330458
Dados de teste 1254;-23,224858;-45,906522
Dados de teste 1255;-23,252612;-45,939685
Dados de teste 1256;0;0
Dados de teste 1257;-23,2486;-45,9338
Dados de teste 1258;-23,243302;-45,926024
Dados de teste 1259;-22,930436;-45,360402
Dados de teste 1260;-22,929564;-45,36027
Dados de teste 1261;-23,404253;-46,329718
Dados de teste 1262;-23,402727;-46,328081
Dados de teste 1263;0;0
Dados de teste 1264;0;0
Dados de teste 1265;-22,675301;-43,8172
Dados de teste 1266;-22,5375;-44,173
Dados de teste 1267;-22,92988;-45,36121
Dados de teste 1268;0;0
Dados de teste 1269;-22,457264;-44,413526
Dados de teste 1270;-23,404467;-46,330746
Dados de teste 1271;0;0
Dados de teste 1272;-23,404693;-46,330876
Dados de teste 1273;0;0
Dados de teste 1274;-22,67202;-43,81804
Dados de teste 1275;-22,749948;-45,105385
Dados de teste 1276;-22,93004;-45,3614
Dados de teste 1277;-23,243822;-45,926363
Dados de teste 1278;0;0
Dados de teste 1279;-22,457432;-44,4167
Dados de teste 1280;0;0
Dados de teste 1281;-23,40257;-46,328337
Dados de teste 1282;-22,457022;-44,410295
Dados de teste 1283;-22,92986;-45,36088
Dados de teste 1284;0;0
Dados de teste 1285;-23,252612;-45,90596
Dados de teste 1286;-23,404702;-46,330864
Dados de teste 1287;0;0
Dados de teste 1288;-23,404499;-46,329794
Dados de teste 1289;0;0
Dados de teste 1290;-23,404957;-46,331866
Dados de teste 1291;-23,254245;-45,942648
Dados de teste 1292;-23,404257;-46,329728
Dados de teste 1293;-22,95335;-45,41038
Dados de teste 1294;-23,501587;-46,565008
Dados de teste 1295;-23,24639;-45,930013
Dados de teste 1296;-22,92978;-45,36092
Dados de teste 1297;-23,504432;-46,568815
Dados de teste 1298;-22,93073;-45,360988
Dados de teste 1299;-23,442284;-46,441845
Dados de teste 1300;-22,457248;-44,413243
Dados de teste 1301;-22,92968;-45,36078
Dados de teste 1302;-23,244263;-45,927122
Dados de teste 1303;0;0
Dados de teste 1304;-23,40494;-46,33185
Dados de teste 1305;-23,29724;-46,00773
Dados de teste 1306;0;0
Dados de teste 1307;-22,93004;-45,3614
Dados de teste 1308;-23,244928;-45,928088
Dados de teste 1309;-23,404778;-46,331219
Dados de teste 1310;-22,456923;-44,409161
Dados de teste 1311;0;0
Dados de teste 1312;-23,429479;-46,412445
Dados de teste 1313;-22,93073;-45,360988
Dados de teste 1314;-23,243762;-45,926515
Dados de teste 1315;-22,457113;-44,411476
Dados de teste 1316;-23,227475;-45,909402
Dados de teste 1317;-22,457141;-44,412369
Dados de teste 1318;-22,456841;-44,408579
Dados de teste 1319;-22,538208;-44,193724
Dados de teste 1320;-22,929564;-45,36027
Dados de teste 1321;-23,244813;-45,927826
Dados de teste 1322;-23,406996;-46,336594
Dados de teste 1323;0;0
Dados de teste 1324;0;0
Dados de teste 1325;-23,224753;-45,906355
Dados de teste 1326;-23,2961;-46,00616
Dados de teste 1327;0;0
Dados de teste 1328;0;0
Dados de teste 1329;-23,404759;-46,33234
Dados de teste 1330;-23,29678;-46,00684
Dados de teste 1331;-22,488998;-44,554353
Dados de teste 1332;-22,5294;-44,745155
Dados de teste 1333;-22,489207;-44,555608
Dados de teste 1334;-22,67391;-43,81752
Dados de teste 1335;-23,406903;-46,336404
Dados de teste 1336;0;0
Dados de teste 1337;0;0
Dados de teste 1338;0;0
Dados de teste 1339;-23,243818;-45,926635
Dados de teste 1340;-22,529239;-44,744561
Dados de teste 1341;0;0
Dados de teste 1342;0;0
Dados de teste 1343;-22,6763;-43,816502
Dados de teste 1344;-22,66631;-43,81932
Dados de teste 1345;0;0
Dados de teste 1346;0;0
Dados de teste 1347;0;0
Dados de teste 1348;0;0
Dados de teste 1349;-22,454158;-44,302663
Dados de teste 1350;-23,29724;-46,00773
Dados de teste 1351;0;0
Dados de teste 1352;-22,6668;-43,8186
Dados de teste 1353;-23,2965;-46,00652
Dados de teste 1354;-23,059285;-45,619766
Dados de teste 1355;-22,528869;-44,743557
Dados de teste 1356;0;0
Dados de teste 1357;-22,45686;-44,408288
Dados de teste 1358;-22,67677;-43,81623
Dados de teste 1359;-22,48929;-44,55578
Dados de teste 1360;0;0
Dados de teste 1361;-23,245988;-45,928173
Dados de teste 1362;0;0
Dados de teste 1363;-23,402723;-46,327574
Dados de teste 1364;-22,52948;-44,74602
Dados de teste 1365;-22,67166;-43,81817
Dados de teste 1366;-22,66462;-43,82365
Dados de teste 1367;-23,253799;-45,941526
Dados de teste 1368;0;0
Dados de teste 1369;0;0
Dados de teste 1370;0;0
Dados de teste 1371;0;0
Dados de teste 1372;-23,243463;-45,925827
Dados de teste 1373;0;0
Dados de teste 1374;-22,6656;-43,8223
Dados de teste 1375;-22,529344;-44,744788
Dados de teste 1376;-22,489058;-44,554796
Dados de teste 1377;-22,492223;-44,563834
Dados de teste 1378;0;0
Dados de teste 1379;-22,667302;-43,842582
Dados de teste 1380;-23,296249;-46,007979
Dados de teste 1381;-22,66846;-43,81799
Dados de teste 1382;-23,245573;-45,929233
Dados de teste 1383;0;0
Dados de teste 1384;-23,29678;-46,00684
Dados de teste 1385;0;0
Dados de teste 1386;0;0
Dados de teste 1387;0;0
Dados de teste 1388;-22,93082;-45,36146
Dados de teste 1389;-23,24275;-45,925264
Dados de teste 1390;0;0
Dados de teste 1391;0;0
Dados de teste 1392;0;0
Dados de teste 1393;0;0
Dados de teste 1394;-22,67703;-43,81594
Dados de teste 1395;-22,677299;-43,815601
Dados de teste 1396;0;0
Dados de teste 1397;-22,669001;-43,818001
Dados de teste 1398;0;0
Dados de teste 1399;0;0
Dados de teste 1400;-22,67987;-43,81375
Dados de teste 1401;0;0
Dados de teste 1402;-22,489385;-44,555913
Dados de teste 1403;-23,244817;-45,92757
Dados de teste 1404;-22,6657;-43,82219
Dados de teste 1405;0;0
Dados de teste 1406;-22,66486;-43,82333
Dados de teste 1407;-22,6731;-43,817699
Dados de teste 1408;0;0
Dados de teste 1409;-22,930298;-45,360162
Dados de teste 1410;0;0
Dados de teste 1411;-23,402098;-46,330765
Dados de teste 1412;0;0
Dados de teste 1413;0;0
Dados de teste 1414;0;0
Dados de teste 1415;0;0
Dados de teste 1416;0;0
Dados de teste 1417;0;0
Dados de teste 1418;0;0
Dados de teste 1419;-22,66926;-43,81807
Dados de teste 1420;-22,674299;-43,817402
Dados de teste 1421;0;0
Dados de teste 1422;-23,29713;-46,00743
Dados de teste 1423;-23,467992;-46,508094
Dados de teste 1424;0;0
Dados de teste 1425;-23,29713;-46,00743
Dados de teste 1426;0;0
Dados de teste 1427;-23,29678;-46,00684
Dados de teste 1428;0;0
Dados de teste 1429;0;0
Dados de teste 1430;0;0
Dados de teste 1431;-23,29713;-46,00743
Dados de teste 1432;-22,6762;-43,81691
Dados de teste 1433;0;0
Dados de teste 1434;-23,2965;-46,00652
Dados de teste 1435;0;0
Dados de teste 1436;0;0
Dados de teste 1437;0;0
Dados de teste 1438;-23,29678;-46,00684
Dados de teste 1439;0;0
Dados de teste 1440;0;0
Dados de teste 1441;-22,780552;-45,147407
Dados de teste 1442;0;0
Dados de teste 1443;-23,502309;-46,564468
Dados de teste 1444;-22,67582;-43,81711
Dados de teste 1445;0;0
Dados de teste 1446;-23,29724;-46,00773
Dados de teste 1447;-22,66875;-43,81798
Dados de teste 1448;0;0
Dados de teste 1449;-22,822271;-45,192673
Dados de teste 1450;0;0
Dados de teste 1451;-23,467906;-46,507811
Dados de teste 1452;-23,29724;-46,00773
Dados de teste 1453;-22,669701;-43,818001
Dados de teste 1454;0;0
Dados de teste 1455;-23,233999;-45,9146
Dados de teste 1456;-23,29713;-46,00743
Dados de teste 1457;0;0
Dados de teste 1458;0;0
Dados de teste 1459;0;0
Dados de teste 1460;-22,6726;-43,817799
Dados de teste 1461;-23,464272;-46,496967
Dados de teste 1462;-22,66649;-43,81903
Dados de teste 1463;-22,679501;-43,813801
Dados de teste 1464;0;0
Dados de teste 1465;0;0
Dados de teste 1466;0;0
Dados de teste 1467;-23,40225;-46,330428
Dados de teste 1468;-22,930298;-45,360162
Dados de teste 1469;-23,29724;-46,00773
Dados de teste 1470;0;0
Dados de teste 1471;-23,503344;-46,567433
Dados de teste 1472;0;0
Dados de teste 1473;0;0
Dados de teste 1474;0;0
Dados de teste 1475;-22,750182;-45,105567
Dados de teste 1476;0;0
Dados de teste 1477;0;0
Dados de teste 1478;0;0
Dados de teste 1479;-22,529395;-44,746386
Dados de teste 1480;-23,227375;-45,909172
Dados de teste 1481;0;0
Dados de teste 1482;-22,843727;-45,224958
Dados de teste 1483;-22,783094;-45,149777
Dados de teste 1484;-23,50426;-46,56853
Dados de teste 1485;-23,364324;-46,224747
Dados de teste 1486;-23,30443;-46,033306
Dados de teste 1487;-23,05918;-45,619521
Dados de teste 1488;-23,404749;-46,33054
Dados de teste 1489;0;0
Dados de teste 1490;-23,468144;-46,508606
Dados de teste 1491;0;0
Dados de teste 1492;0;0
Dados de teste 1493;0;0
Dados de teste 1494;-23,442505;-46,44145
Dados de teste 1495;-22,66548;-43,8226
Dados de teste 1496;-23,501859;-46,565376
Dados de teste 1497;0;0
Dados de teste 1498;0;0
Dados de teste 1499;-22,529076;-44,744204
Dados de teste 1500;0;0
Dados de teste 1501;-22,692795;-43,78247
Dados de teste 1502;-22,891908;-45,291477
Dados de teste 1503;-23,442233;-46,441382
Dados de teste 1504;0;0
Dados de teste 1505;-23,429055;-46,411307
Dados de teste 1506;0;0
Dados de teste 1507;-23,40179;-46,311938
Dados de teste 1508;-22,669701;-43,818001
Dados de teste 1509;-23,060356;-45,621471
Dados de teste 1510;-22,69225;-43,78353
Dados de teste 1511;0;0
Dados de teste 1512;-23,441948;-46,441502
Dados de teste 1513;0;0
Dados de teste 1514;-23,060706;-45,622681
Dados de teste 1515;-23,465153;-46,499403
Dados de teste 1516;-23,29713;-46,00743
Dados de teste 1517;0;0
Dados de teste 1518;0;0
Dados de teste 1519;0;0
Dados de teste 1520;-23,404256;-46,329734
Dados de teste 1521;-23,407876;-46,338057
Dados de teste 1522;-23,243948;-45,926667
Dados de teste 1523;0;0
Dados de teste 1524;-23,2965;-46,00652
Dados de teste 1525;-23,408294;-46,33876
Dados de teste 1526;0;0
Dados de teste 1527;-23,296826;-46,008714
Dados de teste 1528;0;0
Dados de teste 1529;-23,060056;-45,62097
Dados de teste 1530;0;0
Dados de teste 1531;0;0
Dados de teste 1532;0;0
Dados de teste 1533;0;0
Dados de teste 1534;-22,930298;-45,360162
Dados de teste 1535;0;0
Dados de teste 1536;0;0
Dados de teste 1537;-23,442025;-46,441739
Dados de teste 1538;0;0
Dados de teste 1539;-23,2961;-46,00616
Dados de teste 1540;-23,408424;-46,339159
Dados de teste 1541;0;0
Dados de teste 1542;0;0
Dados de teste 1543;0;0
Dados de teste 1544;-22,6751;-43,8172
Dados de teste 1545;-23,429243;-46,411738
Dados de teste 1546;0;0
Dados de teste 1547;0;0
Dados de teste 1548;-23,40984;-46,343337
Dados de teste 1549;-23,408335;-46,338528
Dados de teste 1550;0;0
Dados de teste 1551;-23,442117;-46,442033
Dados de teste 1552;0;0
Dados de teste 1553;0;0
Dados de teste 1554;-23,40822;-46,338408
Dados de teste 1555;0;0
Dados de teste 1556;0;0
Dados de teste 1557;-23,05991;-45,620668
Dados de teste 1558;0;0
Dados de teste 1559;-23,06005;-45,620974
Dados de teste 1560;-23,32459;-46,12191
Dados de teste 1561;-22,750027;-45,10561
Dados de teste 1562;-23,24575;-45,929313
Dados de teste 1563;-23,25345;-45,94124
Dados de teste 1564;0;0
Dados de teste 1565;0;0
Dados de teste 1566;0;0
Dados de teste 1567;-23,243948;-45,926667
Dados de teste 1568;-23,409717;-46,342972
Dados de teste 1569;-23,429129;-46,411514
Dados de teste 1570;0;0
Dados de teste 1571;-22,93082;-45,36123
Dados de teste 1572;-22,750154;-45,105575
Dados de teste 1573;-23,5043;-46,568668
Dados de teste 1574;0;0
Dados de teste 1575;-23,401839;-46,312192
Dados de teste 1576;0;0
Dados de teste 1577;0;0
Dados de teste 1578;0;0
Dados de teste 1579;0;0
Dados de teste 1580;0;0
Dados de teste 1581;-22,666576;-43,850246
Dados de teste 1582;0;0
Dados de teste 1583;0;0
Dados de teste 1584;0;0
Dados de teste 1585;0;0
Dados de teste 1586;-23,32198;-46,1117
Dados de teste 1587;0;0
Dados de teste 1588;0;0
Dados de teste 1589;0;0
Dados de teste 1590;-23,401425;-46,311223
Dados de teste 1591;0;0
Dados de teste 1592;-23,407739;-46,337806
Dados de teste 1593;0;0
Dados de teste 1594;0;0
Dados de teste 1595;0;0
Dados de teste 1596;-23,390596;-46,279222
Dados de teste 1597;0;0
Dados de teste 1598;-23,402211;-46,330142
Dados de teste 1599;-23,364313;-46,224758
Dados de teste 1600;0;0
Dados de teste 1601;-23,402166;-46,329483
Dados de teste 1602;0;0
Dados de teste 1603;0;0
Dados de teste 1604;-22,665352;-43,878857
Dados de teste 1605;-23,060409;-45,622037
Dados de teste 1606;0;0
Dados de teste 1607;0;0
Dados de teste 1608;0;0
Dados de teste 1609;0;0
Dados de teste 1610;0;0
Dados de teste 1611;-23,401834;-46,312209
Dados de teste 1612;0;0
Dados de teste 1613;-23,059433;-45,61999
Dados de teste 1614;-23,402728;-46,327564
Dados de teste 1615;0;0
Dados de teste 1616;0;0
Dados de teste 1617;-23,401028;-46,306881
Dados de teste 1618;-23,442418;-46,441662
Dados de teste 1619;0;0
Dados de teste 1620;0;0
Dados de teste 1621;0;0
Dados de teste 1622;0;0
Dados de teste 1623;-23,402547;-46,328314
Dados de teste 1624;-22,665156;-43,876966
Dados de teste 1625;0;0
Dados de teste 1626;0;0
Dados de teste 1627;-22,678955;-43,813959
Dados de teste 1628;0;0
Dados de teste 1629;0;0
Dados de teste 1630;0;0
Dados de teste 1631;-22,93113;-45,36219
Dados de teste 1632;-23,403756;-46,328486
Dados de teste 1633;0;0
Dados de teste 1634;0;0
Dados de teste 1635;-22,558496;-44,125029
Dados de teste 1636;-22,930436;-45,360402
Dados de teste 1637;0;0
Dados de teste 1638;-22,678478;-43,813577
Dados de teste 1639;-23,402573;-46,328312
Dados de teste 1640;-23,40216;-46,329503
Dados de teste 1641;-23,403287;-46,328029
Dados de teste 1642;-22,891765;-45,291289
Dados de teste 1643;0;0
Dados de teste 1644;0;0
Dados de teste 1645;-23,254168;-45,942164
Dados de teste 1646;-22,666843;-43,841677
Dados de teste 1647;0;0
Dados de teste 1648;-23,364415;-46,224954
Dados de teste 1649;0;0
Dados de teste 1650;-23,401074;-46,307133
Dados de teste 1651;-22,93073;-45,360988
Dados de teste 1652;-22,667121;-43,843082
Dados de teste 1653;-22,666817;-43,841232
Dados de teste 1654;-23,272133;-45,969791
Dados de teste 1655;0;0
Dados de teste 1656;-23,390468;-46,278964
Dados de teste 1657;-22,678327;-43,81333
Dados de teste 1658;-23,272444;-45,970267
Dados de teste 1659;-22,666583;-43,850254
Dados de teste 1660;-22,93082;-45,36123
Dados de teste 1661;-22,678598;-43,813722
Dados de teste 1662;0;0
Dados de teste 1663;0;0
Dados de teste 1664;0;0
Dados de teste 1665;0;0
Dados de teste 1666;0;0
Dados de teste 1667;0;0
Dados de teste 1668;-23,32452;-46,12165
Dados de teste 1669;-23,402744;-46,327809
Dados de teste 1670;-23,304785;-46,033178
Dados de teste 1671;-23,059598;-45,620182
Dados de teste 1672;0;0
Dados de teste 1673;-22,6665;-43,850101
Dados de teste 1674;0;0
Dados de teste 1675;-23,402164;-46,329801
Dados de teste 1676;0;0
Dados de teste 1677;0;0
Dados de teste 1678;-23,243948;-45,926667
Dados de teste 1679;-22,892039;-45,291699
Dados de teste 1680;-23,402725;-46,328083
Dados de teste 1681;-22,93082;-45,36123
Dados de teste 1682;-23,242554;-45,924847
Dados de teste 1683;-23,272448;-45,970231
Dados de teste 1684;0;0
Dados de teste 1685;-23,271999;-45,9701
Dados de teste 1686;-23,243132;-45,925347
Dados de teste 1687;-23,402195;-46,330145
Dados de teste 1688;-22,749934;-45,105362
Dados de teste 1689;-23,272281;-45,970018
Dados de teste 1690;0;0
Dados de teste 1691;0;0
Dados de teste 1692;-23,428765;-46,410641
Dados de teste 1693;0;0
Dados de teste 1694;-22,45708;-44,41181
Dados de teste 1695;0;0
Dados de teste 1696;-23,242743;-45,92501
Dados de teste 1697;-23,402234;-46,330439
Dados de teste 1698;-23,401065;-46,307125
Dados de teste 1699;-22,92967;-45,36059
Dados de teste 1700;-23,404149;-46,33003
Dados de teste 1701;-22,93131;-45,36265
Dados de teste 1702;-22,93073;-45,360988
Dados de teste 1703;-23,106292;-45,69725
Dados de teste 1704;-23,245757;-45,928942
Dados de teste 1705;-23,304815;-46,033279
Dados de teste 1706;-23,272118;-45,969776
Dados de teste 1707;-23,2965;-46,00652
Dados de teste 1708;0;0
Dados de teste 1709;-23,30443;-46,033306
Dados de teste 1710;0;0
Dados de teste 1711;0;0
Dados de teste 1712;-23,401379;-46,310902
Dados de teste 1713;-22,93082;-45,36123
Dados de teste 1714;-22,750031;-45,105604
Dados de teste 1715;0;0
Dados de teste 1716;-22,665467;-43,88095
Dados de teste 1717;-23,253743;-45,941779
Dados de teste 1718;0;0
Dados de teste 1719;-23,254245;-45,942648
Dados de teste 1720;-22,528864;-44,74391
Dados de teste 1721;-23,25358;-45,941509
Dados de teste 1722;-23,254168;-45,942164
Dados de teste 1723;-23,255541;-45,944369
Dados de teste 1724;-23,243948;-45,926667
Dados de teste 1725;-23,253799;-45,941526
Dados de teste 1726;0;0
Dados de teste 1727;-23,244158;-45,926788
Dados de teste 1728;-23,243643;-45,926332
Dados de teste 1729;-23,253868;-45,941887
Dados de teste 1730;0;0
Dados de teste 1731;-23,25358;-45,941509
Dados de teste 1732;0;0
Dados de teste 1733;0;0
Dados de teste 1734;-23,504368;-46,568743
Dados de teste 1735;0;0
Dados de teste 1736;-23,245757;-45,928942
Dados de teste 1737;-22,749928;-45,105376
Dados de teste 1738;0;0
Dados de teste 1739;0;0
Dados de teste 1740;0;0
Dados de teste 1741;-22,489056;-44,55455
Dados de teste 1742;-22,456114;-44,398697
Dados de teste 1743;0;0
Dados de teste 1744;-22,750038;-45,105618
Dados de teste 1745;-23,243948;-45,926667
Dados de teste 1746;0;0
Dados de teste 1747;-23,243948;-45,926667
Dados de teste 1748;0;0
Dados de teste 1749;-22,489053;-44,555019
Dados de teste 1750;-22,516388;-44,704246
Dados de teste 1751;0;0
Dados de teste 1752;0;0
Dados de teste 1753;-22,529506;-44,745643
Dados de teste 1754;-22,749941;-45,105381
Dados de teste 1755;-22,457153;-44,412106
Dados de teste 1756;0;0
Dados de teste 1757;-23,242882;-45,925593
Dados de teste 1758;-22,457036;-44,410581
Dados de teste 1759;-22,492186;-44,563812
Dados de teste 1760;-23,242953;-45,9255
Dados de teste 1761;0;0
Dados de teste 1762;-23,243617;-45,9262
Dados de teste 1763;-22,750152;-45,105574
Dados de teste 1764;0;0
Dados de teste 1765;-23,244928;-45,928088
Dados de teste 1766;0;0
Dados de teste 1767;-23,242667;-45,925072
Dados de teste 1768;-23,2965;-46,00652
Dados de teste 1769;0;0
Dados de teste 1770;-23,242117;-45,924407
Dados de teste 1771;-23,243948;-45,926667
Dados de teste 1772;-22,560663;-44,119438
Dados de teste 1773;-23,32445;-46,12238
Dados de teste 1774;-23,243273;-45,926078
Dados de teste 1775;-22,457448;-44,416975
Dados de teste 1776;-23,253743;-45,941779
Dados de teste 1777;-22,456936;-44,409449
Dados de teste 1778;0;0
Dados de teste 1779;-23,24218;-45,924794
Dados de teste 1780;0;0
Dados de teste 1781;-22,454148;-44,302656
Dados de teste 1782;-22,750802;-45,10543
Dados de teste 1783;0;0
Dados de teste 1784;-22,457064;-44,410878
Dados de teste 1785;-23,502309;-46,564468
Dados de teste 1786;0;0
Dados de teste 1787;0;0
Dados de teste 1788;-23,442143;-46,442022
Dados de teste 1789;-23,243948;-45,926667
Dados de teste 1790;-23,402673;-46,331571
Dados de teste 1791;0;0
Dados de teste 1792;-23,304785;-46,033178
Dados de teste 1793;0;0
Dados de teste 1794;0;0
Dados de teste 1795;-22,929564;-45,36027
Dados de teste 1796;0;0
Dados de teste 1797;-23,243458;-45,926077
Dados de teste 1798;-22,891887;-45,291487
Dados de teste 1799;-23,429569;-46,412655
Dados de teste 1800;-22,95474;-45,4096
Dados de teste 1801;-23,243273;-45,926078
Dados de teste 1802;-22,457109;-44,411192
Dados de teste 1803;-23,501689;-46,565152
Dados de teste 1804;-22,665274;-43,87773
Dados de teste 1805;0;0
Dados de teste 1806;0;0
Dados de teste 1807;-22,692595;-43,782886
Dados de teste 1808;0;0
Dados de teste 1809;-23,24639;-45,930013
Dados de teste 1810;-23,245393;-45,928721
Dados de teste 1811;-22,666851;-43,841253
Dados de teste 1812;0;0
Dados de teste 1813;-22,456037;-44,398724
Dados de teste 1814;-23,468067;-46,508344
Dados de teste 1815;-22,666599;-43,849899
Dados de teste 1816;0;0
Dados de teste 1817;-22,561609;-44,14335
Dados de teste 1818;-23,50163;-46,565076
Dados de teste 1819;-22,892163;-45,291862
Dados de teste 1820;-22,665296;-43,87809
Dados de teste 1821;-23,403556;-46,328188
Dados de teste 1822;-23,02348;-45,53836
Dados de teste 1823;-23,402353;-46,32865
Dados de teste 1824;-22,93082;-45,36123
Dados de teste 1825;-22,931285;-45,36196
Dados de teste 1826;-23,442036;-46,441341
Dados de teste 1827;-23,402683;-46,331578
Dados de teste 1828;-22,750438;-45,10566
Dados de teste 1829;0;0
Dados de teste 1830;-23,403288;-46,328019
Dados de teste 1831;-23,060563;-45,62237
Dados de teste 1832;-22,665204;-43,877338
Dados de teste 1833;0;0
Dados de teste 1834;-22,892033;-45,291699
Dados de teste 1835;-22,750284;-45,106012
Dados de teste 1836;-23,402094;-46,330766
Dados de teste 1837;0;0
Dados de teste 1838;-22,782822;-45,150028
Dados de teste 1839;-23,331761;-46,136278
Dados de teste 1840;-22,665367;-43,87846
Dados de teste 1841;0;0
Dados de teste 1842;0;0
Dados de teste 1843;-23,404155;-46,330045
Dados de teste 1844;0;0
Dados de teste 1845;-23,228295;-45,909402
Dados de teste 1846;0;0
Dados de teste 1847;0;0
Dados de teste 1848;-23,402727;-46,327826
Dados de teste 1849;-23,402357;-46,328613
Dados de teste 1850;0;0
Dados de teste 1851;0;0
Dados de teste 1852;-23,227375;-45,909172
Dados de teste 1853;-22,84365;-45,22509
Dados de teste 1854;-23,059906;-45,620643
Dados de teste 1855;0;0
Dados de teste 1856;-22,930436;-45,360402
Dados de teste 1857;-22,692366;-43,783239
Dados de teste 1858;-23,428957;-46,411072
Dados de teste 1859;-22,780294;-45,147641
Dados de teste 1860;-22,750623;-45,105561
Dados de teste 1861;-22,927313;-45,355603
Dados de teste 1862;-22,558494;-44,125048
Dados de teste 1863;-22,93082;-45,36146
Dados de teste 1864;-23,442457;-46,441587
Dados de teste 1865;0;0
Dados de teste 1866;-23,304461;-46,033398
Dados de teste 1867;0;0
Dados de teste 1868;0;0
Dados de teste 1869;-23,4666;-46,5042
Dados de teste 1870;0;0
Dados de teste 1871;0;0
Dados de teste 1872;-23,403018;-46,332083
Dados de teste 1873;-23,060323;-45,621786
Dados de teste 1874;0;0
Dados de teste 1875;-23,428856;-46,410863
Dados de teste 1876;-23,402724;-46,328109
Dados de teste 1877;0;0
Dados de teste 1878;0;0
Dados de teste 1879;-23,228088;-45,909172
Dados de teste 1880;-22,93094;-45,36168
Dados de teste 1881;0;0
Dados de teste 1882;0;0
Dados de teste 1883;0;0
Dados de teste 1884;-23,225212;-45,906147
Dados de teste 1885;-23,429412;-46,412221
Dados de teste 1886;-23,106321;-45,69726
Dados de teste 1887;-22,892153;-45,291871
Dados de teste 1888;0;0
Dados de teste 1889;-23,407582;-46,337526
Dados de teste 1890;0;0
Dados de teste 1891;0;0
Dados de teste 1892;0;0
Dados de teste 1893;-23,40212;-46,330793
Dados de teste 1894;0;0
Dados de teste 1895;-23,442296;-46,44185
Dados de teste 1896;0;0
Dados de teste 1897;-23,403759;-46,328471
Dados de teste 1898;-23,429314;-46,411995
Dados de teste 1899;0;0
Dados de teste 1900;0;0
Dados de teste 1901;-23,227873;-45,90893
Dados de teste 1902;-23,227637;-45,909638
Dados de teste 1903;0;0
Dados de teste 1904;0;0
Dados de teste 1905;-23,40218;-46,328868
Dados de teste 1906;0;0
Dados de teste 1907;-23,060148;-45,621275
Dados de teste 1908;-23,403765;-46,328477
Dados de teste 1909;-22,783094;-45,149777
Dados de teste 1910;0;0
Dados de teste 1911;0;0
Dados de teste 1912;0;0
Dados de teste 1913;-23,467725;-46,507239
Dados de teste 1914;-22,667238;-43,842919
Dados de teste 1915;-23,227475;-45,909402
Dados de teste 1916;-23,404144;-46,330014
Dados de teste 1917;-23,402346;-46,331522
Dados de teste 1918;-23,39066;-46,279417
Dados de teste 1919;0;0
Dados de teste 1920;-23,042825;-45,576821
Dados de teste 1921;-23,324267;-46,122001
Dados de teste 1922;-23,403291;-46,332091
Dados de teste 1923;-22,95716;-45,41382
Dados de teste 1924;-23,403016;-46,332095
Dados de teste 1925;-23,2285;-45,909698
Dados de teste 1926;-22,843754;-45,225168
Dados de teste 1927;0;0
Dados de teste 1928;0;0
Dados de teste 1929;0;0
Dados de teste 1930;-23,502309;-46,564468
Dados de teste 1931;0;0
Dados de teste 1932;-23,304872;-46,033489
Dados de teste 1933;-23,02348;-45,53836
Dados de teste 1934;-23,402246;-46,33044
Dados de teste 1935;0;0
Dados de teste 1936;0;0
Dados de teste 1937;-23,401355;-46,310666
Dados de teste 1938;0;0
Dados de teste 1939;-22,666858;-43,84168
Dados de teste 1940;0;0
Dados de teste 1941;0;0
Dados de teste 1942;-23,403751;-46,328489
Dados de teste 1943;-23,32459;-46,12191
Dados de teste 1944;-23,40253;-46,33061
Dados de teste 1945;-23,50422;-46,56853
Dados de teste 1946;-23,402743;-46,327815
Dados de teste 1947;-23,304461;-46,033398
Dados de teste 1948;0;0
Dados de teste 1949;0;0
Dados de teste 1950;0;0
Dados de teste 1951;0;0
Dados de teste 1952;-23,402175;-46,329791
Dados de teste 1953;-23,304708;-46,033559
Dados de teste 1954;-22,931402;-45,362304
Dados de teste 1955;-23,324267;-46,122001
Dados de teste 1956;-23,304815;-46,033279
Dados de teste 1957;0;0
Dados de teste 1958;-23,401485;-46,311483
Dados de teste 1959;-23,402734;-46,327573
Dados de teste 1960;-23,240056;-45,922451
Dados de teste 1961;-23,249103;-45,933508
Dados de teste 1962;0;0
Dados de teste 1963;0;0
Dados de teste 1964;0;0
Dados de teste 1965;0;0
Dados de teste 1966;0;0
Dados de teste 1967;0;0
Dados de teste 1968;-23,226373;-45,907388
Dados de teste 1969;-23,240056;-45,922451
Dados de teste 1970;-23,240056;-45,922451
Dados de teste 1971;-23,243948;-45,926667
Dados de teste 1972;-23,226373;-45,907388
Dados de teste 1973;-23,248959;-45,933299
Dados de teste 1974;0;0
Dados de teste 1975;0;0
Dados de teste 1976;-23,225804;-45,906756
Dados de teste 1977;0;0
Dados de teste 1978;0;0
Dados de teste 1979;-23,240056;-45,922451
Dados de teste 1980;-23,225825;-45,906776
Dados de teste 1981;-23,498143;-46,560192
Dados de teste 1982;-23,249103;-45,933508
Dados de teste 1983;-23,240012;-45,922282
Dados de teste 1984;-23,226886;-45,90791
Dados de teste 1985;-23,498633;-46,560485
Dados de teste 1986;-23,234772;-45,916412
Dados de teste 1987;-23,225804;-45,906756
Dados de teste 1988;-23,24639;-45,930013
Dados de teste 1989;-23,240012;-45,922282
Dados de teste 1990;-23,231767;-45,913136
Dados de teste 1991;-23,259851;-45,949202
Dados de teste 1992;-23,234772;-45,916412
Dados de teste 1993;-23,231767;-45,913136
Dados de teste 1994;-23,240056;-45,922451
Dados de teste 1995;-23,226886;-45,90791
Dados de teste 1996;-23,240056;-45,922451
Dados de teste 1997;-23,225978;-45,906903
Dados de teste 1998;-23,498636;-46,560526
Dados de teste 1999;-23,225825;-45,906776
Dados de teste 2000;-23,250208;-45,936454
Dados de teste 2001;-23,250278;-45,9367
Dados de teste 2002;-23,255541;-45,944385
Dados de teste 2003;-23,253418;-45,940679
Dados de teste 2004;-23,250278;-45,9367
Dados de teste 2005;-23,253418;-45,940679
Dados de teste 2006;-23,252437;-45,939657
Dados de teste 2007;-23,235182;-45,916958
Dados de teste 2008;-23,253418;-45,940679
Dados de teste 2009;-23,245878;-45,928486
Dados de teste 2010;-23,255541;-45,944369
Dados de teste 2011;-23,250278;-45,9367
Dados de teste 2012;-23,220753;-45,901511
Dados de teste 2013;-23,252437;-45,939657
Dados de teste 2014;-23,255544;-45,944375
Dados de teste 2015;-23,255541;-45,944369
Dados de teste 2016;-23,417868;-46,377975
Dados de teste 2017;-23,220753;-45,901511
Dados de teste 2018;0;0
Dados de teste 2019;-23,253418;-45,940679
Dados de teste 2020;-23,253418;-45,940679
Dados de teste 2021;-23,245878;-45,928486
Dados de teste 2022;-23,252437;-45,939657
Dados de teste 2023;-23,235182;-45,916958
Dados de teste 2024;-23,247188;-45,931468
Dados de teste 2025;0;0
Dados de teste 2026;-23,235206;-45,916943
Dados de teste 2027;-23,252437;-45,939657
Dados de teste 2028;-23,253418;-45,940679
Dados de teste 2029;-23,253418;-45,940679
Dados de teste 2030;-23,254645;-45,94299
Dados de teste 2031;-23,243828;-45,925711
Dados de teste 2032;-23,250208;-45,936454
Dados de teste 2033;-23,23521;-45,916942
Dados de teste 2034;-23,253418;-45,940679
Dados de teste 2035;-23,472136;-46,519231
Dados de teste 2036;-23,220753;-45,901511
Dados de teste 2037;-23,255541;-45,944386
Dados de teste 2038;-23,245796;-45,928465
Dados de teste 2039;-23,243855;-45,925709
Dados de teste 2040;-23,250208;-45,936454
Dados de teste 2041;-23,236353;-45,918189
Dados de teste 2042;-23,248027;-45,932686
Dados de teste 2043;-23,235211;-45,91695
Dados de teste 2044;-23,252437;-45,939657
Dados de teste 2045;-23,255493;-45,944279
Dados de teste 2046;-23,253418;-45,940679
Dados de teste 2047;-23,243828;-45,925711
Dados de teste 2048;-23,236361;-45,918241
Dados de teste 2049;-23,252437;-45,939657
Dados de teste 2050;-23,24386;-45,92571
Dados de teste 2051;-23,253418;-45,940679
Dados de teste 2052;-23,252437;-45,939657
Dados de teste 2053;-23,243855;-45,925709
Dados de teste 2054;-23,253418;-45,940679
Dados de teste 2055;-23,250278;-45,9367
Dados de teste 2056;-23,220753;-45,901511
Dados de teste 2057;0;0
Dados de teste 2058;0;0
Dados de teste 2059;-23,250208;-45,936454
Dados de teste 2060;-23,252437;-45,939657
Dados de teste 2061;-23,252437;-45,939657
Dados de teste 2062;-23,252437;-45,939657
Dados de teste 2063;-23,236361;-45,918241
Dados de teste 2064;-23,23521;-45,91695
Dados de teste 2065;-23,253418;-45,940679
Dados de teste 2066;-23,243828;-45,925711
Dados de teste 2067;0;0
Dados de teste 2068;-23,245854;-45,928475
Dados de teste 2069;-23,256114;-45,945293
Dados de teste 2070;-23,255541;-45,944371
Dados de teste 2071;-23,253418;-45,940679
Dados de teste 2072;-23,248527;-45,933564
Dados de teste 2073;-23,250208;-45,936454
Dados de teste 2074;-23,220753;-45,901511
Dados de teste 2075;-23,248527;-45,933564
Dados de teste 2076;-23,250278;-45,9367
Dados de teste 2077;-23,247188;-45,931468
Dados de teste 2078;-23,253418;-45,940679
Dados de teste 2079;-23,253418;-45,940679
Dados de teste 2080;-23,248527;-45,933564
Dados de teste 2081;-23,254641;-45,942982
Dados de teste 2082;0;0
Dados de teste 2083;-23,444224;-46,447131
Dados de teste 2084;-23,243828;-45,925711
Dados de teste 2085;-23,23636;-45,918241
Dados de teste 2086;-23,250208;-45,936454
Dados de teste 2087;-23,253418;-45,940679
Dados de teste 2088;-23,253418;-45,940679
Dados de teste 2089;-23,252437;-45,939657
Dados de teste 2090;-23,220753;-45,901511
Dados de teste 2091;-23,248027;-45,932686
Dados de teste 2092;-23,247188;-45,931468
Dados de teste 2093;-23,245796;-45,928465
Dados de teste 2094;-23,248527;-45,933564
Dados de teste 2095;-23,250278;-45,9367
Dados de teste 2096;-23,245851;-45,928475
Dados de teste 2097;-23,253418;-45,940679
Dados de teste 2098;-23,24386;-45,92571
Dados de teste 2099;-23,245878;-45,928486
Dados de teste 2100;-23,250208;-45,936454
Dados de teste 2101;0;0
Dados de teste 2102;-23,23636;-45,918241
Dados de teste 2103;0;0
Dados de teste 2104;-23,248027;-45,932686
Dados de teste 2105;-23,235206;-45,916943
Dados de teste 2106;-23,243864;-45,925713
Dados de teste 2107;-23,253418;-45,940679
Dados de teste 2108;-23,248027;-45,932686
Dados de teste 2109;0;0
Dados de teste 2110;-23,221901;-45,902401
Dados de teste 2111;-23,243842;-45,925701
Dados de teste 2112;-23,243828;-45,925711
Dados de teste 2113;-23,250278;-45,9367
Dados de teste 2114;0;0
Dados de teste 2115;0;0
Dados de teste 2116;-23,245854;-45,928475
Dados de teste 2117;-23,220753;-45,901511
Dados de teste 2118;-23,252437;-45,939657
Dados de teste 2119;-23,255553;-45,944378
Dados de teste 2120;-23,246588;-45,9305
Dados de teste 2121;0;0
Dados de teste 2122;-23,245869;-45,928492
Dados de teste 2123;-23,246224;-45,929024
Dados de teste 2124;-23,250208;-45,936454
Dados de teste 2125;-23,250278;-45,9367
Dados de teste 2126;-23,43783;-46,432604
Dados de teste 2127;-23,248027;-45,932686
Dados de teste 2128;-23,254647;-45,942999
Dados de teste 2129;-23,250278;-45,9367
Dados de teste 2130;-23,253418;-45,940679
Dados de teste 2131;-23,235206;-45,916943
Dados de teste 2132;-23,253418;-45,940679
Dados de teste 2133;-23,252437;-45,939657
Dados de teste 2134;-23,23521;-45,916942
Dados de teste 2135;0;0
Dados de teste 2136;-23,243842;-45,925701
Dados de teste 2137;-23,255539;-45,944371
Dados de teste 2138;-23,245858;-45,928497
Dados de teste 2139;-23,252437;-45,939657
Dados de teste 2140;-23,252437;-45,939657
Dados de teste 2141;-23,222606;-45,903389
Dados de teste 2142;-23,4436;-46,446143
Dados de teste 2143;-23,4431;-46,445301
Dados de teste 2144;-23,4548;-46,475498
Dados de teste 2145;-23,248527;-45,933564
Dados de teste 2146;-23,417565;-46,37684
Dados de teste 2147;-23,252437;-45,939657
Dados de teste 2148;0;0
Dados de teste 2149;-23,222978;-45,904054
Dados de teste 2150;0;0
Dados de teste 2151;-23,254645;-45,942996
Dados de teste 2152;-23,235211;-45,91695
Dados de teste 2153;-23,220753;-45,901511
Dados de teste 2154;0;0
Dados de teste 2155;-23,222898;-45,903811
Dados de teste 2156;-23,493014;-46,552661
Dados de teste 2157;-23,252437;-45,939657
Dados de teste 2158;-23,252437;-45,939657
Dados de teste 2159;-23,220753;-45,901511
Dados de teste 2160;-23,417212;-46,375101
Dados de teste 2161;-23,222601;-45,91
Dados de teste 2162;0;0
Dados de teste 2163;-46,432098;-46,432098
Dados de teste 2164;0;0
Dados de teste 2165;-23,252437;-45,939657
Dados de teste 2166;-23,222978;-45,904054
Dados de teste 2167;-23,252437;-45,939657
Dados de teste 2168;0;0
Dados de teste 2169;0;0
Dados de teste 2170;-23,417795;-46,377691
Dados de teste 2171;-23,250208;-45,936454
Dados de teste 2172;-23,251327;-45,9378
Dados de teste 2173;-46,4398;-46,4398
Dados de teste 2174;0;0
Dados de teste 2175;0;0
Dados de teste 2176;-23,4557;-46,4757
Dados de teste 2177;-23,252437;-45,939657
Dados de teste 2178;-23,248527;-45,933564
Dados de teste 2179;-23,426323;-46,404519
Dados de teste 2180;-23,247188;-45,931468
Dados de teste 2181;0;0
Dados de teste 2182;-23,250208;-45,936454
Dados de teste 2183;-23,222978;-45,904054
Dados de teste 2184;0;0
Dados de teste 2185;-23,416098;-46,371752
Dados de teste 2186;-23,251327;-45,9378
Dados de teste 2187;-23,44425;-46,446799
Dados de teste 2188;-23,245858;-45,928501
Dados de teste 2189;-23,245878;-45,928486
Dados de teste 2190;0;0
Dados de teste 2191;0;0
Dados de teste 2192;-23,250208;-45,936454
Dados de teste 2193;0;0
Dados de teste 2194;0;0
Dados de teste 2195;0;0
Dados de teste 2196;-23,248027;-45,932686
Dados de teste 2197;0;0
Dados de teste 2198;-23,253418;-45,940679
Dados de teste 2199;-23,222606;-45,903389
Dados de teste 2200;-23,246588;-45,9305
Dados de teste 2201;-23,250208;-45,936454
Dados de teste 2202;-23,248027;-45,932686
Dados de teste 2203;-23,417642;-46,377124
Dados de teste 2204;-23,252437;-45,939657
Dados de teste 2205;-23,252437;-45,939657
Dados de teste 2206;-23,457408;-46,479736
Dados de teste 2207;-23,253418;-45,940679
Dados de teste 2208;-23,416266;-46,372337
Dados de teste 2209;-23,454375;-46,472486
Dados de teste 2210;-23,250278;-45,9367
Dados de teste 2211;-23,443501;-46,446201
Dados de teste 2212;-23,252437;-45,939657
Dados de teste 2213;-23,248527;-45,933564
Dados de teste 2214;0;0
Dados de teste 2215;-23,252437;-45,939657
Dados de teste 2216;-23,417442;-46,375944
Dados de teste 2217;-23,248527;-45,933564
Dados de teste 2218;0;0
Dados de teste 2219;-23,222606;-45,903389
Dados de teste 2220;0;0
Dados de teste 2221;-23,222678;-45,903664
Dados de teste 2222;0;0
Dados de teste 2223;-23,220753;-45,901511
Dados de teste 2224;-23,248527;-45,933564
Dados de teste 2225;0;0
Dados de teste 2226;0;0
Dados de teste 2227;-23,443976;-46,446553
Dados de teste 2228;-23,248527;-45,933564
Dados de teste 2229;-23,4559;-46,475899
Dados de teste 2230;0;0
Dados de teste 2231;-23,252437;-45,939657
Dados de teste 2232;-23,250208;-45,936454
Dados de teste 2233;-23,248027;-45,932686
Dados de teste 2234;-23,253418;-45,940679
Dados de teste 2235;0;0
Dados de teste 2236;-23,248527;-45,933564
Dados de teste 2237;-23,222978;-45,904054
Dados de teste 2238;-23,253418;-45,940679
Dados de teste 2239;-23,253418;-45,940679
Dados de teste 2240;0;0
Dados de teste 2241;-23,2536;-45,9407
Dados de teste 2242;-23,220753;-45,901511
Dados de teste 2243;-23,250208;-45,936454
Dados de teste 2244;0;0
Dados de teste 2245;0;0
Dados de teste 2246;-23,4186;-46,375
Dados de teste 2247;-23,454375;-46,472486
Dados de teste 2248;-23,250208;-45,936454
Dados de teste 2249;-23,248527;-45,933564
Dados de teste 2250;0;0
Dados de teste 2251;-23,223801;-45,904999
Dados de teste 2252;0;0
Dados de teste 2253;0;0
Dados de teste 2254;-23,248527;-45,933564
Dados de teste 2255;0;0
Dados de teste 2256;0;0
Dados de teste 2257;-23,417718;-46,377408
Dados de teste 2258;-23,220753;-45,901511
Dados de teste 2259;0;0
Dados de teste 2260;0;0
Dados de teste 2261;-23,44126;-46,440291
Dados de teste 2262;0;0
Dados de teste 2263;-23,248527;-45,933564
Dados de teste 2264;-23,220753;-45,901511
Dados de teste 2265;-23,417601;-46,375999
Dados de teste 2266;-23,417;-46,375801
Dados de teste 2267;-23,4431;-46,4454
Dados de teste 2268;-23,222978;-45,904054
Dados de teste 2269;-23,247188;-45,931468
Dados de teste 2270;-23,4554;-46,4758
Dados de teste 2271;-23,248027;-45,932686
Dados de teste 2272;-23,247188;-45,931468
Dados de teste 2273;-23,248527;-45,933564
Dados de teste 2274;-23,222606;-45,903389
Dados de teste 2275;-23,247188;-45,931468
Dados de teste 2276;-23,223499;-45,9049
Dados de teste 2277;-23,248027;-45,932686
Dados de teste 2278;0;0
Dados de teste 2279;0;0
Dados de teste 2280;0;0
Dados de teste 2281;-23,454267;-46,472233
Dados de teste 2282;-23,417489;-46,376557
Dados de teste 2283;-23,253418;-45,940679
Dados de teste 2284;-23,250208;-45,936454
Dados de teste 2285;0;0
Dados de teste 2286;-23,417601;-46,376598
Dados de teste 2287;-23,222;-45,902599
Dados de teste 2288;-23,455631;-46,475503
Dados de teste 2289;-23,4142;-46,363098
Dados de teste 2290;-23,247188;-45,931468
Dados de teste 2291;-23,427124;-46,40633
Dados de teste 2292;0;0
Dados de teste 2293;-23,222898;-45,903811
Dados de teste 2294;-23,220753;-45,901511
Dados de teste 2295;0;0
Dados de teste 2296;-23,456078;-46,476558
Dados de teste 2297;-23,25815;-45,948263
Dados de teste 2298;-23,243937;-45,925653
Dados de teste 2299;-23,4554;-46,474899
Dados de teste 2300;-23,222978;-45,904054
Dados de teste 2301;0;0
Dados de teste 2302;0;0
Dados de teste 2303;-23,4554;-46,474944
Dados de teste 2304;-23,244786;-45,926672
Dados de teste 2305;0;0
Dados de teste 2306;-23,455514;-46,475225
Dados de teste 2307;-23,4562;-46,476398
Dados de teste 2308;-23,244787;-45,926675
Dados de teste 2309;-23,455514;-46,475225
Dados de teste 2310;-23,244786;-45,926672
Dados de teste 2311;-23,243933;-45,925646
Dados de teste 2312;0;0
Dados de teste 2313;0;0
Dados de teste 2314;0;0
Dados de teste 2315;-23,455299;-46,474701
Dados de teste 2316;-23,426757;-46,406553
Dados de teste 2317;-23,455281;-46,474669
Dados de teste 2318;0;0
Dados de teste 2319;0;0
Dados de teste 2320;0;0
Dados de teste 2321;0;0
Dados de teste 2322;0;0
Dados de teste 2323;0;0
Dados de teste 2324;0;0
Dados de teste 2325;0;0
Dados de teste 2326;0;0
Dados de teste 2327;0;0
Dados de teste 2328;0;0
Dados de teste 2329;-23,413596;-46,454716
Dados de teste 2330;0;0
Dados de teste 2331;0;0
Dados de teste 2332;-23,2448;-45,926672
Dados de teste 2333;0;0
Dados de teste 2334;0;0
Dados de teste 2335;-23,2584;-45,948399
Dados de teste 2336;-23,466714;-46,50375
Dados de teste 2337;0;0
Dados de teste 2338;0;0
Dados de teste 2339;-23,455999;-46,4762
Dados de teste 2340;-23,258474;-45,949183
Dados de teste 2341;-23,25847;-45,949185
Dados de teste 2342;0;0
Dados de teste 2343;-23,246511;-45,930201
Dados de teste 2344;-23,243924;-45,925654
Dados de teste 2345;0;0
Dados de teste 2346;0;0
Dados de teste 2347;0;0
Dados de teste 2348;-23,522145;-46,585363
Dados de teste 2349;0;0
Dados de teste 2350;0;0
Dados de teste 2351;-23,243929;-45,925664
Dados de teste 2352;-23,472553;-46,52
Dados de teste 2353;-23,477403;-46,528136
Dados de teste 2354;-23,521928;-46,585183
Dados de teste 2355;-23,501692;-46,559681
Dados de teste 2356;0;0
Dados de teste 2357;-23,244786;-45,926672
Dados de teste 2358;-23,510139;-46,573622
Dados de teste 2359;-23,504075;-46,568361
Dados de teste 2360;-23,522145;-46,585363
Dados de teste 2361;-23,509931;-46,573428
Dados de teste 2362;-23,258402;-45,948951
Dados de teste 2363;-23,502203;-46,565811
Dados de teste 2364;-23,243926;-45,925653
Dados de teste 2365;-23,522484;-46,585875
Dados de teste 2366;-23,466608;-46,503467
Dados de teste 2367;-23,258145;-45,948285
Dados de teste 2368;-23,466608;-46,503467
Dados de teste 2369;-23,244791;-45,926675
Dados de teste 2370;0;0
Dados de teste 2371;-23,258506;-45,949116
Dados de teste 2372;-23,521837;-46,585317
Dados de teste 2373;-23,525172;-46,587472
Dados de teste 2374;-23,522282;-46,585709
Dados de teste 2375;0;0
Dados de teste 2376;-23,466922;-46,504311
Dados de teste 2377;-23,258164;-45,948274
Dados de teste 2378;-23,230931;-45,91178
Dados de teste 2379;-23,258387;-45,948947
Dados de teste 2380;-23,525411;-46,587672
Dados de teste 2381;-23,243948;-45,92567
Dados de teste 2382;-23,477403;-46,528136
Dados de teste 2383;-23,222678;-45,903664
Dados de teste 2384;-23,458419;-46,48215
Dados de teste 2385;0;0
Dados de teste 2386;-23,474208;-46,522689
Dados de teste 2387;-23,474208;-46,522689
Dados de teste 2388;-23,4739;-46,5222
Dados de teste 2389;-23,4739;-46,5222
Dados de teste 2390;0;0
Dados de teste 2391;-23,24394;-45,925654
Dados de teste 2392;-23,244777;-45,926666
Dados de teste 2393;-23,466817;-46,504022
Dados de teste 2394;-23,222978;-45,904054
Dados de teste 2395;-23,258489;-45,949187
Dados de teste 2396;-23,467025;-46,5046
Dados de teste 2397;-23,466922;-46,504311
Dados de teste 2398;-23,472553;-46,52
Dados de teste 2399;-23,476165;-46,525209
Dados de teste 2400;0;0
Dados de teste 2401;-23,476165;-46,525209
Dados de teste 2402;-23,474361;-46,522925
Dados de teste 2403;-23,474361;-46,522925
Dados de teste 2404;-23,475867;-46,525367
Dados de teste 2405;0;0
Dados de teste 2406;-23,457408;-46,479736
Dados de teste 2407;-23,47405;-46,522433
Dados de teste 2408;0;0
Dados de teste 2409;0;0
Dados de teste 2410;-23,46952;-46,51231
Dados de teste 2411;-23,472975;-46,520739
Dados de teste 2412;0;0
Dados de teste 2413;-23,472975;-46,520739
Dados de teste 2414;-23,457972;-46,481069
Dados de teste 2415;0;0
Dados de teste 2416;-23,466817;-46,504022
Dados de teste 2417;-23,509931;-46,573428
Dados de teste 2418;-23,458192;-46,481606
Dados de teste 2419;-23,473758;-46,521967
Dados de teste 2420;-23,473758;-46,521967
Dados de teste 2421;0;0
Dados de teste 2422;0;0
Dados de teste 2423;0;0
Dados de teste 2424;-23,458401;-46,4823
Dados de teste 2425;-23,459;-46,482498
Dados de teste 2426;0;0
Dados de teste 2427;-23,473431;-46,521478
Dados de teste 2428;-23,473431;-46,521478
Dados de teste 2429;-23,46977;-46,51218
Dados de teste 2430;-23,475544;-46,52595
Dados de teste 2431;-23,473289;-46,521239
Dados de teste 2432;-23,473289;-46,521239
Dados de teste 2433;-23,457642;-46,480292
Dados de teste 2434;-23,457972;-46,481069
Dados de teste 2435;-23,457297;-46,479464
Dados de teste 2436;-23,457642;-46,480292
Dados de teste 2437;-23,472828;-46,520492
Dados de teste 2438;-23,458599;-46,481998
Dados de teste 2439;-23,472828;-46,520492
Dados de teste 2440;-23,458931;-46,482725
Dados de teste 2441;-23,457192;-46,4792
Dados de teste 2442;-23,472408;-46,519739
Dados de teste 2443;0;0
Dados de teste 2444;-23,46984;-46,51244
Dados de teste 2445;-23,46977;-46,51218
Dados de teste 2446;-23,475544;-46,52595
Dados de teste 2447;-23,457192;-46,4792
Dados de teste 2448;-23,475853;-46,525481
Dados de teste 2449;-23,46912;-46,51271
Dados de teste 2450;0;0
Dados de teste 2451;-23,4604;-46,481499
Dados de teste 2452;-23,473594;-46,521708
Dados de teste 2453;-23,473594;-46,521708
Dados de teste 2454;-23,484203;-46,538653
Dados de teste 2455;-23,469082;-46,512492
Dados de teste 2456;-23,458192;-46,481606
Dados de teste 2457;-23,476257;-46,525486
Dados de teste 2458;-23,472408;-46,519739
Dados de teste 2459;-23,475441;-46,52573
Dados de teste 2460;-23,484456;-46,538481
Dados de teste 2461;-23,458747;-46,482933
Dados de teste 2462;-23,472689;-46,520258
Dados de teste 2463;-23,458599;-46,482601
Dados de teste 2464;-23,476257;-46,525486
Dados de teste 2465;-23,473136;-46,520992
Dados de teste 2466;-23,473136;-46,520992
Dados de teste 2467;-23,458722;-46,482217
Dados de teste 2468;-23,472689;-46,520258
Dados de teste 2469;-23,454901;-46,481201
Dados de teste 2470;-23,455133;-46,473711
Dados de teste 2471;-23,457861;-46,480814
Dados de teste 2472;-23,458083;-46,481333
Dados de teste 2473;-23,456125;-46,476086
Dados de teste 2474;-23,456236;-46,476356
Dados de teste 2475;-23,4554;-46,474499
Dados de teste 2476;-23,458644;-46,482678
Dados de teste 2477;-23,455464;-46,474497
Dados de teste 2478;-23,458303;-46,481869
Dados de teste 2479;-23,455601;-46,477501
Dados de teste 2480;-23,4531;-46,476898
Dados de teste 2481;-23,45775;-46,480544
Dados de teste 2482;-23,455601;-46,475101
Dados de teste 2483;-23,45445;-46,472089
Dados de teste 2484;-23,45535;-46,474217
Dados de teste 2485;-23,458083;-46,481333
Dados de teste 2486;-23,4554;-46,4748
Dados de teste 2487;-23,460142;-46,485508
Dados de teste 2488;-23,456125;-46,476086
Dados de teste 2489;-23,458747;-46,482933
Dados de teste 2490;-23,45775;-46,480544
Dados de teste 2491;-23,4555;-46,474998
Dados de teste 2492;-23,45535;-46,474217
Dados de teste 2493;-23,455601;-46,476299
Dados de teste 2494;-23,460052;-46,485218
Dados de teste 2495;-23,45445;-46,472089
Dados de teste 2496;-23,458303;-46,481869
Dados de teste 2497;-23,458856;-46,483186
Dados de teste 2498;-23,455133;-46,473711
Dados de teste 2499;-23,4554;-46,4748
Dados de teste 2500;-23,248858;-45,933865
Dados de teste 2501;-22,487208;-44,549601
Dados de teste 2502;-22,929192;-45,359155
Dados de teste 2503;-22,930142;-45,360005
Dados de teste 2504;-22,488577;-44,551423
Dados de teste 2505;-22,486993;-44,549279
Dados de teste 2506;-22,486116;-44,547876
Dados de teste 2507;-22,833512;-45,217503
Dados de teste 2508;-22,487683;-44,550124
Dados de teste 2509;0;0
Dados de teste 2510;-22,487092;-44,549452
Dados de teste 2511;-22,486662;-44,548741
Dados de teste 2512;-22,95702;-45,41366
Dados de teste 2513;-22,903624;-45,309848
Dados de teste 2514;-22,488916;-44,550423
Dados de teste 2515;-22,486892;-44,549088
Dados de teste 2516;-22,488912;-44,550418
Dados de teste 2517;-22,983091;-45,464728
Dados de teste 2518;-23,450862;-46,463646
Dados de teste 2519;-22,467594;-44,50398
Dados de teste 2520;-22,486049;-44,547686
Dados de teste 2521;-22,467459;-44,503819
Dados de teste 2522;-22,486801;-44,549009
Dados de teste 2523;-23,420174;-46,387293
Dados de teste 2524;-22,487302;-44,549706
Dados de teste 2525;-22,981323;-45,463678
Dados de teste 2526;-22,903513;-45,307148
Dados de teste 2527;-22,931052;-45,362775
Dados de teste 2528;-22,927585;-45,355018
Dados de teste 2529;-23,420252;-46,387574
Dados de teste 2530;-22,904029;-45,307963
Dados de teste 2531;-22,48748;-44,549997
Dados de teste 2532;-22,903788;-45,307553
Dados de teste 2533;-22,487417;-44,549836
Dados de teste 2534;-22,504681;-44,612719
Dados de teste 2535;-22,467643;-44,504826
Dados de teste 2536;-22,927527;-45,355052
Dados de teste 2537;-22,982729;-45,463333
Dados de teste 2538;-22,46765;-44,504625
Dados de teste 2539;-22,467565;-44,503787
Dados de teste 2540;-22,516481;-44,70405
Dados de teste 2541;-22,485909;-44,547541
Dados de teste 2542;0;0
Dados de teste 2543;-23,45107;-46,464149
Dados de teste 2544;-23,418199;-46,379998
Dados de teste 2545;-22,93113;-45,362309
Dados de teste 2546;-22,983012;-45,464377
Dados de teste 2547;-22,486243;-44,548062
Dados de teste 2548;-23,420405;-46,388136
Dados de teste 2549;-22,487935;-44,550255
Dados de teste 2550;0;0
Dados de teste 2551;0;0
Dados de teste 2552;-23,418085;-46,379235
Dados de teste 2553;-23,451318;-46,464332
Dados de teste 2554;0;0
Dados de teste 2555;-22,9828;-45,4636
Dados de teste 2556;-46,455502;-46,455502
Dados de teste 2557;-23,450058;-46,461789
Dados de teste 2558;-22,929884;-45,359625
Dados de teste 2559;-22,467506;-44,503935
Dados de teste 2560;-46,452202;-46,452202
Dados de teste 2561;-22,929464;-45,359887
Dados de teste 2562;-22,467605;-44,504383
Dados de teste 2563;-22,956653;-45,413832
Dados de teste 2564;-22,930007;-45,359835
Dados de teste 2565;-22,488661;-44,551661
Dados de teste 2566;-23,451095;-46,463797
Dados de teste 2567;-22,486404;-44,548323
Dados de teste 2568;-22,467539;-44,503687
Dados de teste 2569;-23,422646;-46,39475
Dados de teste 2570;-22,927581;-45,355026
Dados de teste 2571;-23,436077;-46,428302
Dados de teste 2572;0;0
Dados de teste 2573;-22,486561;-44,548575
Dados de teste 2574;-22,983186;-45,465086
Dados de teste 2575;-46,4636;-46,4636
Dados de teste 2576;-46,465401;-46,465401
Dados de teste 2577;0;0
Dados de teste 2578;-22,92942;-45,359019
Dados de teste 2579;-22,904516;-45,308614
Dados de teste 2580;-23,450691;-46,462775
Dados de teste 2581;-22,931275;-45,36264
Dados de teste 2582;-23,450915;-46,46331
Dados de teste 2583;-23,450019;-46,461172
Dados de teste 2584;-23,418353;-46,380563
Dados de teste 2585;-23,419627;-46,385329
Dados de teste 2586;-22,904339;-45,308335
Dados de teste 2587;-22,927616;-45,355235
Dados de teste 2588;-23,451206;-46,464065
Dados de teste 2589;-22,982258;-45,463092
Dados de teste 2590;-23,418732;-46,381081
Dados de teste 2591;-46,462799;-46,462799
Dados de teste 2592;-46,461102;-46,461102
Dados de teste 2593;-22,98247;-45,463126
Dados de teste 2594;-23,418043;-46,379437
Dados de teste 2595;-22,929636;-45,359319
Dados de teste 2596;-22,982246;-45,463104
Dados de teste 2597;-23,451653;-46,465132
Dados de teste 2598;-23,418889;-46,382515
Dados de teste 2599;-22,504871;-44,675175
Dados de teste 2600;-22,980556;-45,462218
Dados de teste 2601;-23,41812;-46,379716
Dados de teste 2602;-23,418819;-46,382252
Dados de teste 2603;-22,930976;-45,361937
Dados de teste 2604;-46,4636;-46,4636
Dados de teste 2605;-23,418278;-46,38028
Dados de teste 2606;-23,420327;-46,387855
Dados de teste 2607;-22,504676;-44,612711
Dados de teste 2608;-22,927283;-45,355374
Dados de teste 2609;-23,420014;-46,386734
Dados de teste 2610;-23,023079;-45,537906
Dados de teste 2611;-23,419473;-46,384767
Dados de teste 2612;-22,874001;-45,257041
Dados de teste 2613;-23,450719;-46,463399
Dados de teste 2614;0;0
Dados de teste 2615;0;0
Dados de teste 2616;-23,419782;-46,385892
Dados de teste 2617;0;0
Dados de teste 2618;-23,418742;-46,38197
Dados de teste 2619;-22,980223;-45,461433
Dados de teste 2620;-23,416713;-46,373722
Dados de teste 2621;-22,504716;-44,611927
Dados de teste 2622;-23,451517;-46,465216
Dados de teste 2623;-22,904705;-45,308878
Dados de teste 2624;-22,93093;-45,361709
Dados de teste 2625;-23,419705;-46,385611
Dados de teste 2626;-22,5047;-44,611923
Dados de teste 2627;-22,504684;-44,612903
Dados de teste 2628;-23,432179;-46,419929
Dados de teste 2629;-23,415796;-46,370087
Dados de teste 2630;-23,432161;-46,419332
Dados de teste 2631;-23,416428;-46,372337
Dados de teste 2632;-23,417798;-46,378594
Dados de teste 2633;0;0
Dados de teste 2634;-22,982462;-45,463148
Dados de teste 2635;-23,418432;-46,380845
Dados de teste 2636;-23,415003;-46,36696
Dados de teste 2637;-22,980336;-45,461613
Dados de teste 2638;-23,415956;-46,370645
Dados de teste 2639;0;0
Dados de teste 2640;-22,980346;-45,461944
Dados de teste 2641;-23,427977;-46,409885
Dados de teste 2642;-46,454399;-46,454399
Dados de teste 2643;-23,4289;-46,412102
Dados de teste 2644;-23,429872;-46,414722
Dados de teste 2645;-23,415653;-46,369513
Dados de teste 2646;-23,429648;-46,413513
Dados de teste 2647;-23,415715;-46,369792
Dados de teste 2648;-22,857928;-45,233028
Dados de teste 2649;-23,429119;-46,412365
Dados de teste 2650;-46,448898;-46,448898
Dados de teste 2651;-22,504691;-44,612913
Dados de teste 2652;-23,452768;-46,467943
Dados de teste 2653;-22,504699;-44,611928
Dados de teste 2654;-22,929521;-45,360117
Dados de teste 2655;-23,416516;-46,372604
Dados de teste 2656;-23,416601;-46,372871
Dados de teste 2657;-22,930828;-45,362461
Dados de teste 2658;-46,4547;-46,4547
Dados de teste 2659;-23,429552;-46,41391
Dados de teste 2660;-23,029062;-45,546123
Dados de teste 2661;-22,873779;-45,257054
Dados de teste 2662;-23,023199;-45,538101
Dados de teste 2663;-22,504699;-44,612121
Dados de teste 2664;-23,416743;-46,373454
Dados de teste 2665;-23,4167;-46,372002
Dados de teste 2666;-23,431629;-46,41868
Dados de teste 2667;-22,504693;-44,612907
Dados de teste 2668;-22,504703;-44,611936
Dados de teste 2669;-22,504691;-44,612318
Dados de teste 2670;-23,435957;-46,428033
Dados de teste 2671;-23,179415;-45,841395
Dados de teste 2672;-22,857717;-45,232868
Dados de teste 2673;-23,431292;-46,417879
Dados de teste 2674;-23,419395;-46,384486
Dados de teste 2675;0;0
Dados de teste 2676;0;0
Dados de teste 2677;-23,45023;-46,463028
Dados de teste 2678;-23,449914;-46,461549
Dados de teste 2679;-22,873783;-45,257085
Dados de teste 2680;0;0
Dados de teste 2681;-22,504685;-44,612518
Dados de teste 2682;-23,450355;-46,461975
Dados de teste 2683;-23,416946;-46,374569
Dados de teste 2684;-23,431754;-46,41894
Dados de teste 2685;-22,504681;-44,612883
Dados de teste 2686;0;0
Dados de teste 2687;-23,274217;-45,973683
Dados de teste 2688;0;0
Dados de teste 2689;-23,417419;-46,376527
Dados de teste 2690;-22,927361;-45,355554
Dados de teste 2691;-23,44856;-46,457698
Dados de teste 2692;-22,516704;-44,704475
Dados de teste 2693;-22,927295;-45,355644
Dados de teste 2694;-22,927282;-45,35563
Dados de teste 2695;-23,448904;-46,458495
Dados de teste 2696;-22,516557;-44,70425
Dados de teste 2697;-23,432485;-46,420105
Dados de teste 2698;-22,488862;-44,552339
Dados de teste 2699;-22,504682;-44,612516
Dados de teste 2700;-22,504688;-44,612706
Dados de teste 2701;-22,50469;-44,612504
Dados de teste 2702;-22,504689;-44,612124
Dados de teste 2703;-22,930461;-45,361978
Dados de teste 2704;0;0
Dados de teste 2705;-23,431311;-46,417533
Dados de teste 2706;0;0
Dados de teste 2707;0;0
Dados de teste 2708;-23,416828;-46,373732
Dados de teste 2709;-22,874012;-45,256988
Dados de teste 2710;-23,278;-45,979301
Dados de teste 2711;-22,46748;-44,50319
Dados de teste 2712;-23,45342;-46,470726
Dados de teste 2713;-23,279547;-45,981867
Dados de teste 2714;-22,488536;-44,551054
Dados de teste 2715;-23,30164;-46,024082
Dados de teste 2716;-22,457747;-44,416567
Dados de teste 2717;-23,278601;-45,9813
Dados de teste 2718;0;0
Dados de teste 2719;-23,449465;-46,460481
Dados de teste 2720;-22,449488;-44,31797
Dados de teste 2721;-22,45039;-44,328084
Dados de teste 2722;-22,459512;-44,436573
Dados de teste 2723;-23,418971;-46,382786
Dados de teste 2724;-22,504692;-44,612317
Dados de teste 2725;0;0
Dados de teste 2726;-23,279567;-45,981883
Dados de teste 2727;-22,459474;-44,436019
Dados de teste 2728;-22,630101;-43,910189
Dados de teste 2729;-23,4137;-46,361099
Dados de teste 2730;-22,449532;-44,317258
Dados de teste 2731;-22,630774;-43,909182
Dados de teste 2732;-23,415246;-46,368102
Dados de teste 2733;-23,403532;-46,332118
Dados de teste 2734;-22,630546;-43,909531
Dados de teste 2735;-23,426527;-46,40503
Dados de teste 2736;-22,667384;-43,851356
Dados de teste 2737;-23,4541;-46,4538
Dados de teste 2738;-23,431517;-46,418413
Dados de teste 2739;-22,630423;-43,909759
Dados de teste 2740;-23,431086;-46,416999
Dados de teste 2741;-22,489752;-44,555959
Dados de teste 2742;-22,45764;-44,415983
Dados de teste 2743;-23,4454;-46,450401
Dados de teste 2744;-22,489627;-44,554899
Dados de teste 2745;-23,42347;-46,39753
Dados de teste 2746;-23,278459;-45,980033
Dados de teste 2747;-23,432597;-46,420372
Dados de teste 2748;0;0
Dados de teste 2749;-23,450395;-46,46259
Dados de teste 2750;-23,279378;-45,981603
Dados de teste 2751;-22,467478;-44,503055
Dados de teste 2752;-22,450221;-44,327721
Dados de teste 2753;0;0
Dados de teste 2754;-46,4517;-46,4517
Dados de teste 2755;-23,420097;-46,387012
Dados de teste 2756;-23,428596;-46,411251
Dados de teste 2757;-46,4688;-46,4688
Dados de teste 2758;0;0
Dados de teste 2759;-23,207351;-45,887232
Dados de teste 2760;0;0
Dados de teste 2761;-23,416119;-46,371207
Dados de teste 2762;-23,444799;-46,450401
Dados de teste 2763;-22,504702;-44,612312
Dados de teste 2764;0;0
Dados de teste 2765;-23,416979;-46,374297
Dados de teste 2766;-23,429762;-46,414453
Dados de teste 2767;-22,98048;-45,462027
Dados de teste 2768;-22,504688;-44,612124
Dados de teste 2769;-23,431404;-46,418146
Dados de teste 2770;-22,48812;-44,550532
Dados de teste 2771;-22,504709;-44,612326
Dados de teste 2772;-23,450329;-46,462657
Dados de teste 2773;-23,453548;-46,471566
Dados de teste 2774;-23,427496;-46,408961
Dados de teste 2775;0;0
Dados de teste 2776;-23,430489;-46,416005
Dados de teste 2777;-23,430973;-46,416733
Dados de teste 2778;-23,416355;-46,372075
Dados de teste 2779;0;0
Dados de teste 2780;-23,440669;-46,440638
Dados de teste 2781;-22,504601;-44,611698
Dados de teste 2782;-23,416906;-46,374013
Dados de teste 2783;-23,406103;-46,336111
Dados de teste 2784;0;0
Dados de teste 2785;-22,633351;-43,905198
Dados de teste 2786;-22,62979;-43,910567
Dados de teste 2787;-23,42418;-46,400709
Dados de teste 2788;-22,629621;-43,910726
Dados de teste 2789;-22,630817;-43,908848
Dados de teste 2790;-22,504696;-44,61155
Dados de teste 2791;-23,424079;-46,400434
Dados de teste 2792;-22,666412;-43,850349
Dados de teste 2793;-23,429265;-46,41278
Dados de teste 2794;-23,433992;-46,4242
Dados de teste 2795;-22,449538;-44,316941
Dados de teste 2796;-23,4312;-46,417265
Dados de teste 2797;-22,504713;-44,611733
Dados de teste 2798;-22,504678;-44,612703
Dados de teste 2799;-22,489617;-44,554675
Dados de teste 2800;0;0
Dados de teste 2801;-23,429223;-46,413109
Dados de teste 2802;-23,453083;-46,469922
Dados de teste 2803;-22,630903;-43,908947
Dados de teste 2804;-23,185901;-45,853552
Dados de teste 2805;-23,440726;-46,440835
Dados de teste 2806;-22,630734;-43,909241
Dados de teste 2807;-23,453196;-46,47019
Dados de teste 2808;-22,488977;-44,552571
Dados de teste 2809;-23,419244;-46,383922
Dados de teste 2810;-22,631232;-43,908119
Dados de teste 2811;-23,428092;-46,410128
Dados de teste 2812;-23,403506;-46,332126
Dados de teste 2813;-23,416654;-46,373182
Dados de teste 2814;-22,488766;-44,552107
Dados de teste 2815;0;0
Dados de teste 2816;-22,504686;-44,611401
Dados de teste 2817;-22,634638;-43,903032
Dados de teste 2818;-23,423885;-46,399887
Dados de teste 2819;-23,42848;-46,411021
Dados de teste 2820;-23,428289;-46,410568
Dados de teste 2821;-23,414893;-46,366345
Dados de teste 2822;-23,428903;-46,411921
Dados de teste 2823;-22,687011;-43,810161
Dados de teste 2824;-46,4524;-46,4524
Dados de teste 2825;-22,555875;-44,173372
Dados de teste 2826;-22,504711;-44,611047
Dados de teste 2827;-23,453308;-46,470459
Dados de teste 2828;-23,4286;-46,411499
Dados de teste 2829;-23,427799;-46,409419
Dados de teste 2830;-22,495522;-44,570765
Dados de teste 2831;-22,450043;-44,327392
Dados de teste 2832;-23,446199;-46,452202
Dados de teste 2833;-23,27864;-45,980647
Dados de teste 2834;-22,45776;-44,417117
Dados de teste 2835;-23,440931;-46,441542
Dados de teste 2836;-23,429189;-46,412579
Dados de teste 2837;-22,489507;-44,553652
Dados de teste 2838;-22,488534;-44,550764
Dados de teste 2839;-23,219907;-45,899757
Dados de teste 2840;-23,4286;-46,411701
Dados de teste 2841;-46,453499;-46,453499
Dados de teste 2842;-22,494712;-44,568523
Dados de teste 2843;-22,467475;-44,503065
Dados de teste 2844;-23,403557;-46,332096
Dados de teste 2845;-23,415873;-46,370365
Dados de teste 2846;-22,488911;-44,550381
Dados de teste 2847;-22,489733;-44,556488
Dados de teste 2848;-23,428425;-46,41083
Dados de teste 2849;-23,449252;-46,459933
Dados de teste 2850;-22,494401;-44,568009
Dados de teste 2851;-22,487743;-44,550685
Dados de teste 2852;-23,4461;-46,452499
Dados de teste 2853;-23,40623;-46,336032
Dados de teste 2854;-22,488755;-44,551879
Dados de teste 2855;0;0
Dados de teste 2856;-22,489709;-44,555592
Dados de teste 2857;-22,494238;-44,567627
Dados de teste 2858;-22,488355;-44,550563
Dados de teste 2859;-23,452972;-46,469655
Dados de teste 2860;-23,415576;-46,369221
Dados de teste 2861;-23,440845;-46,438887
Dados de teste 2862;0;0
Dados de teste 2863;-23,415343;-46,368389
Dados de teste 2864;-22,628788;-43,911269
Dados de teste 2865;0;0
Dados de teste 2866;-23,415186;-46,36781
Dados de teste 2867;-22,492473;-44,56325
Dados de teste 2868;-22,457655;-44,41627
Dados de teste 2869;-22,504499;-44,6115
Dados de teste 2870;-23,440909;-46,44026
Dados de teste 2871;-22,504716;-44,610859
Dados de teste 2872;-23,452416;-46,467028
Dados de teste 2873;-22,504718;-44,610862
Dados de teste 2874;-23,415503;-46,368944
Dados de teste 2875;-23,440879;-46,441312
Dados de teste 2876;-22,537149;-44,194917
Dados de teste 2877;-22,504716;-44,61067
Dados de teste 2878;-22,495407;-44,57028
Dados de teste 2879;-22,599642;-43,946906
Dados de teste 2880;-22,628826;-43,911278
Dados de teste 2881;-22,504714;-44,611224
Dados de teste 2882;-22,630651;-43,90941
Dados de teste 2883;-22,633552;-43,904933
Dados de teste 2884;0;0
Dados de teste 2885;-22,630197;-43,910023
Dados de teste 2886;-22,666211;-43,850158
Dados de teste 2887;-22,599612;-43,946846
Dados de teste 2888;-23,452861;-46,469387
Dados de teste 2889;-22,50472;-44,610648
Dados de teste 2890;-22,634328;-43,903416
Dados de teste 2891;-22,504713;-44,611194
Dados de teste 2892;-22,742505;-45,093342
Dados de teste 2893;-22,504689;-44,611559
Dados de teste 2894;-22,495712;-44,571484
Dados de teste 2895;-23,431896;-46,419193
Dados de teste 2896;-22,449593;-44,316375
Dados de teste 2897;-22,4896;-44,554393
Dados de teste 2898;-22,504726;-44,610652
Dados de teste 2899;0;0
Dados de teste 2900;-23,17849;-45,84037
Dados de teste 2901;-22,504713;-44,611213
Dados de teste 2902;-22,742644;-45,093504
Dados de teste 2903;-22,504698;-44,611752
Dados de teste 2904;-22,489108;-44,55275
Dados de teste 2905;-23,409374;-46,343249
Dados de teste 2906;-23,414951;-46,36666
Dados de teste 2907;0;0
Dados de teste 2908;-23,428213;-46,410347
Dados de teste 2909;-22,599878;-43,946682
Dados de teste 2910;-22,63031;-43,909762
Dados de teste 2911;-22,50471;-44,610871
Dados de teste 2912;0;0
Dados de teste 2913;-22,489776;-44,556245
Dados de teste 2914;-22,487944;-44,550633
Dados de teste 2915;-22,50471;-44,611561
Dados de teste 2916;-22,489635;-44,555417
Dados de teste 2917;-23,4468;-46,4538
Dados de teste 2918;-22,504719;-44,610878
Dados de teste 2919;-22,489421;-44,553406
Dados de teste 2920;-23,427889;-46,409628
Dados de teste 2921;-23,427786;-46,409191
Dados de teste 2922;-22,449628;-44,31451
Dados de teste 2923;-22,495597;-44,571134
Dados de teste 2924;-23,448009;-46,457009
Dados de teste 2925;-22,504735;-44,61066
Dados de teste 2926;-22,56287;-44,17055
Dados de teste 2927;-22,504709;-44,61104
Dados de teste 2928;-23,528736;-46,588782
Dados de teste 2929;-22,631499;-43,907776
Dados de teste 2930;-22,449606;-44,315243
Dados de teste 2931;-22,504709;-44,611207
Dados de teste 2932;-22,494064;-44,567785
Dados de teste 2933;0;0
Dados de teste 2934;-22,449632;-44,315576
Dados de teste 2935;-22,666998;-43,85093
Dados de teste 2936;-22,632746;-43,90628
Dados de teste 2937;0;0
Dados de teste 2938;-23,449018;-46,459412
Dados de teste 2939;-23,423786;-46,399612
Dados de teste 2940;-23,2789;-45,981201
Dados de teste 2941;-23,278967;-45,981111
Dados de teste 2942;-22,449511;-44,317601
Dados de teste 2943;0;0
Dados de teste 2944;-23,2791;-45,9818
Dados de teste 2945;-22,667229;-43,851174
Dados de teste 2946;-22,457665;-44,415959
Dados de teste 2947;-23,429655;-46,414182
Dados de teste 2948;-22,628835;-43,911265
Dados de teste 2949;-23,440248;-46,43931
Dados de teste 2950;-46,431;-46,431
Dados de teste 2951;-23,301416;-46,022966
Dados de teste 2952;-46,428799;-46,428799
Dados de teste 2953;-23,426572;-46,406945
Dados de teste 2954;-22,667212;-43,851174
Dados de teste 2955;-46,453701;-46,453701
Dados de teste 2956;0;0
Dados de teste 2957;-23,2782;-45,982399
Dados de teste 2958;-22,449892;-44,32698
Dados de teste 2959;-23,279783;-45,982486
Dados de teste 2960;-23,41904;-46,38307
Dados de teste 2961;-23,301577;-46,023718
Dados de teste 2962;0;0
Dados de teste 2963;-23,440603;-46,439445
Dados de teste 2964;-23,279392;-45,981592
Dados de teste 2965;-23,440359;-46,439577
Dados de teste 2966;-23,447896;-46,456738
Dados de teste 2967;0;0
Dados de teste 2968;-22,488195;-44,551374
Dados de teste 2969;-22,488376;-44,551229
Dados de teste 2970;-23,454295;-46,47159
Dados de teste 2971;0;0
Dados de teste 2972;-22,457641;-44,415469
Dados de teste 2973;-23,448226;-46,4569
Dados de teste 2974;-46,455502;-46,455502
Dados de teste 2975;-22,449662;-44,316615
Dados de teste 2976;-23,453563;-46,472089
Dados de teste 2977;-23,4142;-46,363499
Dados de teste 2978;-23,2782;-45,9832
Dados de teste 2979;-23,440462;-46,439191
Dados de teste 2980;-23,448112;-46,456629
Dados de teste 2981;0;0
Dados de teste 2982;-23,4149;-46,368
Dados de teste 2983;0;0
Dados de teste 2984;-23,421617;-46,392622
Dados de teste 2985;-22,457767;-44,416827
Dados de teste 2986;-46,4561;-46,4561
Dados de teste 2987;0;0
Dados de teste 2988;0;0
Dados de teste 2989;-23,301197;-46,023579
Dados de teste 2990;-23,437495;-46,431804
Dados de teste 2991;0;0
Dados de teste 2992;0;0
Dados de teste 2993;-23,413601;-46,361099
Dados de teste 2994;-23,453644;-46,471261
Dados de teste 2995;-23,2792;-45,9813
Dados de teste 2996;-23,453531;-46,470993
Dados de teste 2997;-46,455898;-46,455898
Dados de teste 2998;-23,27817;-45,979848
Dados de teste 2999;-23,278659;-45,981016
Dados de teste 3000;0;0
Dados de teste 3001;-23,279749;-45,982184
Dados de teste 3002;-23,447303;-46,454991
Dados de teste 3003;-22,634776;-43,902814
Dados de teste 3004;-22,504709;-44,611418
Dados de teste 3005;0;0
Dados de teste 3006;-23,437;-46,431999
Dados de teste 3007;-22,504699;-44,611063
Dados de teste 3008;-22,599633;-43,946702
Dados de teste 3009;-22,504712;-44,61142
Dados de teste 3010;0;0
Dados de teste 3011;-23,423342;-46,398225
Dados de teste 3012;-22,504691;-44,611395
Dados de teste 3013;-22,686968;-43,810388
Dados de teste 3014;-22,562662;-44,160484
Dados de teste 3015;-22,504698;-44,611034
Dados de teste 3016;-22,467491;-44,503213
Dados de teste 3017;0;0
Dados de teste 3018;-22,630927;-43,908944
Dados de teste 3019;-22,632301;-43,90708
Dados de teste 3020;-22,629455;-43,91092
Dados de teste 3021;0;0
Dados de teste 3022;-22,633205;-43,905428
Dados de teste 3023;-23,413799;-46,360802
Dados de teste 3024;-22,667394;-43,85136
Dados de teste 3025;-22,45769;-44,416287
Dados de teste 3026;-46,435699;-46,435699
Dados de teste 3027;-23,278561;-45,981196
Dados de teste 3028;-22,63055;-43,909613
Dados de teste 3029;-22,630514;-43,908843
Dados de teste 3030;-22,628824;-43,911276
Dados de teste 3031;-22,495146;-44,570926
Dados de teste 3032;-23,437419;-46,431216
Dados de teste 3033;-22,633753;-43,904632
Dados de teste 3034;-22,665995;-43,850008
Dados de teste 3035;-23,423692;-46,399337
Dados de teste 3036;-22,495464;-44,570487
Dados de teste 3037;-46,4286;-46,4286
Dados de teste 3038;-22,555657;-44,173461
Dados de teste 3039;-23,279732;-45,982189
Dados de teste 3040;-23,43226;-46,419571
Dados de teste 3041;-23,42476;-46,402366
Dados de teste 3042;-22,560293;-44,859726
Dados de teste 3043;-22,555871;-44,173388
Dados de teste 3044;0;0
Dados de teste 3045;-22,555678;-44,173393
Dados de teste 3046;-22,50473;-44,611747
Dados de teste 3047;-22,494142;-44,568096
Dados de teste 3048;-22,449647;-44,316615
Dados de teste 3049;-22,559872;-44,859166
Dados de teste 3050;-22,457644;-44,415658
Dados de teste 3051;-22,666801;-43,850732
Dados de teste 3052;-46,431499;-46,431499
Dados de teste 3053;0;0
Dados de teste 3054;-23,279797;-45,982515
Dados de teste 3055;-22,467566;-44,503671
Dados de teste 3056;-22,467513;-44,503421
Dados de teste 3057;-23,278855;-45,980547
Dados de teste 3058;-46,4296;-46,4296
Dados de teste 3059;-23,434027;-46,423166
Dados de teste 3060;-23,301476;-46,023351
Dados de teste 3061;-46,431;-46,431
Dados de teste 3062;-23,432068;-46,419661
Dados de teste 3063;-23,418904;-46,38164
Dados de teste 3064;-22,459477;-44,436296
Dados de teste 3065;-22,667003;-43,850889
Dados de teste 3066;-23,2785;-45,9804
Dados de teste 3067;-22,630438;-43,909777
Dados de teste 3068;-22,459435;-44,43602
Dados de teste 3069;-22,630658;-43,909429
Dados de teste 3070;-23,414;-46,362099
Dados de teste 3071;-23,42428;-46,400977
Dados de teste 3072;-22,450556;-44,328403
Dados de teste 3073;-22,62992;-43,910372
Dados de teste 3074;-23,279212;-45,981334
Dados de teste 3075;-23,452527;-46,467623
Dados de teste 3076;-22,560098;-44,859205
Dados de teste 3077;-23,451628;-46,465483
Dados de teste 3078;-22,635363;-43,902205
Dados de teste 3079;-23,22378;-45,905236
Dados de teste 3080;-23,173042;-45,827915
Dados de teste 3081;-22,459132;-44,436346
Dados de teste 3082;-22,742589;-45,093122
Dados de teste 3083;-23,109936;-45,70345
Dados de teste 3084;-22,560203;-44,859418
Dados de teste 3085;-23,266369;-45,961187
Dados de teste 3086;-23,223854;-45,904916
Dados de teste 3087;-23,148654;-45,779767
Dados de teste 3088;0;0
Dados de teste 3089;-22,56071;-44,860475
Dados de teste 3090;-22,742646;-45,093477
Dados de teste 3091;-23,179215;-45,84156
Dados de teste 3092;-23,422296;-46,39394
Dados de teste 3093;-22,560279;-44,859719
Dados de teste 3094;-22,560603;-44,860307
Dados de teste 3095;-22,630904;-43,908761
Dados de teste 3096;0;0
Dados de teste 3097;-22,742821;-45,093516
Dados de teste 3098;-22,584088;-44,002577
Dados de teste 3099;-23,223714;-45,905167
Dados de teste 3100;-22,742393;-45,093158
Dados de teste 3101;-22,742888;-45,093634
Dados de teste 3102;-23,223645;-45,90509
Dados de teste 3103;-23,178534;-45,840757
Dados de teste 3104;-22,74252;-45,093165
Dados de teste 3105;-23,178884;-45,840437
Dados de teste 3106;-22,560457;-44,860015
Dados de teste 3107;-22,559959;-44,858963
Dados de teste 3108;-22,666588;-43,850554
Dados de teste 3109;-22,55988;-44,859197
Dados de teste 3110;-22,66659;-43,850529
Dados de teste 3111;-22,560607;-44,8603
Dados de teste 3112;-22,634988;-43,902579
Dados de teste 3113;-22,634061;-43,904324
Dados de teste 3114;-22,666183;-43,85018
Dados de teste 3115;-22,632151;-43,907352
Dados de teste 3116;-22,686963;-43,810383
Dados de teste 3117;-22,449627;-44,316293
Dados de teste 3118;-22,467037;-44,503334
Dados de teste 3119;-22,631128;-43,908362
Dados de teste 3120;-22,666787;-43,85072
Dados de teste 3121;-23,223913;-45,904989
Dados de teste 3122;-22,460298;-44,442406
Dados de teste 3123;-22,44962;-44,314865
Dados de teste 3124;-22,760103;-45,118327
Dados de teste 3125;-22,449635;-44,315919
Dados de teste 3126;-22,519653;-44,710081
Dados de teste 3127;-22,562473;-44,160922
Dados de teste 3128;-23,177768;-45,839629
Dados de teste 3129;-23,178707;-45,840562
Dados de teste 3130;-23,42325;-46,397949
Dados de teste 3131;-23,042888;-45,577097
Dados de teste 3132;-23,029092;-45,546128
Dados de teste 3133;-23,148211;-45,779207
Dados de teste 3134;-22,742859;-45,093695
Dados de teste 3135;-23,178678;-45,841532
Dados de teste 3136;-22,822635;-45,192866
Dados de teste 3137;-22,559729;-44,858874
Dados de teste 3138;-22,687023;-43,810166
Dados de teste 3139;-22,495295;-44,571254
Dados de teste 3140;-23,029223;-45,546366
Dados de teste 3141;-22,519024;-44,708688
Dados de teste 3142;-22,559785;-44,859042
Dados de teste 3143;-23,25398;-45,941113
Dados de teste 3144;-23,223719;-45,905176
Dados de teste 3145;-22,631378;-43,908061
Dados de teste 3146;-22,459499;-44,441368
Dados de teste 3147;-23,423058;-46,397399
Dados de teste 3148;-23,197301;-45,876265
Dados de teste 3149;-22,632648;-43,906641
Dados de teste 3150;0;0
Dados de teste 3151;-23,457919;-46,480328
Dados de teste 3152;-23,423154;-46,397677
Dados de teste 3153;-23,1785;-45,840373
Dados de teste 3154;-22,632469;-43,906814
Dados de teste 3155;-22,560235;-44,859557
Dados de teste 3156;-22,563564;-44,169447
Dados de teste 3157;-23,1172;-45,716712
Dados de teste 3158;-23,423429;-46,398501
Dados de teste 3159;-23,423513;-46,398781
Dados de teste 3160;-23,441032;-46,441178
Dados de teste 3161;-22,666023;-43,850013
Dados de teste 3162;-22,46704;-44,50382
Dados de teste 3163;-23,423602;-46,39906
Dados de teste 3164;-22,635195;-43,902396
Dados de teste 3165;-22,467035;-44,503168
Dados de teste 3166;-22,449641;-44,31594
Dados de teste 3167;-22,518593;-44,707857
Dados de teste 3168;-22,559785;-44,859044
Dados de teste 3169;-22,665398;-43,881331
Dados de teste 3170;-22,631045;-43,908579
Dados de teste 3171;-22,560531;-44,860181
Dados de teste 3172;-23,259854;-45,949546
Dados de teste 3173;-22,779277;-45,148458
Dados de teste 3174;-23,207715;-45,887728
Dados de teste 3175;-23,173172;-45,827776
Dados de teste 3176;-23,116899;-45,716229
Dados de teste 3177;-23,178942;-45,841653
Dados de teste 3178;0;0
Dados de teste 3179;-23,149273;-45,780621
Dados de teste 3180;-23,178769;-45,840267
Dados de teste 3181;-23,178764;-45,840266
Dados de teste 3182;-23,042806;-45,576804
Dados de teste 3183;0;0
Dados de teste 3184;-22,745267;-45,097794
Dados de teste 3185;-22,560291;-44,859452
Dados de teste 3186;-22,666414;-43,850291
Dados de teste 3187;-23,177981;-45,840166
Dados de teste 3188;-22,560196;-44,859417
Dados de teste 3189;-23,117084;-45,71653
Dados de teste 3190;-23,029211;-45,54637
Dados de teste 3191;-23,53015;-46,589478
Dados de teste 3192;-23,109765;-45,703192
Dados de teste 3193;-23,452827;-46,468228
Dados de teste 3194;-23,173169;-45,828005
Dados de teste 3195;0;0
Dados de teste 3196;-23,117041;-45,716464
Dados de teste 3197;-23,421786;-46,391648
Dados de teste 3198;-22,55576;-44,172848
Dados de teste 3199;-22,562585;-44,170086
Dados de teste 3200;-22,561661;-44,166907
Dados de teste 3201;-22,459159;-44,436606
Dados de teste 3202;-23,418415;-46,379954
Dados de teste 3203;-23,417019;-46,375762
Dados de teste 3204;-23,179228;-45,841584
Dados de teste 3205;-23,253957;-45,941123
Dados de teste 3206;-22,560438;-44,860021
Dados de teste 3207;-22,779304;-45,148424
Dados de teste 3208;-23,4333;-46,422401
Dados de teste 3209;-23,117154;-45,716676
Dados de teste 3210;-23,452304;-46,46709
Dados de teste 3211;-23,223657;-45,905082
Dados de teste 3212;-23,414101;-46,3615
Dados de teste 3213;-23,029244;-45,546608
Dados de teste 3214;-22,46009;-44,442259
Dados de teste 3215;-23,178933;-45,841622
Dados de teste 3216;-22,760151;-45,118558
Dados de teste 3217;-23,452664;-46,467539
Dados de teste 3218;-22,779745;-45,147919
Dados de teste 3219;-23,451994;-46,465933
Dados de teste 3220;-22,46711;-44,504357
Dados de teste 3221;-23,116912;-45,716218
Dados de teste 3222;-23,45264;-46,467892
Dados de teste 3223;-22,559762;-44,859321
Dados de teste 3224;0;0
Dados de teste 3225;-22,782702;-45,149909
Dados de teste 3226;-23,148481;-45,779067
Dados de teste 3227;-23,16732;-45,816265
Dados de teste 3228;0;0
Dados de teste 3229;-22,555744;-44,172814
Dados de teste 3230;-22,559663;-44,859101
Dados de teste 3231;-22,779744;-45,147939
Dados de teste 3232;-23,453674;-46,471866
Dados de teste 3233;0;0
Dados de teste 3234;-22,45972;-44,44143
Dados de teste 3235;-22,559707;-44,858849
Dados de teste 3236;-22,495345;-44,571352
Dados de teste 3237;-23,274363;-45,973926
Dados de teste 3238;0;0
Dados de teste 3239;0;0
Dados de teste 3240;-23,441581;-46,441869
Dados de teste 3241;-23,179424;-45,841397
Dados de teste 3242;-23,149059;-45,780398
Dados de teste 3243;-22,459499;-44,441382
Dados de teste 3244;-23,110036;-45,703644
Dados de teste 3245;-22,779522;-45,148266
Dados de teste 3246;-22,495515;-44,571616
Dados de teste 3247;-22,495469;-44,571585
Dados de teste 3248;-22,449153;-44,325358
Dados de teste 3249;0;0
Dados de teste 3250;-23,259665;-45,949291
Dados de teste 3251;-23,223771;-45,904961
Dados de teste 3252;-23,214442;-45,894717
Dados de teste 3253;0;0
Dados de teste 3254;-23,4328;-46,421398
Dados de teste 3255;-22,561589;-44,167501
Dados de teste 3256;-23,418508;-46,381128
Dados de teste 3257;-22,459828;-44,4413
Dados de teste 3258;-22,457382;-44,415528
Dados de teste 3259;-22,547988;-44,183022
Dados de teste 3260;0;0
Dados de teste 3261;-22,494268;-44,568704
Dados de teste 3262;-23,274366;-45,973895
Dados de teste 3263;-23,440695;-46,44038
Dados de teste 3264;-22,460341;-44,441075
Dados de teste 3265;0;0
Dados de teste 3266;-22,467046;-44,503121
Dados de teste 3267;0;0
Dados de teste 3268;-23,223712;-45,905021
Dados de teste 3269;-23,148845;-45,780116
Dados de teste 3270;-22,548721;-44,18284
Dados de teste 3271;-22,745223;-45,097814
Dados de teste 3272;-22,760201;-45,11852
Dados de teste 3273;-22,459757;-44,441729
Dados de teste 3274;-22,459882;-44,442023
Dados de teste 3275;-22,467017;-44,503759
Dados de teste 3276;-22,828732;-45,210819
Dados de teste 3277;-22,449287;-44,325657
Dados de teste 3278;-22,492051;-44,56364
Dados de teste 3279;-23,45805;-46,480628
Dados de teste 3280;-23,457919;-46,480328
Dados de teste 3281;-22,467041;-44,503322
Dados de teste 3282;-22,828698;-45,210777
Dados de teste 3283;-22,561677;-44,166433
Dados de teste 3284;-23,274642;-45,973904
Dados de teste 3285;-22,457199;-44,414902
Dados de teste 3286;-23,1779;-45,839298
Dados de teste 3287;-22,467071;-44,504088
Dados de teste 3288;-23,274643;-45,973941
Dados de teste 3289;-22,45736;-44,415521
Dados de teste 3290;-23,457711;-46,479839
Dados de teste 3291;-23,469678;-46,512806
Dados de teste 3292;-22,45736;-44,415255
Dados de teste 3293;0;0
Dados de teste 3294;-23,528014;-46,588836
Dados de teste 3295;-23,22379;-45,905261
Dados de teste 3296;-23,435907;-46,427754
Dados de teste 3297;-23,178543;-45,840759
Dados de teste 3298;0;0
Dados de teste 3299;-23,422606;-46,396323
Dados de teste 3300;-22,504441;-44,675346
Dados de teste 3301;-22,548342;-44,182953
Dados de teste 3302;-22,449415;-44,325905
Dados de teste 3303;-22,760231;-45,11863
Dados de teste 3304;-23,457711;-46,479839
Dados de teste 3305;-22,561603;-44,167206
Dados de teste 3306;-23,450791;-46,46428
Dados de teste 3307;-22,779517;-45,148245
Dados de teste 3308;-22,549153;-44,182725
Dados de teste 3309;-23,420723;-46,389284
Dados de teste 3310;-23,420483;-46,388417
Dados de teste 3311;-23,457839;-46,480117
Dados de teste 3312;-22,459527;-44,441349
Dados de teste 3313;-22,745278;-45,097778
Dados de teste 3314;-23,458169;-46,480906
Dados de teste 3315;-22,556066;-44,172788
Dados de teste 3316;-22,453501;-44,374286
Dados de teste 3317;-23,458267;-46,481139
Dados de teste 3318;-23,458169;-46,480906
Dados de teste 3319;-23,177814;-45,839935
Dados de teste 3320;-22,459101;-44,436008
Dados de teste 3321;-22,45906;-44,435985
Dados de teste 3322;-22,449023;-44,325097
Dados de teste 3323;-22,556058;-44,172809
Dados de teste 3324;-22,494333;-44,568975
Dados de teste 3325;-23,422262;-46,394884
Dados de teste 3326;-23,420528;-46,388788
Dados de teste 3327;-23,420795;-46,389544
Dados de teste 3328;0;0
Dados de teste 3329;-23,4214;-46,391763
Dados de teste 3330;0;0
Dados de teste 3331;-23,458375;-46,4814
Dados de teste 3332;0;0
Dados de teste 3333;-23,45805;-46,480628
Dados de teste 3334;-22,467037;-44,503526
Dados de teste 3335;0;0
Dados de teste 3336;-22,494209;-44,568498
Dados de teste 3337;-23,435907;-46,427754
Dados de teste 3338;-22,459518;-44,441352
Dados de teste 3339;-22,457352;-44,415231
Dados de teste 3340;0;0
Dados de teste 3341;0;0
Dados de teste 3342;0;0
Dados de teste 3343;-22,457307;-44,41496
Dados de teste 3344;0;0
Dados de teste 3345;-23,521928;-46,585183
Dados de teste 3346;-23,430728;-46,416549
Dados de teste 3347;-22,561593;-44,167572
Dados de teste 3348;0;0
Dados de teste 3349;-23,4221;-46,394311
Dados de teste 3350;-23,530258;-46,589789
Dados de teste 3351;-23,421937;-46,393747
Dados de teste 3352;-23,529964;-46,5892
Dados de teste 3353;-23,458267;-46,481139
Dados de teste 3354;-23,421165;-46,390919
Dados de teste 3355;-23,526303;-46,588381
Dados de teste 3356;0;0
Dados de teste 3357;-23,458375;-46,4814
Dados de teste 3358;-23,529064;-46,588778
Dados de teste 3359;-23,434112;-46,423514
Dados de teste 3360;-23,422351;-46,395161
Dados de teste 3361;-22,495015;-44,570705
Dados de teste 3362;-23,528358;-46,588817
Dados de teste 3363;-23,42109;-46,390637
Dados de teste 3364;0;0
Dados de teste 3365;-23,421245;-46,3912
Dados de teste 3366;-23,420651;-46,389016
Dados de teste 3367;-23,422021;-46,394029
Dados de teste 3368;-23,421012;-46,390355
Dados de teste 3369;-23,431989;-46,419417
Dados de teste 3370;-23,420859;-46,389811
Dados de teste 3371;-22,559539;-44,858938
Dados de teste 3372;0;0
Dados de teste 3373;-23,5294;-46,588781
Dados de teste 3374;-23,434104;-46,424465
Dados de teste 3375;-23,421322;-46,391481
Dados de teste 3376;-23,435544;-46,426957
Dados de teste 3377;-23,177973;-45,840162
Dados de teste 3378;-23,178281;-45,840298
Dados de teste 3379;-23,178743;-45,840555
Dados de teste 3380;-22,529949;-44,745948
Dados de teste 3381;-23,17839;-45,839209
Dados de teste 3382;-22,560875;-44,860365
Dados de teste 3383;-22,53003;-44,745037
Dados de teste 3384;-23,178118;-45,839183
Dados de teste 3385;-23,253957;-45,941123
Dados de teste 3386;-22,560713;-44,860076
Dados de teste 3387;-23,25398;-45,941113
Dados de teste 3388;-22,792857;-45,164104
Dados de teste 3389;-22,745244;-45,097801
Dados de teste 3390;-22,52989;-44,745525
Dados de teste 3391;-22,530118;-44,744171
Dados de teste 3392;-22,518719;-44,708099
Dados de teste 3393;-22,559595;-44,858677
Dados de teste 3394;-23,178875;-45,840442
Dados de teste 3395;-23,178458;-45,841032
Dados de teste 3396;0;0
Dados de teste 3397;-22,559546;-44,858357
Dados de teste 3398;-22,519693;-44,710269
Dados de teste 3399;-22,52998;-44,743946
Dados de teste 3400;-22,559819;-44,858778
Dados de teste 3401;-23,22398;-45,905057
Dados de teste 3402;-23,207493;-45,887416
Dados de teste 3403;-23,224051;-45,905132
Dados de teste 3404;-23,178505;-45,841315
Dados de teste 3405;-23,274231;-45,973674
Dados de teste 3406;-23,266368;-45,961208
Dados de teste 3407;-22,559676;-44,858525
Dados de teste 3408;-22,52995;-44,745231
Dados de teste 3409;-23,252199;-45,938202
Dados de teste 3410;-22,530233;-44,744395
Dados de teste 3411;-22,529914;-44,745706
Dados de teste 3412;-22,51886;-44,708359
Dados de teste 3413;-22,530273;-44,74461
Dados de teste 3414;-23,435544;-46,426957
Dados de teste 3415;-23,178362;-45,840331
Dados de teste 3416;0;0
Dados de teste 3417;-22,519654;-44,710076
Dados de teste 3418;-22,560232;-44,859102
Dados de teste 3419;-22,559604;-44,858719
Dados de teste 3420;-23,177868;-45,839334
Dados de teste 3421;-23,178389;-45,839229
Dados de teste 3422;-23,436179;-46,428581
Dados de teste 3423;-23,178473;-45,841013
Dados de teste 3424;-23,177819;-45,839941
Dados de teste 3425;-22,518862;-44,708334
Dados de teste 3426;-22,519675;-44,710265
Dados de teste 3427;-23,178661;-45,841535
Dados de teste 3428;-22,760033;-45,118323
Dados de teste 3429;-22,516873;-44,704722
Dados de teste 3430;-22,559918;-44,858472
Dados de teste 3431;-23,347385;-46,166435
Dados de teste 3432;-23,2803;-45,9827
Dados de teste 3433;-23,458097;-46,480161
Dados de teste 3434;-23,334231;-46,141389
Dados de teste 3435;-23,347709;-46,167404
Dados de teste 3436;-23,33242;-46,137835
Dados de teste 3437;-23,337162;-46,147049
Dados de teste 3438;-23,301829;-46,021817
Dados de teste 3439;-23,347503;-46,166779
Dados de teste 3440;-23,345969;-46,163571
Dados de teste 3441;-46,416901;-46,416901
Dados de teste 3442;-23,500825;-46,560142
Dados de teste 3443;-23,43108;-46,416344
Dados de teste 3444;-23,339789;-46,152178
Dados de teste 3445;-23,34002;-46,152476
Dados de teste 3446;-23,302582;-46,025704
Dados de teste 3447;-23,347643;-46,167085
Dados de teste 3448;-23,281248;-45,982824
Dados de teste 3449;-23,332583;-46,138157
Dados de teste 3450;-23,332755;-46,138446
Dados de teste 3451;-23,302276;-46,02469
Dados de teste 3452;-23,333292;-46,139525
Dados de teste 3453;-23,337846;-46,148343
Dados de teste 3454;-23,334205;-46,141261
Dados de teste 3455;-23,30255;-46,025388
Dados de teste 3456;-23,301988;-46,023967
Dados de teste 3457;-23,302436;-46,025015
Dados de teste 3458;-23,431301;-46,416881
Dados de teste 3459;-22,781047;-45,146943
Dados de teste 3460;-23,523576;-46,586747
Dados de teste 3461;-46,4175;-46,4175
Dados de teste 3462;-23,500856;-46,559803
Dados de teste 3463;-23,526737;-46,585765
Dados de teste 3464;-23,302404;-46,024714
Dados de teste 3465;-23,2799;-45,9814
Dados de teste 3466;-23,430739;-46,415545
Dados de teste 3467;-23,336734;-46,146214
Dados de teste 3468;-23,2801;-45,981998
Dados de teste 3469;-22,760261;-45,117991
Dados de teste 3470;-23,2801;-45,981701
Dados de teste 3471;-23,2808;-45,982498
Dados de teste 3472;-23,2778;-45,980301
Dados de teste 3473;-23,340076;-46,152776
Dados de teste 3474;-46,4156;-46,4156
Dados de teste 3475;-23,339494;-46,151784
Dados de teste 3476;-23,302305;-46,022858
Dados de teste 3477;-23,280199;-45,981602
Dados de teste 3478;-23,301834;-46,023199
Dados de teste 3479;-23,301745;-46,02281
Dados de teste 3480;-23,301924;-46,023557
Dados de teste 3481;-23,332292;-46,137573
Dados de teste 3482;-23,336881;-46,146584
Dados de teste 3483;-23,332911;-46,13885
Dados de teste 3484;-23,301948;-46,022211
Dados de teste 3485;-23,431413;-46,417148
Dados de teste 3486;-23,334394;-46,141704
Dados de teste 3487;-23,280899;-45,982101
Dados de teste 3488;-22,751168;-45,105227
Dados de teste 3489;-23,4097;-46,367401
Dados de teste 3490;-23,431342;-46,417188
Dados de teste 3491;-23,333115;-46,139178
Dados de teste 3492;-23,280701;-45,982101
Dados de teste 3493;-23,454;-46,4715
Dados de teste 3494;-23,431006;-46,416386
Dados de teste 3495;-23,2794;-45,980499
Dados de teste 3496;-23,453985;-46,470562
Dados de teste 3497;-23,470447;-46,515275
Dados de teste 3498;-23,337368;-46,147475
Dados de teste 3499;-23,2804;-45,9823
Dados de teste 3500;-23,281195;-45,9828
Dados de teste 3501;-23,347388;-46,166137
Dados de teste 3502;-23,500797;-46,559528
Dados de teste 3503;-23,33385;-46,140658
Dados de teste 3504;-22,751656;-45,10494
Dados de teste 3505;-23,457758;-46,479392
Dados de teste 3506;-23,2796;-45,9812
Dados de teste 3507;-22,751451;-45,105058
Dados de teste 3508;-23,276199;-45,979401
Dados de teste 3509;-46,419399;-46,419399
Dados de teste 3510;-23,496739;-46,559639
Dados de teste 3511;-46,415901;-46,415901
Dados de teste 3512;-23,45456;-46,471588
Dados de teste 3513;-23,432327;-46,419535
Dados de teste 3514;-22,760316;-45,118076
Dados de teste 3515;-23,5006;-46,559206
Dados de teste 3516;0;0
Dados de teste 3517;-22,751888;-45,104895
Dados de teste 3518;-23,526978;-46,58565
Dados de teste 3519;-23,431678;-46,41799
Dados de teste 3520;-23,333995;-46,140943
Dados de teste 3521;-23,302572;-46,023555
Dados de teste 3522;-23,30211;-46,022529
Dados de teste 3523;-23,462058;-46,492042
Dados de teste 3524;-23,347385;-46,16614
Dados de teste 3525;-23,302533;-46,023938
Dados de teste 3526;-23,497053;-46,559642
Dados de teste 3527;-23,337614;-46,147951
Dados de teste 3528;-22,760185;-45,117755
Dados de teste 3529;-23,470447;-46,515275
Dados de teste 3530;-23,525741;-46,58622
Dados de teste 3531;-23,432611;-46,419701
Dados de teste 3532;-23,5008;-46,560439
Dados de teste 3533;-23,464539;-46,49884
Dados de teste 3534;-23,43209;-46,418749
Dados de teste 3535;-23,458031;-46,48
Dados de teste 3536;0;0
Dados de teste 3537;-23,430852;-46,415812
Dados de teste 3538;-23,431527;-46,417414
Dados de teste 3539;-46,415699;-46,415699
Dados de teste 3540;-23,430964;-46,416079
Dados de teste 3541;-23,302476;-46,024313
Dados de teste 3542;-23,340283;-46,153053
Dados de teste 3543;-46,416901;-46,416901
Dados de teste 3544;-23,431455;-46,417455
Dados de teste 3545;-23,430782;-46,415852
Dados de teste 3546;-23,526506;-46,585883
Dados de teste 3547;-22,751662;-45,104936
Dados de teste 3548;-23,49755;-46,559631
Dados de teste 3549;-23,524334;-46,586826
Dados de teste 3550;-22,751455;-45,10507
Dados de teste 3551;-22,751794;-45,104739
Dados de teste 3552;-23,523797;-46,586829
Dados de teste 3553;-23,302108;-46,024358
Dados de teste 3554;-22,751781;-45,104755
Dados de teste 3555;-23,470356;-46,515014
Dados de teste 3556;-22,751469;-45,105053
Dados de teste 3557;-23,279301;-45,980999
Dados de teste 3558;-23,26023;-45,950924
Dados de teste 3559;0;0
Dados de teste 3560;-23,430894;-46,416119
Dados de teste 3561;-22,78151;-45,14655
Dados de teste 3562;-22,781302;-45,146753
Dados de teste 3563;-23,430558;-46,415317
Dados de teste 3564;-23,4384;-46,43476
Dados de teste 3565;0;0
Dados de teste 3566;-23,435386;-46,426355
Dados de teste 3567;-22,751869;-45,104901
Dados de teste 3568;0;0
Dados de teste 3569;-23,279301;-45,980801
Dados de teste 3570;-23,275135;-45,973983
Dados de teste 3571;-23,27911;-45,979903
Dados de teste 3572;-23,280001;-45,981701
Dados de teste 3573;-23,2799;-45,981098
Dados de teste 3574;0;0
Dados de teste 3575;-23,454573;-46,471112
Dados de teste 3576;-22,751649;-45,104933
Dados de teste 3577;-23,446617;-46,453831
Dados de teste 3578;0;0
Dados de teste 3579;-23,4137;-46,362
Dados de teste 3580;-23,419176;-46,383642
Dados de teste 3581;0;0
Dados de teste 3582;-23,275111;-45,973988
Dados de teste 3583;-23,431866;-46,418215
Dados de teste 3584;-23,470356;-46,515014
Dados de teste 3585;-23,43052;-46,415008
Dados de teste 3586;0;0
Dados de teste 3587;-46,447701;-46,447701
Dados de teste 3588;0;0
Dados de teste 3589;-46,414001;-46,414001
Dados de teste 3590;0;0
Dados de teste 3591;-23,4424;-46,443401
Dados de teste 3592;-23,259404;-45,949467
Dados de teste 3593;-23,454181;-46,471099
Dados de teste 3594;-23,441999;-46,442402
Dados de teste 3595;-23,525997;-46,586113
Dados de teste 3596;-22,760152;-45,117839
Dados de teste 3597;-22,750999;-45,105099
Dados de teste 3598;-22,781731;-45,146407
Dados de teste 3599;-23,438267;-46,433863
Dados de teste 3600;-23,260171;-45,950628
Dados de teste 3601;-22,780815;-45,147135
Dados de teste 3602;-22,751172;-45,105221
Dados de teste 3603;-22,751887;-45,104911
Dados de teste 3604;-23,497289;-46,55965
Dados de teste 3605;-23,2838;-45,979401
Dados de teste 3606;-22,751444;-45,105067
Dados de teste 3607;0;0
Dados de teste 3608;-22,875437;-45,257927
Dados de teste 3609;-23,279301;-45,982201
Dados de teste 3610;-23,43067;-46,415585
Dados de teste 3611;-23,274961;-45,973761
Dados de teste 3612;-23,280281;-45,981228
Dados de teste 3613;0;0
Dados de teste 3614;0;0
Dados de teste 3615;-23,464613;-46,499051
Dados de teste 3616;-22,751789;-45,104737
Dados de teste 3617;-23,431905;-46,418527
Dados de teste 3618;-22,751177;-45,105167
Dados de teste 3619;-22,751651;-45,104939
Dados de teste 3620;-23,43123;-46,416921
Dados de teste 3621;-22,742841;-45,093792
Dados de teste 3622;-23,496183;-46,559053
Dados de teste 3623;0;0
Dados de teste 3624;-23,278521;-45,979053
Dados de teste 3625;-23,278606;-45,979211
Dados de teste 3626;-22,751786;-45,104739
Dados de teste 3627;-22,75188;-45,10493
Dados de teste 3628;-23,457872;-46,479664
Dados de teste 3629;-23,279288;-45,980211
Dados de teste 3630;0;0
Dados de teste 3631;0;0
Dados de teste 3632;-23,215706;-45,89513
Dados de teste 3633;-23,2796;-45,9815
Dados de teste 3634;-23,43524;-46,426468
Dados de teste 3635;-23,274961;-45,973725
Dados de teste 3636;-23,279803;-45,980921
Dados de teste 3637;-23,266767;-45,960962
Dados de teste 3638;-23,434118;-46,423797
Dados de teste 3639;-23,259439;-45,949424
Dados de teste 3640;-46,423302;-46,423302
Dados de teste 3641;-23,26674;-45,960979
Dados de teste 3642;-22,829586;-45,210356
Dados de teste 3643;-23,228517;-45,909078
Dados de teste 3644;-23,434823;-46,425035
Dados de teste 3645;-23,442801;-46,444
Dados de teste 3646;0;0
Dados de teste 3647;0;0
Dados de teste 3648;-46,462399;-46,462399
Dados de teste 3649;-23,454445;-46,471339
Dados de teste 3650;-23,413601;-46,360298
Dados de teste 3651;0;0
Dados de teste 3652;-23,278764;-45,979387
Dados de teste 3653;0;0
Dados de teste 3654;-23,4191;-46,381401
Dados de teste 3655;-23,435137;-46,425829
Dados de teste 3656;0;0
Dados de teste 3657;-23,438286;-46,43449
Dados de teste 3658;-46,4184;-46,4184
Dados de teste 3659;-46,471001;-46,471001
Dados de teste 3660;-23,444;-46,445801
Dados de teste 3661;-23,442301;-46,443401
Dados de teste 3662;-46,4706;-46,4706
Dados de teste 3663;0;0
Dados de teste 3664;-23,443833;-46,447199
Dados de teste 3665;-23,436253;-46,429074
Dados de teste 3666;-23,4135;-46,361698
Dados de teste 3667;-46,422699;-46,422699
Dados de teste 3668;-23,434455;-46,424599
Dados de teste 3669;-46,421001;-46,421001
Dados de teste 3670;-23,445741;-46,452322
Dados de teste 3671;0;0
Dados de teste 3672;-23,434904;-46,425669
Dados de teste 3673;-23,443701;-46,446499
Dados de teste 3674;-22,875281;-45,258224
Dados de teste 3675;0;0
Dados de teste 3676;0;0
Dados de teste 3677;-46,445599;-46,445599
Dados de teste 3678;-23,436467;-46,429589
Dados de teste 3679;-23,448314;-46,458475
Dados de teste 3680;-23,440621;-46,439304
Dados de teste 3681;0;0
Dados de teste 3682;-23,444901;-46,448601
Dados de teste 3683;-23,446199;-46,452702
Dados de teste 3684;0;0
Dados de teste 3685;-23,43271;-46,419989
Dados de teste 3686;-23,436489;-46,430215
Dados de teste 3687;-23,436356;-46,429325
Dados de teste 3688;-23,280001;-45,981201
Dados de teste 3689;0;0
Dados de teste 3690;-23,435128;-46,426203
Dados de teste 3691;-23,449088;-46,459715
Dados de teste 3692;-23,432129;-46,419059
Dados de teste 3693;-23,448302;-46,457842
Dados de teste 3694;-23,435017;-46,425936
Dados de teste 3695;0;0
Dados de teste 3696;0;0
Dados de teste 3697;0;0
Dados de teste 3698;-22,792692;-45,163248
Dados de teste 3699;-23,437593;-46,432259
Dados de teste 3700;-22,874884;-45,259543
Dados de teste 3701;-23,43525;-46,426097
Dados de teste 3702;-23,442301;-46,443001
Dados de teste 3703;-46,423;-46,423
Dados de teste 3704;-23,436716;-46,430751
Dados de teste 3705;-23,446508;-46,453563
Dados de teste 3706;-23,436921;-46,430659
Dados de teste 3707;-23,443199;-46,444099
Dados de teste 3708;-23,432889;-46,420871
Dados de teste 3709;-46,449501;-46,449501
Dados de teste 3710;-23,437256;-46,431457
Dados de teste 3711;-23,443727;-46,44694
Dados de teste 3712;-23,43198;-46,418485
Dados de teste 3713;-46,449699;-46,449699
Dados de teste 3714;0;0
Dados de teste 3715;-23,45025;-46,46235
Dados de teste 3716;-23,436375;-46,429948
Dados de teste 3717;-23,436151;-46,429417
Dados de teste 3718;-23,43694;-46,431282
Dados de teste 3719;-23,4431;-46,444801
Dados de teste 3720;-22,781472;-45,146976
Dados de teste 3721;-23,436262;-46,429681
Dados de teste 3722;0;0
Dados de teste 3723;-23,433494;-46,421865
Dados de teste 3724;-23,437145;-46,43119
Dados de teste 3725;-23,449579;-46,460747
Dados de teste 3726;-23,437401;-46,4314
Dados de teste 3727;-23,43423;-46,424064
Dados de teste 3728;-46,424099;-46,424099
Dados de teste 3729;-46,443901;-46,443901
Dados de teste 3730;0;0
Dados de teste 3731;-23,442101;-46,442501
Dados de teste 3732;-23,432552;-46,42007
Dados de teste 3733;-23,449796;-46,460638
Dados de teste 3734;-46,419201;-46,419201
Dados de teste 3735;-23,448202;-46,458208
Dados de teste 3736;-23,4445;-46,448299
Dados de teste 3737;-23,447854;-46,456775
Dados de teste 3738;0;0
Dados de teste 3739;-23,436694;-46,430123
Dados de teste 3740;-23,437276;-46,432087
Dados de teste 3741;-23,43658;-46,429856
Dados de teste 3742;-23,438062;-46,433955
Dados de teste 3743;-23,44563;-46,452055
Dados de teste 3744;-23,529728;-46,588983
Dados de teste 3745;-23,436602;-46,430481
Dados de teste 3746;-23,448527;-46,458377
Dados de teste 3747;-22,87545;-45,256994
Dados de teste 3748;-23,436732;-46,429614
Dados de teste 3749;0;0
Dados de teste 3750;-23,449425;-46,460518
Dados de teste 3751;0;0
Dados de teste 3752;-46,4226;-46,4226
Dados de teste 3753;-22,875209;-45,256875
Dados de teste 3754;-22,783055;-45,149626
Dados de teste 3755;-23,446285;-46,453029
Dados de teste 3756;-22,874957;-45,258731
Dados de teste 3757;-23,433669;-46,422728
Dados de teste 3758;-23,438734;-46,435557
Dados de teste 3759;-22,829585;-45,210365
Dados de teste 3760;-23,433765;-46,422655
Dados de teste 3761;-23,465109;-46,498799
Dados de teste 3762;-46,422199;-46,422199
Dados de teste 3763;-22,903275;-45,306741
Dados de teste 3764;-23,448426;-46,458741
Dados de teste 3765;-23,448975;-46,459446
Dados de teste 3766;0;0
Dados de teste 3767;0;0
Dados de teste 3768;-23,441021;-46,440528
Dados de teste 3769;-23,522907;-46,586247
Dados de teste 3770;-22,781937;-45,146535
Dados de teste 3771;-22,874866;-45,259051
Dados de teste 3772;-23,446189;-46,45339
Dados de teste 3773;-23,446173;-46,452762
Dados de teste 3774;-23,436047;-46,429165
Dados de teste 3775;-23,449099;-46,46035
Dados de teste 3776;-23,43705;-46,431543
Dados de teste 3777;-23,436807;-46,430389
Dados de teste 3778;-23,437367;-46,431724
Dados de teste 3779;-23,445519;-46,451787
Dados de teste 3780;-23,437162;-46,431816
Dados de teste 3781;-23,44965;-46,461054
Dados de teste 3782;-23,448088;-46,45794
Dados de teste 3783;-23,445727;-46,451693
Dados de teste 3784;-23,445838;-46,451961
Dados de teste 3785;-23,518078;-46,581192
Dados de teste 3786;-22,875449;-45,256999
Dados de teste 3787;-22,829583;-45,210365
Dados de teste 3788;-23,438154;-46,433598
Dados de teste 3789;-23,437949;-46,43369
Dados de teste 3790;-23,4338;-46,422401
Dados de teste 3791;-46,4202;-46,4202
Dados de teste 3792;-23,446523;-46,45419
Dados de teste 3793;-23,464423;-46,498528
Dados de teste 3794;-22,874875;-45,25931
Dados de teste 3795;-22,874907;-45,256876
Dados de teste 3796;-23,46503;-46,498562
Dados de teste 3797;-23,437481;-46,431995
Dados de teste 3798;0;0
Dados de teste 3799;-23,34157;-46,155091
Dados de teste 3800;-23,464912;-46,498271
Dados de teste 3801;-22,823391;-45,192848
Dados de teste 3802;-23,498592;-46,560606
Dados de teste 3803;-23,461014;-46,487967
Dados de teste 3804;0;0
Dados de teste 3805;-22,875667;-45,257269
Dados de teste 3806;0;0
Dados de teste 3807;0;0
Dados de teste 3808;-22,829666;-45,210566
Dados de teste 3809;-23,433334;-46,421929
Dados de teste 3810;-23,457078;-46,478936
Dados de teste 3811;-22,823419;-45,192832
Dados de teste 3812;-23,456744;-46,47815
Dados de teste 3813;-23,436379;-46,428825
Dados de teste 3814;-23,436484;-46,429396
Dados de teste 3815;-23,445965;-46,452856
Dados de teste 3816;-23,448863;-46,459178
Dados de teste 3817;0;0
Dados de teste 3818;-46,421902;-46,421902
Dados de teste 3819;0;0
Dados de teste 3820;-23,448762;-46,459545
Dados de teste 3821;-23,446397;-46,453296
Dados de teste 3822;-23,443518;-46,447034
Dados de teste 3823;-23,4463;-46,453657
Dados de teste 3824;0;0
Dados de teste 3825;-23,449211;-46,460617
Dados de teste 3826;-22,875607;-45,25762
Dados de teste 3827;-23,433127;-46,421051
Dados de teste 3828;-23,4338;-46,422401
Dados de teste 3829;0;0
Dados de teste 3830;-22,874612;-45,256925
Dados de teste 3831;-22,874886;-45,256869
Dados de teste 3832;-46,4212;-46,4212
Dados de teste 3833;-22,874609;-45,256909
Dados de teste 3834;-23,464912;-46,498271
Dados de teste 3835;0;0
Dados de teste 3836;-23,432997;-46,421128
Dados de teste 3837;0;0
Dados de teste 3838;-23,465173;-46,498968
Dados de teste 3839;-23,518742;-46,581864
Dados de teste 3840;-23,441134;-46,440796
Dados de teste 3841;-23,449437;-46,461152
Dados de teste 3842;-23,341431;-46,154773
Dados de teste 3843;-23,29739;-46,0081
Dados de teste 3844;-23,444201;-46,448799
Dados de teste 3845;-23,507489;-46,570706
Dados de teste 3846;0;0
Dados de teste 3847;-23,439563;-46,437053
Dados de teste 3848;-23,321985;-46,112144
Dados de teste 3849;-23,52333;-46,58658
Dados de teste 3850;-23,436136;-46,428109
Dados de teste 3851;-23,436373;-46,429129
Dados de teste 3852;-23,433382;-46,421597
Dados de teste 3853;-23,29739;-46,0081
Dados de teste 3854;-23,526081;-46,588197
Dados de teste 3855;0;0
Dados de teste 3856;-22,82962;-45,209999
Dados de teste 3857;-23,457078;-46,478936
Dados de teste 3858;0;0
Dados de teste 3859;0;0
Dados de teste 3860;-23,523135;-46,586423
Dados de teste 3861;-23,434006;-46,423529
Dados de teste 3862;-22,781704;-45,146753
Dados de teste 3863;-23,448752;-46,458911
Dados de teste 3864;-23,29739;-46,0081
Dados de teste 3865;-22,875231;-45,256843
Dados de teste 3866;-23,464477;-46,498674
Dados de teste 3867;-23,446077;-46,453123
Dados de teste 3868;0;0
Dados de teste 3869;-23,447079;-46,455536
Dados de teste 3870;0;0
Dados de teste 3871;-23,438939;-46,435465
Dados de teste 3872;-23,4454;-46,4505
Dados de teste 3873;0;0
Dados de teste 3874;-23,464423;-46,498528
Dados de teste 3875;-23,492881;-46,551561
Dados de teste 3876;-23,4135;-46,3619
Dados de teste 3877;0;0
Dados de teste 3878;-23,501703;-46,565089
Dados de teste 3879;-22,8751;-45,258464
Dados de teste 3880;-23,471133;-46,517681
Dados de teste 3881;-23,321983;-46,112141
Dados de teste 3882;-23,445296;-46,451252
Dados de teste 3883;-23,438828;-46,435199
Dados de teste 3884;-23,457297;-46,479464
Dados de teste 3885;-23,340342;-46,152723
Dados de teste 3886;-23,508094;-46,5713
Dados de teste 3887;-23,4443;-46,447899
Dados de teste 3888;0;0
Dados de teste 3889;0;0
Dados de teste 3890;-23,519144;-46,582228
Dados de teste 3891;-23,303499;-46,028702
Dados de teste 3892;-23,337557;-46,147374
Dados de teste 3893;0;0
Dados de teste 3894;-23,464943;-46,498432
Dados de teste 3895;-23,449536;-46,460784
Dados de teste 3896;-23,445182;-46,450985
Dados de teste 3897;0;0
Dados de teste 3898;0;0
Dados de teste 3899;-23,521306;-46,584286
Dados de teste 3900;-23,341567;-46,155037
Dados de teste 3901;-23,456499;-46,4781
Dados de teste 3902;0;0
Dados de teste 3903;-23,338322;-46,148579
Dados de teste 3904;-23,302678;-46,02602
Dados de teste 3905;0;0
Dados de teste 3906;-23,516242;-46,579442
Dados de teste 3907;-23,516242;-46,579442
Dados de teste 3908;-23,518742;-46,581864
Dados de teste 3909;-23,445299;-46,449799
Dados de teste 3910;-23,30308;-46,027599
Dados de teste 3911;-23,439051;-46,435732
Dados de teste 3912;-23,438491;-46,434398
Dados de teste 3913;-23,452801;-46,4683
Dados de teste 3914;-23,503072;-46,566183
Dados de teste 3915;0;0
Dados de teste 3916;-23,339845;-46,151588
Dados de teste 3917;-23,321699;-46,112099
Dados de teste 3918;0;0
Dados de teste 3919;-23,516036;-46,579236
Dados de teste 3920;-23,4431;-46,4515
Dados de teste 3921;-23,33782;-46,147779
Dados de teste 3922;-23,340455;-46,152953
Dados de teste 3923;-23,438846;-46,435824
Dados de teste 3924;-23,450664;-46,46346
Dados de teste 3925;-23,32202;-46,10058
Dados de teste 3926;-46,4688;-46,4688
Dados de teste 3927;-23,4526;-46,467701
Dados de teste 3928;-23,338045;-46,148188
Dados de teste 3929;-23,445407;-46,45152
Dados de teste 3930;-23,33736;-46,146905
Dados de teste 3931;0;0
Dados de teste 3932;-23,460225;-46,485742
Dados de teste 3933;0;0
Dados de teste 3934;-23,448987;-46,460082
Dados de teste 3935;-23,515425;-46,578661
Dados de teste 3936;-23,180043;-45,838297
Dados de teste 3937;-23,149526;-45,778873
Dados de teste 3938;-23,441468;-46,441601
Dados de teste 3939;0;0
Dados de teste 3940;-23,302788;-46,026377
Dados de teste 3941;-23,340041;-46,152082
Dados de teste 3942;-23,438174;-46,434223
Dados de teste 3943;0;0
Dados de teste 3944;0;0
Dados de teste 3945;0;0
Dados de teste 3946;-23,524542;-46,586981
Dados de teste 3947;-23,452356;-46,468023
Dados de teste 3948;-23,453704;-46,471229
Dados de teste 3949;-23,449201;-46,459984
Dados de teste 3950;-23,449322;-46,460882
Dados de teste 3951;-23,516036;-46,579236
Dados de teste 3952;-23,180313;-45,839261
Dados de teste 3953;-23,445616;-46,451426
Dados de teste 3954;-23,525803;-46,588275
Dados de teste 3955;-23,452244;-46,467756
Dados de teste 3956;-23,303241;-46,028296
Dados de teste 3957;-23,180273;-45,838432
Dados de teste 3958;-23,438622;-46,435291
Dados de teste 3959;0;0
Dados de teste 3960;-23,454;-46,471001
Dados de teste 3961;-23,340147;-46,152387
Dados de teste 3962;-23,445279;-46,450625
Dados de teste 3963;-23,453874;-46,471823
Dados de teste 3964;0;0
Dados de teste 3965;-23,303469;-46,02904
Dados de teste 3966;-23,345605;-46,162995
Dados de teste 3967;-23,453699;-46,471298
Dados de teste 3968;0;0
Dados de teste 3969;-23,449312;-46,460251
Dados de teste 3970;0;0
Dados de teste 3971;-23,452805;-46,469093
Dados de teste 3972;-23,321988;-46,111749
Dados de teste 3973;-23,303115;-46,02791
Dados de teste 3974;-23,345765;-46,163297
Dados de teste 3975;-23,453256;-46,470163
Dados de teste 3976;-23,302412;-46,026917
Dados de teste 3977;-23,445165;-46,450359
Dados de teste 3978;0;0
Dados de teste 3979;-23,444957;-46,450453
Dados de teste 3980;-23,45007;-46,462135
Dados de teste 3981;-23,45169;-46,466418
Dados de teste 3982;-23,448874;-46,459813
Dados de teste 3983;-23,445504;-46,451159
Dados de teste 3984;-23,322059;-46,10071
Dados de teste 3985;-23,302884;-46,026779
Dados de teste 3986;-23,445391;-46,450891
Dados de teste 3987;-23,451579;-46,466152
Dados de teste 3988;-23,302953;-46,027215
Dados de teste 3989;-23,4445;-46,448502
Dados de teste 3990;-23,167458;-45,815402
Dados de teste 3991;-23,4519;-46,466202
Dados de teste 3992;0;0
Dados de teste 3993;-23,331425;-46,135873
Dados de teste 3994;0;0
Dados de teste 3995;-23,452696;-46,468825
Dados de teste 3996;-23,453031;-46,469628
Dados de teste 3997;-23,439183;-46,436627
Dados de teste 3998;0;0
Dados de teste 3999;0;0
Dados de teste 4000;0;0
Dados de teste 4001;-23,515425;-46,578661
Dados de teste 4002;-23,449651;-46,461689
Dados de teste 4003;0;0
Dados de teste 4004;-23,445068;-46,450714
Dados de teste 4005;0;0
Dados de teste 4006;-23,439165;-46,436003
Dados de teste 4007;-23,149311;-45,778661
Dados de teste 4008;0;0
Dados de teste 4009;-23,452748;-46,469121
Dados de teste 4010;-23,440583;-46,440112
Dados de teste 4011;-23,441694;-46,442134
Dados de teste 4012;-23,440797;-46,439993
Dados de teste 4013;-23,525408;-46,58796
Dados de teste 4014;0;0
Dados de teste 4015;0;0
Dados de teste 4016;-23,424534;-46,401832
Dados de teste 4017;-23,452471;-46,46829
Dados de teste 4018;-23,508708;-46,571856
Dados de teste 4019;0;0
Dados de teste 4020;0;0
Dados de teste 4021;-23,440011;-46,438123
Dados de teste 4022;-23,502853;-46,56675
Dados de teste 4023;-23,424426;-46,401563
Dados de teste 4024;-23,438044;-46,433334
Dados de teste 4025;-23,441705;-46,442787
Dados de teste 4026;0;0
Dados de teste 4027;-23,180123;-45,839465
Dados de teste 4028;-23,331705;-46,136389
Dados de teste 4029;-23,44047;-46,439845
Dados de teste 4030;0;0
Dados de teste 4031;-23,301718;-46,024482
Dados de teste 4032;-23,453818;-46,471499
Dados de teste 4033;-23,441255;-46,441718
Dados de teste 4034;-23,439388;-46,436535
Dados de teste 4035;-23,4137;-46,360901
Dados de teste 4036;0;0
Dados de teste 4037;-23,43896;-46,436095
Dados de teste 4038;0;0
Dados de teste 4039;-23,502583;-46,565475
Dados de teste 4040;-23,180982;-45,840592
Dados de teste 4041;-23,45263;-46,468859
Dados de teste 4042;-23,508917;-46,572058
Dados de teste 4043;-23,515214;-46,578453
Dados de teste 4044;0;0
Dados de teste 4045;-23,167756;-45,81606
Dados de teste 4046;-23,180655;-45,839568
Dados de teste 4047;-23,500225;-46,563047
Dados de teste 4048;0;0
Dados de teste 4049;-23,453593;-46,470966
Dados de teste 4050;-23,527048;-46,588883
Dados de teste 4051;-23,452499;-46,467499
Dados de teste 4052;0;0
Dados de teste 4053;-23,437839;-46,433425
Dados de teste 4054;-23,181049;-45,839949
Dados de teste 4055;-46,4711;-46,4711
Dados de teste 4056;0;0
Dados de teste 4057;0;0
Dados de teste 4058;-23,526081;-46,588197
Dados de teste 4059;0;0
Dados de teste 4060;-23,452583;-46,468558
Dados de teste 4061;-23,424872;-46,402633
Dados de teste 4062;0;0
Dados de teste 4063;-23,509114;-46,572242
Dados de teste 4064;-23,441906;-46,443019
Dados de teste 4065;-23,45348;-46,470696
Dados de teste 4066;-23,508497;-46,571664
Dados de teste 4067;-23,515214;-46,578453
Dados de teste 4068;-23,516442;-46,579633
Dados de teste 4069;0;0
Dados de teste 4070;-23,301737;-46,024499
Dados de teste 4071;-23,506839;-46,57045
Dados de teste 4072;0;0
Dados de teste 4073;-23,180179;-45,839739
Dados de teste 4074;-23,45292;-46,469364
Dados de teste 4075;0;0
Dados de teste 4076;0;0
Dados de teste 4077;-23,439349;-46,437172
Dados de teste 4078;0;0
Dados de teste 4079;-23,438379;-46,434131
Dados de teste 4080;-23,439071;-46,436359
Dados de teste 4081;-23,173631;-45,827698
Dados de teste 4082;-23,450172;-46,462708
Dados de teste 4083;-23,180379;-45,839478
Dados de teste 4084;-23,149915;-45,780206
Dados de teste 4085;-23,453368;-46,470431
Dados de teste 4086;-23,507881;-46,5711
Dados de teste 4087;-23,44148;-46,442253
Dados de teste 4088;-23,441919;-46,442668
Dados de teste 4089;-23,453144;-46,469896
Dados de teste 4090;-23,110725;-45,703426
Dados de teste 4091;-23,301553;-46,024614
Dados de teste 4092;-23,507697;-46,570931
Dados de teste 4093;-23,4135;-46,3605
Dados de teste 4094;-23,303047;-46,02876
Dados de teste 4095;-23,443166;-46,445603
Dados de teste 4096;-23,413401;-46,360199
Dados de teste 4097;-23,173485;-45,8277
Dados de teste 4098;-23,43828;-46,433674
Dados de teste 4099;-23,516442;-46,579633
Dados de teste 4100;-23,179561;-45,838389
Dados de teste 4101;-23,5083;-46,571475
Dados de teste 4102;0;0
Dados de teste 4103;-46,4715;-46,4715
Dados de teste 4104;-23,4541;-46,471368
Dados de teste 4105;-23,181098;-45,840296
Dados de teste 4106;-23,454076;-46,471046
Dados de teste 4107;-23,524542;-46,586981
Dados de teste 4108;0;0
Dados de teste 4109;-23,180402;-45,838698
Dados de teste 4110;-23,502377;-46,566056
Dados de teste 4111;-23,424648;-46,402098
Dados de teste 4112;0;0
Dados de teste 4113;0;0
Dados de teste 4114;-23,440807;-46,440647
Dados de teste 4115;-23,180454;-45,840631
Dados de teste 4116;-23,331375;-46,135747
Dados de teste 4117;-23,509958;-46,573781
Dados de teste 4118;0;0
Dados de teste 4119;-23,442046;-46,442935
Dados de teste 4120;-23,413799;-46,46085
Dados de teste 4121;-23,179482;-45,83894
Dados de teste 4122;0;0
Dados de teste 4123;-23,303157;-46,029096
Dados de teste 4124;-23,524767;-46,587153
Dados de teste 4125;-23,442691;-46,444886
Dados de teste 4126;-23,523028;-46,585775
Dados de teste 4127;-23,524756;-46,587421
Dados de teste 4128;0;0
Dados de teste 4129;-23,302268;-46,026592
Dados de teste 4130;-23,500717;-46,563694
Dados de teste 4131;-23,524767;-46,587153
Dados de teste 4132;-23,520501;-46,583842
Dados de teste 4133;-23,500386;-46,559039
Dados de teste 4134;-23,501219;-46,5644
Dados de teste 4135;-23,441368;-46,441986
Dados de teste 4136;-23,302581;-46,027276
Dados de teste 4137;-23,521306;-46,584286
Dados de teste 4138;-23,441593;-46,442514
Dados de teste 4139;-23,500031;-46,562783
Dados de teste 4140;-23,149683;-45,779514
Dados de teste 4141;0;0
Dados de teste 4142;-23,18091;-45,839745
Dados de teste 4143;-23,502542;-46,566308
Dados de teste 4144;-23,501372;-46,564622
Dados de teste 4145;-23,179813;-45,838279
Dados de teste 4146;-23,524756;-46,587421
Dados de teste 4147;-23,180731;-45,84069
Dados de teste 4148;-23,149802;-45,77985
Dados de teste 4149;-23,522597;-46,585411
Dados de teste 4150;-23,149619;-45,779159
Dados de teste 4151;-23,321756;-46,112151
Dados de teste 4152;-23,525853;-46,588008
Dados de teste 4153;-23,44092;-46,440915
Dados de teste 4154;-23,442577;-46,444619
Dados de teste 4155;-23,179452;-45,838661
Dados de teste 4156;-23,443026;-46,445687
Dados de teste 4157;-23,180405;-45,838997
Dados de teste 4158;-23,198199;-45,876001
Dados de teste 4159;-23,441808;-46,442401
Dados de teste 4160;-23,507044;-46,570622
Dados de teste 4161;-23,502044;-46,564681
Dados de teste 4162;-23,495436;-46,559811
Dados de teste 4163;0;0
Dados de teste 4164;-23,321768;-46,111716
Dados de teste 4165;-23,517226;-46,5807
Dados de teste 4166;-23,321552;-46,101251
Dados de teste 4167;-23,509958;-46,573781
Dados de teste 4168;-23,5004;-46,563267
Dados de teste 4169;-23,501561;-46,564878
Dados de teste 4170;-23,500556;-46,563472
Dados de teste 4171;-23,331374;-46,135776
Dados de teste 4172;-23,500869;-46,563911
Dados de teste 4173;-23,506631;-46,570261
Dados de teste 4174;0;0
Dados de teste 4175;-23,525243;-46,586439
Dados de teste 4176;-23,442718;-46,444535
Dados de teste 4177;-23,302144;-46,026221
Dados de teste 4178;-23,302915;-46,02838
Dados de teste 4179;-23,503828;-46,568119
Dados de teste 4180;-23,448649;-46,459276
Dados de teste 4181;-23,496361;-46,559942
Dados de teste 4182;-23,502583;-46,565475
Dados de teste 4183;-23,110896;-45,703235
Dados de teste 4184;-23,502744;-46,565717
Dados de teste 4185;-23,517064;-46,580233
Dados de teste 4186;0;0
Dados de teste 4187;-23,525853;-46,588008
Dados de teste 4188;-23,423087;-46,396791
Dados de teste 4189;-23,496807;-46,560003
Dados de teste 4190;-23,33143;-46,135864
Dados de teste 4191;-23,11091;-45,703249
Dados de teste 4192;-23,440684;-46,439726
Dados de teste 4193;-23,517064;-46,580233
Dados de teste 4194;-23,522597;-46,585411
Dados de teste 4195;-23,502744;-46,565717
Dados de teste 4196;-23,303457;-46,029836
Dados de teste 4197;0;0
Dados de teste 4198;-23,523028;-46,585775
Dados de teste 4199;-23,525411;-46,587672
Dados de teste 4200;-23,517667;-46,580814
Dados de teste 4201;-23,436052;-46,427852
Dados de teste 4202;-23,520696;-46,584039
Dados de teste 4203;0;0
Dados de teste 4204;-23,29739;-46,0081
Dados de teste 4205;-23,510178;-46,574003
Dados de teste 4206;-23,302799;-46,028036
Dados de teste 4207;-23,505611;-46,569297
Dados de teste 4208;-23,106951;-45,697921
Dados de teste 4209;-23,505611;-46,569297
Dados de teste 4210;-23,512178;-46,575556
Dados de teste 4211;-23,516811;-46,580334
Dados de teste 4212;-23,516864;-46,580033
Dados de teste 4213;-23,518478;-46,581586
Dados de teste 4214;-23,50222;-46,564942
Dados de teste 4215;-23,302682;-46,02766
Dados de teste 4216;-23,42325;-46,397357
Dados de teste 4217;-23,501061;-46,564169
Dados de teste 4218;-23,454433;-46,473842
Dados de teste 4219;-23,442354;-46,444085
Dados de teste 4220;-23,303298;-46,029486
Dados de teste 4221;-23,331977;-46,137021
Dados de teste 4222;-23,518478;-46,581586
Dados de teste 4223;-23,448639;-46,458643
Dados de teste 4224;-23,506839;-46,57045
Dados de teste 4225;-23,502044;-46,564681
Dados de teste 4226;0;0
Dados de teste 4227;-23,301762;-46,024905
Dados de teste 4228;-23,506631;-46,570261
Dados de teste 4229;-23,525172;-46,587472
Dados de teste 4230;-23,301405;-46,023694
Dados de teste 4231;-23,447284;-46,456078
Dados de teste 4232;-23,443412;-46,44678
Dados de teste 4233;-23,5209;-46,584226
Dados de teste 4234;0;0
Dados de teste 4235;-23,447615;-46,456243
Dados de teste 4236;-23,44216;-46,443202
Dados de teste 4237;-23,517226;-46,5807
Dados de teste 4238;-23,50222;-46,564942
Dados de teste 4239;-23,301927;-46,025546
Dados de teste 4240;-23,517667;-46,580814
Dados de teste 4241;0;0
Dados de teste 4242;-23,516026;-46,579574
Dados de teste 4243;-23,51702;-46,580516
Dados de teste 4244;0;0
Dados de teste 4245;0;0
Dados de teste 4246;0;0
Dados de teste 4247;-23,117342;-45,716384
Dados de teste 4248;-23,500767;-46,561717
Dados de teste 4249;-23,436359;-46,428643
Dados de teste 4250;-23,301874;-46,025282
Dados de teste 4251;-23,447732;-46,456514
Dados de teste 4252;0;0
Dados de teste 4253;-23,507044;-46,570622
Dados de teste 4254;-23,44764;-46,456874
Dados de teste 4255;-23,117314;-45,716148
Dados de teste 4256;-23,516026;-46,579574
Dados de teste 4257;-23,517428;-46,580904
Dados de teste 4258;-23,499589;-46,558997
Dados de teste 4259;-23,516811;-46,580334
Dados de teste 4260;-23,437388;-46,43235
Dados de teste 4261;-23,496289;-46,559319
Dados de teste 4262;-23,500736;-46,561531
Dados de teste 4263;-23,493544;-46,559667
Dados de teste 4264;-23,503031;-46,567003
Dados de teste 4265;-23,302053;-46,025937
Dados de teste 4266;0;0
Dados de teste 4267;-23,502753;-46,566606
Dados de teste 4268;-23,44202;-46,443285
Dados de teste 4269;-23,505828;-46,5695
Dados de teste 4270;-23,504667;-46,568239
Dados de teste 4271;-23,517264;-46,580422
Dados de teste 4272;-23,517442;-46,580614
Dados de teste 4273;-23,524309;-46,587069
Dados de teste 4274;-23,461208;-46,4885
Dados de teste 4275;0;0
Dados de teste 4276;-23,494056;-46,559731
Dados de teste 4277;0;0
Dados de teste 4278;-23,517442;-46,580614
Dados de teste 4279;-23,504847;-46,56845
Dados de teste 4280;-23,520708;-46,5837
Dados de teste 4281;-23,524581;-46,586733
Dados de teste 4282;-23,51702;-46,580516
Dados de teste 4283;0;0
Dados de teste 4284;-23,447518;-46,456613
Dados de teste 4285;-23,443055;-46,445337
Dados de teste 4286;-23,506442;-46,570072
Dados de teste 4287;0;0
Dados de teste 4288;-23,506231;-46,569883
Dados de teste 4289;-23,512178;-46,575556
Dados de teste 4290;-23,517428;-46,580904
Dados de teste 4291;-23,518269;-46,581392
Dados de teste 4292;-23,520108;-46,583139
Dados de teste 4293;-23,520506;-46,583503
Dados de teste 4294;-23,422535;-46,394789
Dados de teste 4295;-23,443406;-46,446163
Dados de teste 4296;-23,443305;-46,446523
Dados de teste 4297;-23,505428;-46,569108
Dados de teste 4298;-23,506019;-46,569692
Dados de teste 4299;-23,029328;-45,545932
Dados de teste 4300;-23,451599;-46,464901
Dados de teste 4301;-23,505428;-46,569108
Dados de teste 4302;-23,107121;-45,69816
Dados de teste 4303;-23,106411;-45,697081
Dados de teste 4304;-22,982717;-45,46335
Dados de teste 4305;-23,423345;-46,397628
Dados de teste 4306;-23,442382;-46,443735
Dados de teste 4307;-23,432066;-46,419103
Dados de teste 4308;-23,448538;-46,459009
Dados de teste 4309;-23,44362;-46,446686
Dados de teste 4310;-23,029093;-45,545416
Dados de teste 4311;-23,02926;-45,54563
Dados de teste 4312;-23,442606;-46,444269
Dados de teste 4313;-22,983098;-45,464754
Dados de teste 4314;-23,520303;-46,583314
Dados de teste 4315;-23,117532;-45,716579
Dados de teste 4316;-23,442943;-46,445069
Dados de teste 4317;-23,518269;-46,581392
Dados de teste 4318;-23,517875;-46,581
Dados de teste 4319;-22,98296;-45,464058
Dados de teste 4320;-23,442803;-46,445153
Dados de teste 4321;-23,442466;-46,444352
Dados de teste 4322;-23,117302;-45,716159
Dados de teste 4323;-23,516864;-46,580033
Dados de teste 4324;-22,9828;-45,463699
Dados de teste 4325;-23,494972;-46,559772
Dados de teste 4326;-23,106789;-45,697673
Dados de teste 4327;-23,517264;-46,580422
Dados de teste 4328;-23,516212;-46,579743
Dados de teste 4329;-23,442915;-46,44542
Dados de teste 4330;-23,504847;-46,56845
Dados de teste 4331;-23,50525;-46,568883
Dados de teste 4332;-23,423175;-46,397067
Dados de teste 4333;-23,525528;-46,5863
Dados de teste 4334;-23,422678;-46,39537
Dados de teste 4335;-23,506231;-46,569883
Dados de teste 4336;-23,149111;-45,778709
Dados de teste 4337;-23,506019;-46,569692
Dados de teste 4338;-23,517875;-46,581
Dados de teste 4339;-23,516212;-46,579743
Dados de teste 4340;-23,110909;-45,703256
Dados de teste 4341;-23,510178;-46,574003
Dados de teste 4342;-23,520108;-46,583139
Dados de teste 4343;-23,110719;-45,703441
Dados de teste 4344;-23,443198;-46,446257
Dados de teste 4345;-23,117512;-45,716569
Dados de teste 4346;-23,442494;-46,444002
Dados de teste 4347;-23,520303;-46,583314
Dados de teste 4348;-23,515008;-46,578253
Dados de teste 4349;-23,442831;-46,444802
Dados de teste 4350;-23,148886;-45,77885
Dados de teste 4351;-23,110898;-45,703245
Dados de teste 4352;-23,106536;-45,697301
Dados de teste 4353;-23,495903;-46,559869
Dados de teste 4354;-23,443294;-46,445893
Dados de teste 4355;-23,443514;-46,446429
Dados de teste 4356;-23,520506;-46,583503
Dados de teste 4357;-23,44227;-46,443468
Dados de teste 4358;0;0
Dados de teste 4359;-23,024097;-45,538251
Dados de teste 4360;-23,44213;-46,443552
Dados de teste 4361;-23,442242;-46,443819
Dados de teste 4362;-22,983031;-45,464392
Dados de teste 4363;-23,422758;-46,395654
Dados de teste 4364;0;0
Dados de teste 4365;-23,422455;-46,394505
Dados de teste 4366;-23,029348;-45,545933
Dados de teste 4367;-23,518078;-46,581192
Dados de teste 4368;-23,029251;-45,545604
Dados de teste 4369;-23,4445;-46,448799
Dados de teste 4370;-22,983164;-45,465076
Dados de teste 4371;-23,511225;-46,575019
Dados de teste 4372;0;0
Dados de teste 4373;-23,511411;-46,5752
Dados de teste 4374;-23,511035;-46,574818
Dados de teste 4375;-23,513659;-46,577317
Dados de teste 4376;-23,521712;-46,584999
Dados de teste 4377;-23,504177;-46,568085
Dados de teste 4378;-23,511225;-46,575019
Dados de teste 4379;-23,510408;-46,574239
Dados de teste 4380;-23,510592;-46,574414
Dados de teste 4381;0;0
Dados de teste 4382;-23,510592;-46,574414
Dados de teste 4383;-23,504942;-46,568953
Dados de teste 4384;0;0
Dados de teste 4385;-23,514268;-46,577912
Dados de teste 4386;-23,519299;-46,582704
Dados de teste 4387;-23,505533;-46,569573
Dados de teste 4388;-23,515363;-46,578927
Dados de teste 4389;-23,509789;-46,573658
Dados de teste 4390;-23,518386;-46,581819
Dados de teste 4391;-23,510821;-46,574624
Dados de teste 4392;-23,51405;-46,57768
Dados de teste 4393;-23,504539;-46,568533
Dados de teste 4394;-23,505126;-46,569145
Dados de teste 4395;0;0
Dados de teste 4396;-23,511035;-46,574818
Dados de teste 4397;-23,499089;-46,559117
Dados de teste 4398;-23,508425;-46,572369
Dados de teste 4399;-23,519706;-46,583088
Dados de teste 4400;0;0
Dados de teste 4401;-23,51821;-46,581664
Dados de teste 4402;-23,518697;-46,58211
Dados de teste 4403;-23,518697;-46,58211
Dados de teste 4404;-23,504358;-46,568311
Dados de teste 4405;-23,504741;-46,568757
Dados de teste 4406;-23,503989;-46,567852
Dados de teste 4407;-23,503989;-46,567852
Dados de teste 4408;-23,508028;-46,571983
Dados de teste 4409;-23,521712;-46,584999
Dados de teste 4410;-23,510408;-46,574239
Dados de teste 4411;-23,504358;-46,568311
Dados de teste 4412;-23,425207;-46,402461
Dados de teste 4413;0;0
Dados de teste 4414;-23,519706;-46,583088
Dados de teste 4415;-23,461208;-46,4885
Dados de teste 4416;-23,461014;-46,487967
Dados de teste 4417;0;0
Dados de teste 4418;0;0
Dados de teste 4419;-23,524114;-46,586644
Dados de teste 4420;0;0
Dados de teste 4421;-23,510821;-46,574624
Dados de teste 4422;-23,517636;-46,581106
Dados de teste 4423;-23,519711;-46,582756
Dados de teste 4424;-23,509022;-46,572936
Dados de teste 4425;0;0
Dados de teste 4426;-23,524303;-46,586772
Dados de teste 4427;-23,515603;-46,579158
Dados de teste 4428;0;0
Dados de teste 4429;-23,515822;-46,579371
Dados de teste 4430;-23,506348;-46,57034
Dados de teste 4431;-23,515603;-46,579158
Dados de teste 4432;-23,517636;-46,581106
Dados de teste 4433;-23,508225;-46,572167
Dados de teste 4434;-23,500947;-46,560547
Dados de teste 4435;-23,452753;-46,468159
Dados de teste 4436;-23,519319;-46,582397
Dados de teste 4437;0;0
Dados de teste 4438;-23,51821;-46,581664
Dados de teste 4439;-23,523661;-46,586306
Dados de teste 4440;-23,51405;-46,57768
Dados de teste 4441;-23,509214;-46,573133
Dados de teste 4442;-23,508619;-46,572556
Dados de teste 4443;-23,453454;-46,46941
Dados de teste 4444;-23,508028;-46,571983
Dados de teste 4445;-23,499341;-46,559056
Dados de teste 4446;-23,519514;-46,582575
Dados de teste 4447;0;0
Dados de teste 4448;-23,519897;-46,58293
Dados de teste 4449;-23,510139;-46,573622
Dados de teste 4450;-23,519144;-46,582228
Dados de teste 4451;-23,525571;-46,588076
Dados de teste 4452;-23,524538;-46,587253
Dados de teste 4453;-23,491189;-46,549211
Dados de teste 4454;-23,515822;-46,579371
Dados de teste 4455;-23,524309;-46,587069
Dados de teste 4456;-23,452889;-46,468075
Dados de teste 4457;-23,509214;-46,573133
Dados de teste 4458;-23,502406;-46,565219
Dados de teste 4459;-23,502406;-46,565219
Dados de teste 4460;0;0
Dados de teste 4461;0;0
Dados de teste 4462;-23,519299;-46,582704
Dados de teste 4463;-23,522808;-46,585589
Dados de teste 4464;0;0
Dados de teste 4465;-23,508699;-46,572498
Dados de teste 4466;-23,524303;-46,586772
Dados de teste 4467;-23,504539;-46,568533
Dados de teste 4468;0;0
Dados de teste 4469;-23,430953;-46,417078
Dados de teste 4470;-23,514268;-46,577912
Dados de teste 4471;-23,505316;-46,569366
Dados de teste 4472;-23,496467;-46,559508
Dados de teste 4473;-23,530358;-46,590131
Dados de teste 4474;0;0
Dados de teste 4475;-23,493592;-46,552561
Dados de teste 4476;-23,508225;-46,572167
Dados de teste 4477;-23,509022;-46,572936
Dados de teste 4478;0;0
Dados de teste 4479;-23,498114;-46,5598
Dados de teste 4480;-23,518386;-46,581819
Dados de teste 4481;-23,518939;-46,582033
Dados de teste 4482;-23,5084;-46,572399
Dados de teste 4483;-23,515363;-46,578927
Dados de teste 4484;-23,519897;-46,58293
Dados de teste 4485;-23,522808;-46,585589
Dados de teste 4486;0;0
Dados de teste 4487;0;0
Dados de teste 4488;-23,506135;-46,570155
Dados de teste 4489;-23,494847;-46,554272
Dados de teste 4490;-23,525174;-46,587777
Dados de teste 4491;-23,500869;-46,560822
Dados de teste 4492;0;0
Dados de teste 4493;-23,519319;-46,582397
Dados de teste 4494;-23,510536;-46,574011
Dados de teste 4495;-23,525803;-46,588275
Dados de teste 4496;0;0
Dados de teste 4497;0;0
Dados de teste 4498;-23,524114;-46,586644
Dados de teste 4499;0;0
Dados de teste 4500;-23,520708;-46,5837
Dados de teste 4501;-23,523453;-46,586117
Dados de teste 4502;-23,521111;-46,584111
Dados de teste 4503;-23,503072;-46,566183
Dados de teste 4504;-23,500814;-46,562
Dados de teste 4505;-23,508808;-46,572742
Dados de teste 4506;-23,511353;-46,574778
Dados de teste 4507;0;0
Dados de teste 4508;-23,519514;-46,582575
Dados de teste 4509;-23,508425;-46,572369
Dados de teste 4510;-23,478261;-46,529503
Dados de teste 4511;-23,491028;-46,548978
Dados de teste 4512;-23,525571;-46,588076
Dados de teste 4513;-23,522381;-46,585231
Dados de teste 4514;-23,511353;-46,574778
Dados de teste 4515;0;0
Dados de teste 4516;-23,523239;-46,585947
Dados de teste 4517;-23,500164;-46,558961
Dados de teste 4518;0;0
Dados de teste 4519;-23,519711;-46,582756
Dados de teste 4520;-23,453852;-46,470505
Dados de teste 4521;-23,527772;-46,589814
Dados de teste 4522;-23,527772;-46,589814
Dados de teste 4523;0;0
Dados de teste 4524;-23,492347;-46,550836
Dados de teste 4525;-23,510928;-46,574367
Dados de teste 4526;-23,521108;-46,584416
Dados de teste 4527;-23,45393;-46,471762
Dados de teste 4528;-23,527128;-46,589264
Dados de teste 4529;-23,524538;-46,587253
Dados de teste 4530;-23,491028;-46,548978
Dados de teste 4531;-23,510744;-46,574194
Dados de teste 4532;-23,524975;-46,587604
Dados de teste 4533;-23,510928;-46,574367
Dados de teste 4534;-23,460742;-46,487208
Dados de teste 4535;0;0
Dados de teste 4536;-23,509731;-46,572814
Dados de teste 4537;0;0
Dados de teste 4538;-23,527559;-46,589623
Dados de teste 4539;-23,511561;-46,574975
Dados de teste 4540;-23,453093;-46,468959
Dados de teste 4541;0;0
Dados de teste 4542;-23,509494;-46,5726
Dados de teste 4543;-23,509319;-46,572432
Dados de teste 4544;-23,524975;-46,587604
Dados de teste 4545;-23,510744;-46,574194
Dados de teste 4546;-23,522363;-46,585555
Dados de teste 4547;0;0
Dados de teste 4548;-23,521111;-46,584111
Dados de teste 4549;-23,491189;-46,549211
Dados de teste 4550;-23,492347;-46,550836
Dados de teste 4551;-23,521289;-46,584592
Dados de teste 4552;-23,522363;-46,585555
Dados de teste 4553;-23,526465;-46,588732
Dados de teste 4554;-23,510536;-46,574011
Dados de teste 4555;-23,512431;-46,576175
Dados de teste 4556;-23,526465;-46,588732
Dados de teste 4557;-23,525174;-46,587777
Dados de teste 4558;0;0
Dados de teste 4559;-23,4925;-46,551102
Dados de teste 4560;-23,526901;-46,58908
Dados de teste 4561;-23,5098;-46,573631
Dados de teste 4562;-23,526901;-46,58908
Dados de teste 4563;-23,527559;-46,589623
Dados de teste 4564;-23,453985;-46,4711
Dados de teste 4565;-23,5035;-46,567675
Dados de teste 4566;-23,528164;-46,589808
Dados de teste 4567;-23,453874;-46,470835
Dados de teste 4568;-23,527355;-46,589438
Dados de teste 4569;-23,453788;-46,470214
Dados de teste 4570;-23,511561;-46,574975
Dados de teste 4571;-23,510333;-46,573825
Dados de teste 4572;-23,510333;-46,573825
Dados de teste 4573;-23,465647;-46,500781
Dados de teste 4574;-23,527783;-46,588806
Dados de teste 4575;-23,45421;-46,471628
Dados de teste 4576;-23,452499;-46,468102
Dados de teste 4577;-23,527531;-46,58875
Dados de teste 4578;0;0
Dados de teste 4579;-23,493447;-46,552347
Dados de teste 4580;0;0
Dados de teste 4581;-23,503633;-46,567853
Dados de teste 4582;-23,464956;-46,498856
Dados de teste 4583;-23,526015;-46,58841
Dados de teste 4584;0;0
Dados de teste 4585;-23,449959;-46,462509
Dados de teste 4586;-23,453001;-46,468342
Dados de teste 4587;-23,421396;-46,390248
Dados de teste 4588;-23,513865;-46,577516
Dados de teste 4589;-23,503172;-46,567208
Dados de teste 4590;-23,527275;-46,588639
Dados de teste 4591;-23,526667;-46,588902
Dados de teste 4592;-23,527047;-46,588525
Dados de teste 4593;0;0
Dados de teste 4594;-23,4536;-46,4702
Dados de teste 4595;-23,526667;-46,588902
Dados de teste 4596;-23,526789;-46,588378
Dados de teste 4597;-23,453964;-46,470773
Dados de teste 4598;-46,4701;-46,4701
Dados de teste 4599;-23,527355;-46,589438
Dados de teste 4600;-23,453567;-46,469679
Dados de teste 4601;-23,521108;-46,584416
Dados de teste 4602;-23,494847;-46,554272
Dados de teste 4603;-23,453229;-46,468875
Dados de teste 4604;-23,526234;-46,588558
Dados de teste 4605;0;0
Dados de teste 4606;0;0
Dados de teste 4607;-23,453431;-46,469762
Dados de teste 4608;-23,527975;-46,589631
Dados de teste 4609;-23,527753;-46,589461
Dados de teste 4610;-23,52755;-46,589297
Dados de teste 4611;-23,494686;-46,554052
Dados de teste 4612;-23,527297;-46,589078
Dados de teste 4613;-46,5541;-46,5541
Dados de teste 4614;0;0
Dados de teste 4615;-23,513473;-46,577147
Dados de teste 4616;0;0
Dados de teste 4617;-23,521518;-46,584787
Dados de teste 4618;-23,521518;-46,584787
Dados de teste 4619;-23,505937;-46,569962
Dados de teste 4620;-23,449546;-46,461418
Dados de teste 4621;-23,494101;-46,553398
Dados de teste 4622;-23,519903;-46,583291
Dados de teste 4623;-23,519903;-46,583291
Dados de teste 4624;-23,515092;-46,578688
Dados de teste 4625;-46,552898;-46,552898
Dados de teste 4626;-23,520085;-46,583465
Dados de teste 4627;-23,520085;-46,583465
Dados de teste 4628;-23,511614;-46,575394
Dados de teste 4629;-23,513473;-46,577147
Dados de teste 4630;-23,494214;-46,553406
Dados de teste 4631;-23,494214;-46,553406
Dados de teste 4632;0;0
Dados de teste 4633;-23,520315;-46,583669
Dados de teste 4634;-23,512217;-46,575972
Dados de teste 4635;-23,494058;-46,553183
Dados de teste 4636;-23,494058;-46,553183
Dados de teste 4637;-23,494528;-46,553839
Dados de teste 4638;-23,51447;-46,578094
Dados de teste 4639;-23,512431;-46,576175
Dados de teste 4640;-23,454104;-46,471684
Dados de teste 4641;-23,493592;-46,552561
Dados de teste 4642;-23,494375;-46,553625
Dados de teste 4643;-23,505731;-46,569762
Dados de teste 4644;0;0
Dados de teste 4645;0;0
Dados de teste 4646;-23,420935;-46,390073
Dados de teste 4647;-23,452978;-46,468693
Dados de teste 4648;-23,453652;-46,470299
Dados de teste 4649;-46,469898;-46,469898
Dados de teste 4650;0;0
Dados de teste 4651;-23,493447;-46,552347
Dados de teste 4652;-23,514665;-46,57825
Dados de teste 4653;-23,433542;-46,423129
Dados de teste 4654;-23,512019;-46,575789
Dados de teste 4655;-23,51447;-46,578094
Dados de teste 4656;-23,493744;-46,552758
Dados de teste 4657;0;0
Dados de teste 4658;-23,433318;-46,422593
Dados de teste 4659;-23,493897;-46,552967
Dados de teste 4660;-23,513276;-46,57696
Dados de teste 4661;-23,432405;-46,420462
Dados de teste 4662;-23,493897;-46,552967
Dados de teste 4663;-23,501877;-46,564917
Dados de teste 4664;0;0
Dados de teste 4665;-23,515092;-46,578688
Dados de teste 4666;-23,512217;-46,575972
Dados de teste 4667;0;0
Dados de teste 4668;-23,50525;-46,568883
Dados de teste 4669;0;0
Dados de teste 4670;0;0
Dados de teste 4671;0;0
Dados de teste 4672;-23,4505;-46,463699
Dados de teste 4673;-23,433956;-46,423572
Dados de teste 4674;-23,513276;-46,57696
Dados de teste 4675;-23,506348;-46,57034
Dados de teste 4676;-23,514665;-46,57825
Dados de teste 4677;0;0
Dados de teste 4678;-23,493031;-46,551769
Dados de teste 4679;-23,506135;-46,570155
Dados de teste 4680;0;0
Dados de teste 4681;-23,512019;-46,575789
Dados de teste 4682;-23,511614;-46,575394
Dados de teste 4683;0;0
Dados de teste 4684;-23,514888;-46,578497
Dados de teste 4685;-23,502186;-46,565395
Dados de teste 4686;0;0
Dados de teste 4687;-23,518033;-46,581492
Dados de teste 4688;-23,492689;-46,551303
Dados de teste 4689;0;0
Dados de teste 4690;-23,433734;-46,423039
Dados de teste 4691;0;0
Dados de teste 4692;-23,422596;-46,395088
Dados de teste 4693;0;0
Dados de teste 4694;-23,514888;-46,578497
Dados de teste 4695;-23,433764;-46,423662
Dados de teste 4696;-23,452417;-46,46736
Dados de teste 4697;-23,43626;-46,428363
Dados de teste 4698;0;0
Dados de teste 4699;0;0
Dados de teste 4700;0;0
Dados de teste 4701;-23,450555;-46,463191
Dados de teste 4702;-23,446608;-46,453411
Dados de teste 4703;0;0
Dados de teste 4704;-23,498044;-46,560486
Dados de teste 4705;-23,433201;-46,422401
Dados de teste 4706;-23,526261;-46,58599
Dados de teste 4707;0;0
Dados de teste 4708;-23,497261;-46,560097
Dados de teste 4709;-23,419901;-46,389599
Dados de teste 4710;-23,493031;-46,551769
Dados de teste 4711;-23,430843;-46,416811
Dados de teste 4712;-23,426892;-46,4058
Dados de teste 4713;-23,449864;-46,46159
Dados de teste 4714;-23,498933;-46,561067
Dados de teste 4715;-23,419109;-46,383354
Dados de teste 4716;-23,501866;-46,565328
Dados de teste 4717;-23,450442;-46,462924
Dados de teste 4718;-23,498756;-46,560839
Dados de teste 4719;-23,422974;-46,397138
Dados de teste 4720;0;0
Dados de teste 4721;0;0
Dados de teste 4722;-23,502807;-46,566287
Dados de teste 4723;-23,431179;-46,417612
Dados de teste 4724;0;0
Dados de teste 4725;0;0
Dados de teste 4726;-23,416266;-46,372337
Dados de teste 4727;-23,518033;-46,581492
Dados de teste 4728;-23,499889;-46,562594
Dados de teste 4729;-23,430207;-46,414869
Dados de teste 4730;0;0
Dados de teste 4731;0;0
Dados de teste 4732;-23,504667;-46,568239
Dados de teste 4733;-23,450899;-46,4641
Dados de teste 4734;-23,449855;-46,462234
Dados de teste 4735;-23,492689;-46,551303
Dados de teste 4736;-23,497928;-46,559503
Dados de teste 4737;-23,416359;-46,372613
Dados de teste 4738;0;0
Dados de teste 4739;-23,50205;-46,565595
Dados de teste 4740;-23,431069;-46,417344
Dados de teste 4741;-23,497544;-46,560206
Dados de teste 4742;0;0
Dados de teste 4743;-23,493158;-46,551947
Dados de teste 4744;0;0
Dados de teste 4745;-23,502645;-46,566067
Dados de teste 4746;-23,424185;-46,399128
Dados de teste 4747;-23,499031;-46,561427
Dados de teste 4748;0;0
Dados de teste 4749;-23,43289;-46,420557
Dados de teste 4750;-23,492017;-46,550369
Dados de teste 4751;-23,423822;-46,398639
Dados de teste 4752;-23,493158;-46,551947
Dados de teste 4753;-23,491353;-46,549442
Dados de teste 4754;-23,417362;-46,376896
Dados de teste 4755;-23,526811;-46,588658
Dados de teste 4756;-23,423295;-46,396982
Dados de teste 4757;-23,491658;-46,549867
Dados de teste 4758;-23,422828;-46,39562
Dados de teste 4759;-46,424599;-46,424599
Dados de teste 4760;-23,499119;-46,561328
Dados de teste 4761;-23,493294;-46,552147
Dados de teste 4762;-23,492017;-46,550369
Dados de teste 4763;0;0
Dados de teste 4764;-23,501444;-46,563211
Dados de teste 4765;-23,432293;-46,420195
Dados de teste 4766;-23,419318;-46,384204
Dados de teste 4767;-23,491819;-46,5501
Dados de teste 4768;-23,511767;-46,575164
Dados de teste 4769;-23,461111;-46,488222
Dados de teste 4770;-23,492183;-46,550597
Dados de teste 4771;-23,491819;-46,5501
Dados de teste 4772;-23,504177;-46,568085
Dados de teste 4773;-23,426663;-46,405261
Dados de teste 4774;-23,498458;-46,5608
Dados de teste 4775;-23,424784;-46,400766
Dados de teste 4776;-23,513831;-46,577114
Dados de teste 4777;-23,502181;-46,5644
Dados de teste 4778;-23,511767;-46,575164
Dados de teste 4779;-23,499725;-46,562331
Dados de teste 4780;-23,499219;-46,561661
Dados de teste 4781;-23,491658;-46,549867
Dados de teste 4782;-23,4223;-46,393002
Dados de teste 4783;-23,499567;-46,562119
Dados de teste 4784;0;0
Dados de teste 4785;-23,525408;-46,58796
Dados de teste 4786;-23,491492;-46,549636
Dados de teste 4787;-23,492517;-46,551058
Dados de teste 4788;-23,503311;-46,567
Dados de teste 4789;-23,502645;-46,566067
Dados de teste 4790;-23,520501;-46,583842
Dados de teste 4791;-23,504942;-46,568953
Dados de teste 4792;-23,498264;-46,560631
Dados de teste 4793;-23,501722;-46,563669
Dados de teste 4794;-23,497792;-46,560339
Dados de teste 4795;-23,499386;-46,561903
Dados de teste 4796;-23,501578;-46,563436
Dados de teste 4797;-23,501869;-46,563903
Dados de teste 4798;0;0
Dados de teste 4799;-23,509708;-46,573219
Dados de teste 4800;-23,491353;-46,549442
Dados de teste 4801;-23,501686;-46,564644
Dados de teste 4802;-23,435681;-46,428113
Dados de teste 4803;-23,513394;-46,576711
Dados de teste 4804;-23,498853;-46,561197
Dados de teste 4805;-23,461111;-46,488222
Dados de teste 4806;-23,501039;-46,562517
Dados de teste 4807;0;0
Dados de teste 4808;-23,505731;-46,569762
Dados de teste 4809;-23,514422;-46,577675
Dados de teste 4810;-23,502186;-46,565395
Dados de teste 4811;-23,417644;-46,37803
Dados de teste 4812;-23,501319;-46,564133
Dados de teste 4813;-23,5209;-46,584226
Dados de teste 4814;-23,493294;-46,552147
Dados de teste 4815;-23,498672;-46,561
Dados de teste 4816;-23,512578;-46,575936
Dados de teste 4817;-23,501164;-46,562742
Dados de teste 4818;-23,514181;-46,577486
Dados de teste 4819;-23,511975;-46,575364
Dados de teste 4820;-23,504741;-46,568757
Dados de teste 4821;0;0
Dados de teste 4822;-23,430428;-46,415401
Dados de teste 4823;-23,514181;-46,577486
Dados de teste 4824;-23,507831;-46,571792
Dados de teste 4825;-23,514422;-46,577675
Dados de teste 4826;-23,514011;-46,577308
Dados de teste 4827;-23,417721;-46,378313
Dados de teste 4828;-23,501686;-46,564644
Dados de teste 4829;-23,430105;-46,414592
Dados de teste 4830;-23,505937;-46,569962
Dados de teste 4831;-23,462825;-46,493164
Dados de teste 4832;-23,429112;-46,412836
Dados de teste 4833;-23,504333;-46,567281
Dados de teste 4834;-23,430751;-46,416197
Dados de teste 4835;-23,520696;-46,584039
Dados de teste 4836;-23,513394;-46,576711
Dados de teste 4837;-23,513628;-46,576936
Dados de teste 4838;-23,525004;-46,58656
Dados de teste 4839;0;0
Dados de teste 4840;-23,417495;-46,377465
Dados de teste 4841;-23,514619;-46,577847
Dados de teste 4842;-23,501922;-46,559544
Dados de teste 4843;-23,502807;-46,566287
Dados de teste 4844;-23,507831;-46,571792
Dados de teste 4845;0;0
Dados de teste 4846;-23,513208;-46,576544
Dados de teste 4847;-23,462633;-46,492611
Dados de teste 4848;-23,470275;-46,51475
Dados de teste 4849;-23,417427;-46,377181
Dados de teste 4850;-23,514619;-46,577847
Dados de teste 4851;-23,511975;-46,575364
Dados de teste 4852;-23,5015;-46,564389
Dados de teste 4853;0;0
Dados de teste 4854;-23,509708;-46,573219
Dados de teste 4855;0;0
Dados de teste 4856;-23,417567;-46,377748
Dados de teste 4857;-23,429877;-46,414046
Dados de teste 4858;-23,460037;-46,491172
Dados de teste 4859;-23,470275;-46,51475
Dados de teste 4860;-23,435774;-46,428075
Dados de teste 4861;-23,462731;-46,492886
Dados de teste 4862;-23,513628;-46,576936
Dados de teste 4863;-23,501986;-46,5641
Dados de teste 4864;-23,434588;-46,425179
Dados de teste 4865;-23,512578;-46,575936
Dados de teste 4866;-23,433502;-46,422511
Dados de teste 4867;-23,430313;-46,415124
Dados de teste 4868;-23,513831;-46,577114
Dados de teste 4869;-23,430655;-46,415923
Dados de teste 4870;-23,512797;-46,576147
Dados de teste 4871;-23,501411;-46,562989
Dados de teste 4872;-23,512797;-46,576147
Dados de teste 4873;-23,432368;-46,419834
Dados de teste 4874;-23,50204;-46,565147
Dados de teste 4875;-23,436145;-46,428825
Dados de teste 4876;-23,433845;-46,423305
Dados de teste 4877;-23,514828;-46,578061
Dados de teste 4878;-23,430918;-46,416452
Dados de teste 4879;-23,417875;-46,378875
Dados de teste 4880;-23,430535;-46,415664
Dados de teste 4881;-23,512972;-46,576317
Dados de teste 4882;-23,514011;-46,577308
Dados de teste 4883;-23,50204;-46,565147
Dados de teste 4884;-23,434284;-46,424378
Dados de teste 4885;-23,427076;-46,407353
Dados de teste 4886;0;0
Dados de teste 4887;-23,514828;-46,578061
Dados de teste 4888;0;0
Dados de teste 4889;-23,433652;-46,423395
Dados de teste 4890;-23,502975;-46,566528
Dados de teste 4891;-23,416039;-46,370925
Dados de teste 4892;-23,429991;-46,414325
Dados de teste 4893;-46,4173;-46,4173
Dados de teste 4894;-23,503622;-46,567394
Dados de teste 4895;-23,423373;-46,396337
Dados de teste 4896;-23,513208;-46,576544
Dados de teste 4897;-23,503813;-46,567666
Dados de teste 4898;-23,41625;-46,373231
Dados de teste 4899;-23,503813;-46,567666
Dados de teste 4900;-23,422542;-46,394478
Dados de teste 4901;0;0
Dados de teste 4902;-23,502339;-46,565594
Dados de teste 4903;-23,503622;-46,567394
Dados de teste 4904;-46,4189;-46,4189
Dados de teste 4905;-23,502186;-46,565394
Dados de teste 4906;-23,415518;-46,370088
Dados de teste 4907;-23,418588;-46,381407
Dados de teste 4908;-23,501877;-46,564917
Dados de teste 4909;0;0
Dados de teste 4910;-23,503121;-46,56676
Dados de teste 4911;0;0
Dados de teste 4912;-23,415417;-46,368669
Dados de teste 4913;-23,418745;-46,380732
Dados de teste 4914;-23,420682;-46,387742
Dados de teste 4915;0;0
Dados de teste 4916;-23,4133;-46,363998
Dados de teste 4917;-23,42373;-46,397745
Dados de teste 4918;-23,422762;-46,39533
Dados de teste 4919;0;0
Dados de teste 4920;-23,503472;-46,567204
Dados de teste 4921;-23,419058;-46,381447
Dados de teste 4922;-23,506442;-46,570072
Dados de teste 4923;-23,423182;-46,39641
Dados de teste 4924;-23,502186;-46,565394
Dados de teste 4925;-23,502975;-46,566528
Dados de teste 4926;-23,502501;-46,56583
Dados de teste 4927;-23,503311;-46,567
Dados de teste 4928;-23,440701;-46,4454
Dados de teste 4929;-23,422879;-46,394973
Dados de teste 4930;-23,422949;-46,395887
Dados de teste 4931;0;0
Dados de teste 4932;-23,503472;-46,567204
Dados de teste 4933;0;0
Dados de teste 4934;-23,419127;-46,382466
Dados de teste 4935;-23,415133;-46,368089
Dados de teste 4936;0;0
Dados de teste 4937;0;0
Dados de teste 4938;-23,413669;-46,360634
Dados de teste 4939;-23,423552;-46,397809
Dados de teste 4940;-46,425701;-46,425701
Dados de teste 4941;-46,417801;-46,417801
Dados de teste 4942;-23,422468;-46,394195
Dados de teste 4943;-23,502339;-46,565594
Dados de teste 4944;0;0
Dados de teste 4945;-23,423995;-46,398577
Dados de teste 4946;0;0
Dados de teste 4947;0;0
Dados de teste 4948;-23,413601;-46,3606
Dados de teste 4949;0;0
Dados de teste 4950;-23,423809;-46,398026
Dados de teste 4951;-23,422667;-46,395063
Dados de teste 4952;-23,502501;-46,56583
Dados de teste 4953;-23,432499;-46,419434
Dados de teste 4954;-23,4433;-46,445
Dados de teste 4955;0;0
Dados de teste 4956;-23,423635;-46,398088
Dados de teste 4957;0;0
Dados de teste 4958;-23,4137;-46,3615
Dados de teste 4959;0;0
Dados de teste 4960;0;0
Dados de teste 4961;-23,42401;-46,399189
Dados de teste 4962;-23,468972;-46,510553
Dados de teste 4963;-23,415764;-46,370924
Dados de teste 4964;0;0
Dados de teste 4965;-23,503894;-46,566772
Dados de teste 4966;-46,424301;-46,424301
Dados de teste 4967;0;0
Dados de teste 4968;-23,413601;-46,360699
Dados de teste 4969;-23,415756;-46,371222
Dados de teste 4970;0;0
Dados de teste 4971;-23,427003;-46,406067
Dados de teste 4972;-23,423913;-46,398918
Dados de teste 4973;0;0
Dados de teste 4974;0;0
Dados de teste 4975;-23,493736;-46,553647
Dados de teste 4976;-23,503356;-46,566122
Dados de teste 4977;-23,414499;-46,362801
Dados de teste 4978;-23,502572;-46,565003
Dados de teste 4979;0;0
Dados de teste 4980;-23,493908;-46,553897
Dados de teste 4981;-23,502897;-46,565483
Dados de teste 4982;0;0
Dados de teste 4983;-23,502378;-46,564717
Dados de teste 4984;-23,494072;-46,554136
Dados de teste 4985;0;0
Dados de teste 4986;0;0
Dados de teste 4987;-23,502717;-46,565247
Dados de teste 4988;0;0
Dados de teste 4989;0;0
Dados de teste 4990;-23,503208;-46,565922
Dados de teste 4991;0;0
Dados de teste 4992;0;0
Dados de teste 4993;-23,4136;-46,3612
Dados de teste 4994;0;0
Dados de teste 4995;-23,503053;-46,565686
Dados de teste 4996;-23,504033;-46,567064
Dados de teste 4997;-23,503556;-46,566367
Dados de teste 4998;-23,504194;-46,567247
Dados de teste 4999;0;0
Dados de teste 5000;-23,503733;-46,566594
Dados de teste 5001;-23,479431;-46,530867
Dados de teste 5002;-23,479431;-46,530867
Dados de teste 5003;-23,479275;-46,530628
Dados de teste 5004;-23,479275;-46,530628
Dados de teste 5005;-23,500475;-46,562386
Dados de teste 5006;-23,500475;-46,562386
Dados de teste 5007;-23,500331;-46,562125
Dados de teste 5008;-23,466439;-46,503617
Dados de teste 5009;0;0
Dados de teste 5010;-23,500331;-46,562125
Dados de teste 5011;-23,462683;-46,49255
Dados de teste 5012;-23,462683;-46,49255
Dados de teste 5013;-23,462583;-46,492286
Dados de teste 5014;-23,462583;-46,492286
Dados de teste 5015;-23,462489;-46,492014
Dados de teste 5016;-23,462489;-46,492014
Dados de teste 5017;-23,462367;-46,491706
Dados de teste 5018;-23,462367;-46,491706
Dados de teste 5019;-23,462264;-46,491422
Dados de teste 5020;-23,462264;-46,491422
Dados de teste 5021;0;0
Dados de teste 5022;0;0
Dados de teste 5023;-23,500019;-46,561608
Dados de teste 5024;-23,500019;-46,561608
Dados de teste 5025;-23,466536;-46,503883
Dados de teste 5026;-23,466536;-46,503883
Dados de teste 5027;-23,499853;-46,561353
Dados de teste 5028;-23,499853;-46,561353
Dados de teste 5029;-23,499667;-46,561083
Dados de teste 5030;-23,421317;-46,389963
Dados de teste 5031;-23,468656;-46,510281
Dados de teste 5032;-23,422001;-46,392799
Dados de teste 5033;-23,422199;-46,393799
Dados de teste 5034;0;0
Dados de teste 5035;-23,421177;-46,389435
Dados de teste 5036;-23,444136;-46,446526
Dados de teste 5037;0;0
Dados de teste 5038;-23,478972;-46,530142
Dados de teste 5039;-23,421709;-46,391366
Dados de teste 5040;-23,468656;-46,510281
Dados de teste 5041;-23,478972;-46,530142
Dados de teste 5042;-23,487911;-46,544131
Dados de teste 5043;-23,487911;-46,544131
Dados de teste 5044;-23,487753;-46,543881
Dados de teste 5045;-23,487753;-46,543881
Dados de teste 5046;-23,487592;-46,543639
Dados de teste 5047;-23,487592;-46,543639
Dados de teste 5048;-23,479814;-46,531914
Dados de teste 5049;-23,457219;-46,478039
Dados de teste 5050;-23,479814;-46,531914
Dados de teste 5051;-23,478817;-46,529894
Dados de teste 5052;-23,491767;-46,5505
Dados de teste 5053;-23,491767;-46,5505
Dados de teste 5054;-23,491594;-46,550275
Dados de teste 5055;-23,491594;-46,550275
Dados de teste 5056;-23,489739;-46,546972
Dados de teste 5057;-23,488108;-46,544858
Dados de teste 5058;-23,489739;-46,546972
Dados de teste 5059;-23,491439;-46,550047
Dados de teste 5060;-23,491439;-46,550047
Dados de teste 5061;-23,487436;-46,543383
Dados de teste 5062;-23,487436;-46,543383
Dados de teste 5063;-23,499869;-46,561772
Dados de teste 5064;0;0
Dados de teste 5065;-23,499667;-46,561083
Dados de teste 5066;0;0
Dados de teste 5067;0;0
Dados de teste 5068;-23,478817;-46,529894
Dados de teste 5069;-23,488108;-46,544858
Dados de teste 5070;-23,463161;-46,49425
Dados de teste 5071;-23,463161;-46,49425
Dados de teste 5072;-23,496975;-46,55725
Dados de teste 5073;0;0
Dados de teste 5074;-23,459347;-46,483722
Dados de teste 5075;-23,459347;-46,483722
Dados de teste 5076;-23,459233;-46,483444
Dados de teste 5077;-23,462958;-46,493742
Dados de teste 5078;0;0
Dados de teste 5079;-23,459233;-46,483444
Dados de teste 5080;-23,497133;-46,557489
Dados de teste 5081;-23,497133;-46,557489
Dados de teste 5082;-23,459133;-46,483214
Dados de teste 5083;-23,496975;-46,55725
Dados de teste 5084;-23,459133;-46,483214
Dados de teste 5085;-23,462958;-46,493742
Dados de teste 5086;-23,463075;-46,494025
Dados de teste 5087;-23,462383;-46,493122
Dados de teste 5088;-23,462492;-46,493397
Dados de teste 5089;-23,459222;-46,482833
Dados de teste 5090;0;0
Dados de teste 5091;0;0
Dados de teste 5092;-23,427709;-46,40772
Dados de teste 5093;0;0
Dados de teste 5094;0;0
Dados de teste 5095;-23,462464;-46,492631
Dados de teste 5096;-23,462464;-46,492631
Dados de teste 5097;0;0
Dados de teste 5098;-23,462361;-46,492364
Dados de teste 5099;-23,462361;-46,492364
Dados de teste 5100;0;0
Dados de teste 5101;-23,462065;-46,491539
Dados de teste 5102;-23,462161;-46,491814
Dados de teste 5103;-23,462161;-46,491814
Dados de teste 5104;0;0
Dados de teste 5105;0;0
Dados de teste 5106;-23,463997;-46,496886
Dados de teste 5107;0;0
Dados de teste 5108;-23,462564;-46,492906
Dados de teste 5109;-23,463608;-46,495794
Dados de teste 5110;-23,463608;-46,495794
Dados de teste 5111;-23,4637;-46,496075
Dados de teste 5112;-23,4637;-46,496075
Dados de teste 5113;-23,462258;-46,492081
Dados de teste 5114;-23,462258;-46,492081
Dados de teste 5115;-23,462564;-46,492906
Dados de teste 5116;0;0
Dados de teste 5117;-23,467203;-46,505108
Dados de teste 5118;-23,4638;-46,496339
Dados de teste 5119;0;0
Dados de teste 5120;-23,463894;-46,496614
Dados de teste 5121;-23,462664;-46,493186
Dados de teste 5122;-23,463894;-46,496614
Dados de teste 5123;0;0
Dados de teste 5124;-23,464094;-46,497158
Dados de teste 5125;0;0
Dados de teste 5126;-23,462664;-46,493186
Dados de teste 5127;-23,428165;-46,408808
Dados de teste 5128;-23,463508;-46,495531
Dados de teste 5129;-23,463508;-46,495531
Dados de teste 5130;0;0
Dados de teste 5131;-23,511811;-46,575569
Dados de teste 5132;-23,50945;-46,573375
Dados de teste 5133;-23,50945;-46,573375
Dados de teste 5134;-23,26535;-45,959197
Dados de teste 5135;-23,239042;-45,92095
Dados de teste 5136;-23,248508;-45,932622
Dados de teste 5137;-23,509617;-46,573536
Dados de teste 5138;-23,509617;-46,573536
Dados de teste 5139;-23,228517;-45,909078
Dados de teste 5140;0;0
Dados de teste 5141;-23,496322;-46,556339
Dados de teste 5142;-23,247312;-45,930728
Dados de teste 5143;-23,500525;-46,562094
Dados de teste 5144;-23,496633;-46,556781
Dados de teste 5145;-23,460789;-46,488039
Dados de teste 5146;-23,511817;-46,575937
Dados de teste 5147;-23,49585;-46,55565
Dados de teste 5148;-23,494908;-46,554864
Dados de teste 5149;-23,49585;-46,55565
Dados de teste 5150;-23,239035;-45,920962
Dados de teste 5151;0;0
Dados de teste 5152;-23,228523;-45,90907
Dados de teste 5153;-23,496172;-46,556097
Dados de teste 5154;-23,496172;-46,556097
Dados de teste 5155;-23,493919;-46,553481
Dados de teste 5156;-23,228517;-45,909078
Dados de teste 5157;-23,228523;-45,909075
Dados de teste 5158;-23,500344;-46,561842
Dados de teste 5159;-23,247312;-45,930728
Dados de teste 5160;-23,495681;-46,555411
Dados de teste 5161;-23,239035;-45,920978
Dados de teste 5162;-23,495681;-46,555411
Dados de teste 5163;-23,228523;-45,90907
Dados de teste 5164;-23,495503;-46,555167
Dados de teste 5165;-23,239042;-45,92095
Dados de teste 5166;0;0
Dados de teste 5167;-23,239042;-45,92095
Dados de teste 5168;-23,237467;-45,919272
Dados de teste 5169;-23,490558;-46,548719
Dados de teste 5170;-23,237558;-45,91921
Dados de teste 5171;-23,228523;-45,90907
Dados de teste 5172;-23,228517;-45,909078
Dados de teste 5173;0;0
Dados de teste 5174;-23,248508;-45,932622
Dados de teste 5175;-23,237562;-45,919418
Dados de teste 5176;-23,495247;-46,555325
Dados de teste 5177;0;0
Dados de teste 5178;-23,496486;-46,556564
Dados de teste 5179;-23,496486;-46,556564
Dados de teste 5180;0;0
Dados de teste 5181;-23,495503;-46,555167
Dados de teste 5182;-23,239048;-45,920973
Dados de teste 5183;-23,500172;-46,561597
Dados de teste 5184;-23,482283;-46,535775
Dados de teste 5185;-23,495339;-46,554931
Dados de teste 5186;0;0
Dados de teste 5187;-23,495339;-46,554931
Dados de teste 5188;-23,237562;-45,919418
Dados de teste 5189;-23,495178;-46,554706
Dados de teste 5190;0;0
Dados de teste 5191;-23,494569;-46,554392
Dados de teste 5192;-23,228523;-45,909075
Dados de teste 5193;0;0
Dados de teste 5194;-23,507553;-46,571492
Dados de teste 5195;-23,507553;-46,571492
Dados de teste 5196;-23,495178;-46,554706
Dados de teste 5197;-23,237562;-45,919418
Dados de teste 5198;0;0
Dados de teste 5199;-23,495009;-46,554486
Dados de teste 5200;-23,496808;-46,557014
Dados de teste 5201;-23,496808;-46,557014
Dados de teste 5202;-23,494244;-46,553942
Dados de teste 5203;-23,237562;-45,919418
Dados de teste 5204;-23,494744;-46,554631
Dados de teste 5205;-23,494106;-46,553747
Dados de teste 5206;-23,496322;-46,556339
Dados de teste 5207;-23,460683;-46,487764
Dados de teste 5208;-23,460683;-46,487764
Dados de teste 5209;-23,495009;-46,554486
Dados de teste 5210;-23,460883;-46,488292
Dados de teste 5211;-23,460883;-46,488292
Dados de teste 5212;-23,491301;-46,549
Dados de teste 5213;-23,496008;-46,555875
Dados de teste 5214;0;0
Dados de teste 5215;-23,496008;-46,555875
Dados de teste 5216;-23,239042;-45,92095
Dados de teste 5217;0;0
Dados de teste 5218;-23,496633;-46,556781
Dados de teste 5219;0;0
Dados de teste 5220;-23,460789;-46,488039
Dados de teste 5221;-23,237558;-45,91921
Dados de teste 5222;-23,286501;-45,992298
Dados de teste 5223;-23,495075;-46,555094
Dados de teste 5224;0;0
Dados de teste 5225;0;0
Dados de teste 5226;-23,493747;-46,55325
Dados de teste 5227;-23,287176;-45,993203
Dados de teste 5228;-23,494406;-46,554156
Dados de teste 5229;-23,493581;-46,553017
Dados de teste 5230;0;0
Dados de teste 5231;-23,494244;-46,553942
Dados de teste 5232;-23,228523;-45,90907
Dados de teste 5233;0;0
Dados de teste 5234;-23,500001;-46,56135
Dados de teste 5235;-23,493747;-46,55325
Dados de teste 5236;-23,493417;-46,5528
Dados de teste 5237;0;0
Dados de teste 5238;-23,2899;-45,997501
Dados de teste 5239;-23,28794;-45,994384
Dados de teste 5240;-23,289468;-45,996772
Dados de teste 5241;-23,507697;-46,571625
Dados de teste 5242;-23,507697;-46,571625
Dados de teste 5243;-23,493417;-46,5528
Dados de teste 5244;0;0
Dados de teste 5245;-23,462367;-46,492825
Dados de teste 5246;-23,237467;-45,919272
Dados de teste 5247;0;0
Dados de teste 5248;-23,218962;-45,89942
Dados de teste 5249;-23,2862;-45,990398
Dados de teste 5250;0;0
Dados de teste 5251;-23,2208;-45,9021
Dados de teste 5252;-23,26442;-45,957763
Dados de teste 5253;-23,288964;-45,996004
Dados de teste 5254;-23,239048;-45,920973
Dados de teste 5255;-23,494569;-46,554392
Dados de teste 5256;0;0
Dados de teste 5257;-23,265511;-45,95946
Dados de teste 5258;0;0
Dados de teste 5259;0;0
Dados de teste 5260;-23,495075;-46,555094
Dados de teste 5261;-23,266268;-45,960655
Dados de teste 5262;-23,499833;-46,561106
Dados de teste 5263;0;0
Dados de teste 5264;-23,494106;-46,553747
Dados de teste 5265;-23,495247;-46,555325
Dados de teste 5266;0;0
Dados de teste 5267;-23,266035;-45,960262
Dados de teste 5268;-23,493581;-46,553017
Dados de teste 5269;-23,494908;-46,554864
Dados de teste 5270;-23,286655;-45,992386
Dados de teste 5271;-23,290247;-45,998009
Dados de teste 5272;-23,287168;-45,99319
Dados de teste 5273;-23,2199;-45,899399
Dados de teste 5274;-23,288196;-45,994794
Dados de teste 5275;-23,22025;-45,900657
Dados de teste 5276;-23,288099;-45,994701
Dados de teste 5277;-23,263965;-45,957016
Dados de teste 5278;-23,494406;-46,554156
Dados de teste 5279;-23,2892;-45,996399
Dados de teste 5280;-23,22025;-45,900657
Dados de teste 5281;-23,289231;-45,996403
Dados de teste 5282;0;0
Dados de teste 5283;-23,224742;-45,905118
Dados de teste 5284;-23,287426;-45,993589
Dados de teste 5285;-23,2962;-45,993999
Dados de teste 5286;-23,288;-45,993698
Dados de teste 5287;-23,2885;-45,995201
Dados de teste 5288;-23,28741;-45,993599
Dados de teste 5289;-23,264732;-45,958249
Dados de teste 5290;-23,507282;-46,571233
Dados de teste 5291;-23,507282;-46,571233
Dados de teste 5292;-23,265645;-45,95967
Dados de teste 5293;-23,220273;-45,900712
Dados de teste 5294;-23,218962;-45,89942
Dados de teste 5295;-23,264876;-45,95847
Dados de teste 5296;-23,265656;-45,959673
Dados de teste 5297;-23,289993;-45,997607
Dados de teste 5298;-23,263967;-45,957045
Dados de teste 5299;-23,220057;-45,900664
Dados de teste 5300;-23,265518;-45,959431
Dados de teste 5301;-23,290501;-45,998798
Dados de teste 5302;-23,289479;-45,9968
Dados de teste 5303;-23,265845;-45,959851
Dados de teste 5304;-23,264886;-45,958474
Dados de teste 5305;-23,224742;-45,905118
Dados de teste 5306;0;0
Dados de teste 5307;0;0
Dados de teste 5308;-23,290701;-45,998699
Dados de teste 5309;-23,526522;-46,588558
Dados de teste 5310;-23,264423;-45,957753
Dados de teste 5311;-23,288601;-45,994999
Dados de teste 5312;-23,218962;-45,89942
Dados de teste 5313;0;0
Dados de teste 5314;-23,493919;-46,553481
Dados de teste 5315;-23,264277;-45,957522
Dados de teste 5316;-23,266026;-45,960276
Dados de teste 5317;-23,526522;-46,588558
Dados de teste 5318;-23,264727;-45,958247
Dados de teste 5319;-23,2901;-45,998199
Dados de teste 5320;-23,2904;-45,998501
Dados de teste 5321;-23,265043;-45,958721
Dados de teste 5322;-23,263808;-45,95678
Dados de teste 5323;-23,288964;-45,995995
Dados de teste 5324;-23,265045;-45,958717
Dados de teste 5325;-23,265345;-45,959216
Dados de teste 5326;-23,265186;-45,958957
Dados de teste 5327;-23,264127;-45,957266
Dados de teste 5328;-23,220273;-45,900712
Dados de teste 5329;0;0
Dados de teste 5330;-23,2868;-45,992699
Dados de teste 5331;0;0
Dados de teste 5332;-23,265809;-45,959913
Dados de teste 5333;0;0
Dados de teste 5334;-23,264111;-45,957287
Dados de teste 5335;-23,287901;-45,9944
Dados de teste 5336;-23,264573;-45,957983
Dados de teste 5337;-23,220257;-45,900698
Dados de teste 5338;0;0
Dados de teste 5339;0;0
Dados de teste 5340;0;0
Dados de teste 5341;0;0
Dados de teste 5342;0;0
Dados de teste 5343;0;0
Dados de teste 5344;0;0
Dados de teste 5345;0;0
Dados de teste 5346;-23,218965;-45,899405
Dados de teste 5347;-23,218718;-47,100565
Dados de teste 5348;0;0
Dados de teste 5349;-23,22572;-45,906137
Dados de teste 5350;0;0
Dados de teste 5351;-23,218763;-45,899436
Dados de teste 5352;0;0
Dados de teste 5353;0;0
Dados de teste 5354;-23,2187;-45,899101
Dados de teste 5355;-23,2869;-45,992599
Dados de teste 5356;-23,218;-45,907101
Dados de teste 5357;-23,220042;-45,900685
Dados de teste 5358;-23,264239;-45,95751
Dados de teste 5359;-23,218965;-45,899405
Dados de teste 5360;-23,265184;-45,958965
Dados de teste 5361;-23,264549;-45,957995
Dados de teste 5362;0;0
Dados de teste 5363;0;0
Dados de teste 5364;0;0
Dados de teste 5365;-23,218718;-45,899435
Dados de teste 5366;-23,220042;-45,900685
Dados de teste 5367;0;0
Dados de teste 5368;0;0
Dados de teste 5369;0;0
Dados de teste 5370;0;0
Dados de teste 5371;0;0
Dados de teste 5372;0;0
Dados de teste 5373;0;0
Dados de teste 5374;0;0
Dados de teste 5375;0;0
Dados de teste 5376;0;0
Dados de teste 5377;0;0
Dados de teste 5378;0;0
Dados de teste 5379;0;0
Dados de teste 5380;0;0
Dados de teste 5381;0;0
Dados de teste 5382;0;0
Dados de teste 5383;0;0
Dados de teste 5384;0;0
Dados de teste 5385;0;0
Dados de teste 5386;0;0
Dados de teste 5387;-23,420099;-46,383202
Dados de teste 5388;0;0
Dados de teste 5389;0;0
Dados de teste 5390;0;0
Dados de teste 5391;0;0
Dados de teste 5392;0;0
Dados de teste 5393;0;0
Dados de teste 5394;0;0
Dados de teste 5395;0;0
Dados de teste 5396;0;0
Dados de teste 5397;0;0
Dados de teste 5398;0;0
Dados de teste 5399;0;0
Dados de teste 5400;0;0
Dados de teste 5401;0;0
Dados de teste 5402;0;0
Dados de teste 5403;0;0
Dados de teste 5404;0;0
Dados de teste 5405;0;0
Dados de teste 5406;0;0
Dados de teste 5407;0;0
Dados de teste 5408;0;0
Dados de teste 5409;0;0
Dados de teste 5410;0;0
Dados de teste 5411;0;0
Dados de teste 5412;0;0
Dados de teste 5413;0;0
Dados de teste 5414;0;0
Dados de teste 5415;0;0
Dados de teste 5416;-23,419776;-46,384373
Dados de teste 5417;0;0
Dados de teste 5418;0;0
Dados de teste 5419;0;0
Dados de teste 5420;0;0
Dados de teste 5421;0;0
Dados de teste 5422;0;0
Dados de teste 5423;0;0
Dados de teste 5424;0;0
Dados de teste 5425;0;0
Dados de teste 5426;0;0
Dados de teste 5427;0;0
Dados de teste 5428;0;0
Dados de teste 5429;0;0
Dados de teste 5430;0;0
Dados de teste 5431;0;0
Dados de teste 5432;0;0
Dados de teste 5433;0;0
Dados de teste 5434;0;0
Dados de teste 5435;0;0
Dados de teste 5436;0;0
Dados de teste 5437;0;0
Dados de teste 5438;0;0
Dados de teste 5439;0;0
Dados de teste 5440;0;0
Dados de teste 5441;0;0
Dados de teste 5442;0;0
Dados de teste 5443;0;0
Dados de teste 5444;0;0
Dados de teste 5445;0;0
Dados de teste 5446;0;0
Dados de teste 5447;0;0
Dados de teste 5448;0;0
Dados de teste 5449;0;0
Dados de teste 5450;0;0
Dados de teste 5451;-23,419201;-46,382127
Dados de teste 5452;0;0
Dados de teste 5453;-23,419855;-46,384658
Dados de teste 5454;0;0
Dados de teste 5455;0;0
Dados de teste 5456;0;0
Dados de teste 5457;0;0
Dados de teste 5458;0;0
Dados de teste 5459;-23,468575;-46,510003
Dados de teste 5460;0;0
Dados de teste 5461;0;0
Dados de teste 5462;0;0
Dados de teste 5463;0;0
Dados de teste 5464;-23,429528;-46,412617
Dados de teste 5465;-23,427477;-46,408494
Dados de teste 5466;-23,42748;-46,40878
Dados de teste 5467;0;0
Dados de teste 5468;-23,468739;-46,510544
Dados de teste 5469;0;0
Dados de teste 5470;-23,468739;-46,510544
Dados de teste 5471;-23,4291;-46,413502
Dados de teste 5472;0;0
Dados de teste 5473;-23,428577;-46,410846
Dados de teste 5474;-23,468599;-46,510799
Dados de teste 5475;0;0
Dados de teste 5476;-23,428467;-46,410581
Dados de teste 5477;-23,468828;-46,510825
Dados de teste 5478;-23,429501;-46,412998
Dados de teste 5479;-23,428898;-46,411643
Dados de teste 5480;-23,428114;-46,409787
Dados de teste 5481;-23,428352;-46,41031
Dados de teste 5482;-23,468914;-46,511106
Dados de teste 5483;0;0
Dados de teste 5484;0;0
Dados de teste 5485;0;0
Dados de teste 5486;0;0
Dados de teste 5487;0;0
Dados de teste 5488;-23,468914;-46,511106
Dados de teste 5489;0;0
Dados de teste 5490;-23,469008;-46,511392
Dados de teste 5491;-23,428258;-46,410036
Dados de teste 5492;-23,427278;-46,408569
Dados de teste 5493;-23,469008;-46,511392
Dados de teste 5494;-23,427979;-46,409529
Dados de teste 5495;0;0
Dados de teste 5496;0;0
Dados de teste 5497;-23,428616;-46,411112
Dados de teste 5498;-23,463539;-46,494733
Dados de teste 5499;0;0
Dados de teste 5500;-23,1668;-45,815498
Dados de teste 5501;0;0
Dados de teste 5502;0;0
Dados de teste 5503;0;0
Dados de teste 5504;-23,117555;-45,717779
Dados de teste 5505;-23,260037;-45,94965
Dados de teste 5506;-23,185962;-45,853194
Dados de teste 5507;-23,295326;-46,006234
Dados de teste 5508;-23,141835;-45,765443
Dados de teste 5509;0;0
Dados de teste 5510;0;0
Dados de teste 5511;-23,464394;-46,497989
Dados de teste 5512;0;0
Dados de teste 5513;0;0
Dados de teste 5514;0;0
Dados de teste 5515;-23,208099;-45,887402
Dados de teste 5516;0;0
Dados de teste 5517;0;0
Dados de teste 5518;0;0
Dados de teste 5519;0;0
Dados de teste 5520;0;0
Dados de teste 5521;-23,464911;-46,499367
Dados de teste 5522;0;0
Dados de teste 5523;0;0
Dados de teste 5524;0;0
Dados de teste 5525;-23,258307;-45,949064
Dados de teste 5526;-23,19801;-45,875831
Dados de teste 5527;-23,2376;-45,918999
Dados de teste 5528;0;0
Dados de teste 5529;0;0
Dados de teste 5530;-23,207801;-45,887484
Dados de teste 5531;0;0
Dados de teste 5532;0;0
Dados de teste 5533;0;0
Dados de teste 5534;0;0
Dados de teste 5535;-23,215197;-45,894887
Dados de teste 5536;-23,4669;-46,505001
Dados de teste 5537;0;0
Dados de teste 5538;0;0
Dados de teste 5539;-23,463997;-46,496886
Dados de teste 5540;0;0
Dados de teste 5541;-23,1863;-45,853199
Dados de teste 5542;0;0
Dados de teste 5543;0;0
Dados de teste 5544;0;0
Dados de teste 5545;-23,173401;-45,827702
Dados de teste 5546;0;0
Dados de teste 5547;0;0
Dados de teste 5548;0;0
Dados de teste 5549;-23,2061;-45,8862
Dados de teste 5550;-23,465103;-46,499911
Dados de teste 5551;0;0
Dados de teste 5552;0;0
Dados de teste 5553;0;0
Dados de teste 5554;0;0
Dados de teste 5555;-23,186227;-45,85274
Dados de teste 5556;0;0
Dados de teste 5557;0;0
Dados de teste 5558;0;0
Dados de teste 5559;-23,465944;-46,501611
Dados de teste 5560;0;0
Dados de teste 5561;-23,225789;-45,906319
Dados de teste 5562;0;0
Dados de teste 5563;0;0
Dados de teste 5564;-23,466931;-46,504986
Dados de teste 5565;-23,242599;-45,917702
Dados de teste 5566;0;0
Dados de teste 5567;0;0
Dados de teste 5568;0;0
Dados de teste 5569;-23,4657;-46,501801
Dados de teste 5570;0;0
Dados de teste 5571;-23,197885;-45,876043
Dados de teste 5572;-23,185801;-45,852901
Dados de teste 5573;0;0
Dados de teste 5574;-23,466714;-46,50375
Dados de teste 5575;-23,184999;-45,853901
Dados de teste 5576;0;0
Dados de teste 5577;-23,294396;-46,004681
Dados de teste 5578;0;0
Dados de teste 5579;-23,4664;-46,502899
Dados de teste 5580;0;0
Dados de teste 5581;-23,2377;-45,9189
Dados de teste 5582;0;0
Dados de teste 5583;-23,4638;-46,496339
Dados de teste 5584;0;0
Dados de teste 5585;-23,214568;-45,894906
Dados de teste 5586;0;0
Dados de teste 5587;-23,466136;-46,502142
Dados de teste 5588;0;0
Dados de teste 5589;0;0
Dados de teste 5590;0;0
Dados de teste 5591;-23,295932;-46,007485
Dados de teste 5592;-23,1187;-45,717602
Dados de teste 5593;0;0
Dados de teste 5594;-23,238199;-45,919201
Dados de teste 5595;-23,465797;-46,501825
Dados de teste 5596;0;0
Dados de teste 5597;-23,141717;-45,765499
Dados de teste 5598;0;0
Dados de teste 5599;-23,466175;-46,502858
Dados de teste 5600;0;0
Dados de teste 5601;0;0
Dados de teste 5602;-23,467428;-46,506389
Dados de teste 5603;0;0
Dados de teste 5604;-23,466083;-46,502614
Dados de teste 5605;-23,197701;-45,8759
Dados de teste 5606;-23,167228;-45,815195
Dados de teste 5607;0;0
Dados de teste 5608;-23,11808;-45,717639
Dados de teste 5609;-23,465308;-46,500467
Dados de teste 5610;0;0
Dados de teste 5611;-23,466083;-46,502614
Dados de teste 5612;0;0
Dados de teste 5613;-23,464094;-46,497158
Dados de teste 5614;-23,296487;-46,008315
Dados de teste 5615;-23,207655;-45,887519
Dados de teste 5616;0;0
Dados de teste 5617;0;0
Dados de teste 5618;0;0
Dados de teste 5619;-23,141947;-45,765364
Dados de teste 5620;-23,465408;-46,50075
Dados de teste 5621;-23,225789;-45,906319
Dados de teste 5622;-23,465308;-46,500467
Dados de teste 5623;0;0
Dados de teste 5624;-23,141821;-45,765749
Dados de teste 5625;0;0
Dados de teste 5626;0;0
Dados de teste 5627;0;0
Dados de teste 5628;0;0
Dados de teste 5629;-23,2384;-45,919498
Dados de teste 5630;-23,237499;-45,9188
Dados de teste 5631;0;0
Dados de teste 5632;-23,185835;-45,853615
Dados de teste 5633;0;0
Dados de teste 5634;-23,296487;-46,008315
Dados de teste 5635;-23,229187;-45,909787
Dados de teste 5636;-23,225509;-45,906073
Dados de teste 5637;-23,207505;-45,887354
Dados de teste 5638;0;0
Dados de teste 5639;0;0
Dados de teste 5640;-23,295728;-46,007099
Dados de teste 5641;-23,466439;-46,503617
Dados de teste 5642;-23,2598;-45,948799
Dados de teste 5643;0;0
Dados de teste 5644;-23,230152;-45,91111
Dados de teste 5645;-23,294951;-46,005571
Dados de teste 5646;0;0
Dados de teste 5647;-23,11808;-45,717639
Dados de teste 5648;0;0
Dados de teste 5649;-23,465989;-46,502353
Dados de teste 5650;-23,238001;-45,919201
Dados de teste 5651;-23,258843;-45,948907
Dados de teste 5652;0;0
Dados de teste 5653;-23,260099;-45,9505
Dados de teste 5654;0;0
Dados de teste 5655;-23,238899;-45,9202
Dados de teste 5656;-23,2388;-45,919998
Dados de teste 5657;-23,230027;-45,911462
Dados de teste 5658;0;0
Dados de teste 5659;0;0
Dados de teste 5660;0;0
Dados de teste 5661;-23,464911;-46,499367
Dados de teste 5662;-23,465989;-46,502353
Dados de teste 5663;0;0
Dados de teste 5664;-23,225509;-45,906073
Dados de teste 5665;0;0
Dados de teste 5666;0;0
Dados de teste 5667;0;0
Dados de teste 5668;0;0
Dados de teste 5669;-23,117551;-45,717895
Dados de teste 5670;-23,466261;-46,503111
Dados de teste 5671;0;0
Dados de teste 5672;0;0
Dados de teste 5673;0;0
Dados de teste 5674;-23,295522;-46,006672
Dados de teste 5675;-23,215349;-45,894852
Dados de teste 5676;0;0
Dados de teste 5677;-23,22359;-45,903732
Dados de teste 5678;0;0
Dados de teste 5679;-23,29468;-46,005113
Dados de teste 5680;-23,29468;-46,005113
Dados de teste 5681;0;0
Dados de teste 5682;-23,118154;-45,717779
Dados de teste 5683;-23,215637;-45,895171
Dados de teste 5684;-23,294396;-46,004681
Dados de teste 5685;-23,239599;-45,920601
Dados de teste 5686;-23,295326;-46,006234
Dados de teste 5687;0;0
Dados de teste 5688;0;0
Dados de teste 5689;-23,207617;-45,88764
Dados de teste 5690;-23,295728;-46,007099
Dados de teste 5691;0;0
Dados de teste 5692;-23,296487;-46,008315
Dados de teste 5693;0;0
Dados de teste 5694;-23,2388;-45,919498
Dados de teste 5695;-23,261499;-45,951401
Dados de teste 5696;0;0
Dados de teste 5697;-23,295522;-46,006672
Dados de teste 5698;-23,185901;-45,853552
Dados de teste 5699;-23,258843;-45,948907
Dados de teste 5700;0;0
Dados de teste 5701;0;0
Dados de teste 5702;0;0
Dados de teste 5703;-23,2383;-45,920101
Dados de teste 5704;-23,2384;-45,9203
Dados de teste 5705;-23,220827;-45,901177
Dados de teste 5706;-23,215718;-45,895258
Dados de teste 5707;-23,2383;-45,9198
Dados de teste 5708;0;0
Dados de teste 5709;-23,173687;-45,827774
Dados de teste 5710;0;0
Dados de teste 5711;0;0
Dados de teste 5712;-23,238139;-45,919589
Dados de teste 5713;-23,2153;-45,894699
Dados de teste 5714;-23,11766;-45,718104
Dados de teste 5715;-23,2379;-45,919102
Dados de teste 5716;-23,258843;-45,948907
Dados de teste 5717;0;0
Dados de teste 5718;-23,185835;-45,853615
Dados de teste 5719;0;0
Dados de teste 5720;-23,25657;-45,945258
Dados de teste 5721;-23,142318;-45,765478
Dados de teste 5722;0;0
Dados de teste 5723;0;0
Dados de teste 5724;0;0
Dados de teste 5725;0;0
Dados de teste 5726;-23,294951;-46,005571
Dados de teste 5727;0;0
Dados de teste 5728;0;0
Dados de teste 5729;-23,294951;-46,005571
Dados de teste 5730;0;0
Dados de teste 5731;0;0
Dados de teste 5732;0;0
Dados de teste 5733;-23,243099;-45,917
Dados de teste 5734;0;0
Dados de teste 5735;-23,207716;-45,88759
Dados de teste 5736;0;0
Dados de teste 5737;-23,487631;-46,544153
Dados de teste 5738;0;0
Dados de teste 5739;-23,237499;-45,9188
Dados de teste 5740;-23,260474;-45,950186
Dados de teste 5741;-23,294396;-46,004681
Dados de teste 5742;-23,229187;-45,909787
Dados de teste 5743;-23,214914;-45,895311
Dados de teste 5744;-23,225637;-45,905868
Dados de teste 5745;-23,173106;-45,82792
Dados de teste 5746;-23,295326;-46,006234
Dados de teste 5747;-23,230152;-45,91111
Dados de teste 5748;-23,2388;-45,920502
Dados de teste 5749;-23,254499;-45,9375
Dados de teste 5750;-23,230027;-45,911462
Dados de teste 5751;0;0
Dados de teste 5752;-23,238139;-45,919589
Dados de teste 5753;0;0
Dados de teste 5754;-23,19739;-45,876387
Dados de teste 5755;-23,229187;-45,909787
Dados de teste 5756;-23,24749;-45,931012
Dados de teste 5757;0;0
Dados de teste 5758;-23,295728;-46,007099
Dados de teste 5759;-23,22359;-45,903732
Dados de teste 5760;0;0
Dados de teste 5761;0;0
Dados de teste 5762;-23,467572;-46,506092
Dados de teste 5763;0;0
Dados de teste 5764;-23,33962;-46,15129
Dados de teste 5765;0;0
Dados de teste 5766;-23,487783;-46,544392
Dados de teste 5767;0;0
Dados de teste 5768;0;0
Dados de teste 5769;0;0
Dados de teste 5770;-23,33962;-46,15129
Dados de teste 5771;-23,3393;-46,15032
Dados de teste 5772;0;0
Dados de teste 5773;-23,33856;-46,14892
Dados de teste 5774;-23,458497;-46,481686
Dados de teste 5775;0;0
Dados de teste 5776;0;0
Dados de teste 5777;0;0
Dados de teste 5778;-23,225115;-45,905712
Dados de teste 5779;-23,225777;-45,90672
Dados de teste 5780;0;0
Dados de teste 5781;0;0
Dados de teste 5782;0;0
Dados de teste 5783;-23,487783;-46,544392
Dados de teste 5784;0;0
Dados de teste 5785;0;0
Dados de teste 5786;0;0
Dados de teste 5787;0;0
Dados de teste 5788;0;0
Dados de teste 5789;-23,2379;-45,919102
Dados de teste 5790;-23,295728;-46,007099
Dados de teste 5791;-23,259556;-45,949054
Dados de teste 5792;-23,294951;-46,005571
Dados de teste 5793;0;0
Dados de teste 5794;0;0
Dados de teste 5795;0;0
Dados de teste 5796;-23,25931;-45,948914
Dados de teste 5797;-23,238701;-45,9203
Dados de teste 5798;-23,295728;-46,007099
Dados de teste 5799;0;0
Dados de teste 5800;-23,229187;-45,909794
Dados de teste 5801;-23,2568;-45,945
Dados de teste 5802;-23,14216;-45,765244
Dados de teste 5803;0;0
Dados de teste 5804;0;0
Dados de teste 5805;0;0
Dados de teste 5806;-23,256464;-45,9448
Dados de teste 5807;0;0
Dados de teste 5808;0;0
Dados de teste 5809;-23,229193;-45,909801
Dados de teste 5810;0;0
Dados de teste 5811;-23,4557;-46,475201
Dados de teste 5812;0;0
Dados de teste 5813;-23,458497;-46,481686
Dados de teste 5814;0;0
Dados de teste 5815;0;0
Dados de teste 5816;0;0
Dados de teste 5817;0;0
Dados de teste 5818;0;0
Dados de teste 5819;0;0
Dados de teste 5820;0;0
Dados de teste 5821;0;0
Dados de teste 5822;0;0
Dados de teste 5823;0;0
Dados de teste 5824;0;0
Dados de teste 5825;-23,459467;-46,483997
Dados de teste 5826;-23,33887;-46,14941
Dados de teste 5827;0;0
Dados de teste 5828;0;0
Dados de teste 5829;0;0
Dados de teste 5830;0;0
Dados de teste 5831;0;0
Dados de teste 5832;0;0
Dados de teste 5833;0;0
Dados de teste 5834;0;0
Dados de teste 5835;0;0
Dados de teste 5836;0;0
Dados de teste 5837;-23,167199;-45,814804
Dados de teste 5838;-23,295522;-46,006672
Dados de teste 5839;-23,258568;-45,949778
Dados de teste 5840;-23,29468;-46,005113
Dados de teste 5841;0;0
Dados de teste 5842;0;0
Dados de teste 5843;0;0
Dados de teste 5844;-23,295326;-46,006234
Dados de teste 5845;-23,2208;-45,901199
Dados de teste 5846;-23,2292;-45,909785
Dados de teste 5847;-23,48795;-46,544622
Dados de teste 5848;0;0
Dados de teste 5849;0;0
Dados de teste 5850;0;0
Dados de teste 5851;-23,166901;-45,814899
Dados de teste 5852;-23,2145;-45,893299
Dados de teste 5853;0;0
Dados de teste 5854;0;0
Dados de teste 5855;-23,294631;-46,004493
Dados de teste 5856;-23,247492;-45,931021
Dados de teste 5857;0;0
Dados de teste 5858;0;0
Dados de teste 5859;-23,229208;-45,909782
Dados de teste 5860;0;0
Dados de teste 5861;0;0
Dados de teste 5862;-23,141706;-45,765617
Dados de teste 5863;-23,29588;-46,00574
Dados de teste 5864;0;0
Dados de teste 5865;0;0
Dados de teste 5866;0;0
Dados de teste 5867;-23,185774;-45,853449
Dados de teste 5868;0;0
Dados de teste 5869;0;0
Dados de teste 5870;-23,230027;-45,911462
Dados de teste 5871;0;0
Dados de teste 5872;0;0
Dados de teste 5873;0;0
Dados de teste 5874;-23,117594;-45,718052
Dados de teste 5875;0;0
Dados de teste 5876;0;0
Dados de teste 5877;0;0
Dados de teste 5878;0;0
Dados de teste 5879;0;0
Dados de teste 5880;-23,23042;-45,911853
Dados de teste 5881;0;0
Dados de teste 5882;-23,248508;-45,932622
Dados de teste 5883;0;0
Dados de teste 5884;0;0
Dados de teste 5885;-23,173361;-45,827854
Dados de teste 5886;-23,295326;-46,006234
Dados de teste 5887;-23,295522;-46,006672
Dados de teste 5888;0;0
Dados de teste 5889;-23,295728;-46,007099
Dados de teste 5890;0;0
Dados de teste 5891;0;0
Dados de teste 5892;0;0
Dados de teste 5893;0;0
Dados de teste 5894;0;0
Dados de teste 5895;0;0
Dados de teste 5896;-23,247479;-45,93101
Dados de teste 5897;0;0
Dados de teste 5898;-23,2612;-45,949799
Dados de teste 5899;0;0
Dados de teste 5900;0;0
Dados de teste 5901;-23,185774;-45,853449
Dados de teste 5902;0;0
Dados de teste 5903;0;0
Dados de teste 5904;0;0
Dados de teste 5905;-23,247479;-45,93101
Dados de teste 5906;0;0
Dados de teste 5907;0;0
Dados de teste 5908;0;0
Dados de teste 5909;0;0
Dados de teste 5910;0;0
Dados de teste 5911;0;0
Dados de teste 5912;0;0
Dados de teste 5913;0;0
Dados de teste 5914;-23,296249;-46,007979
Dados de teste 5915;0;0
Dados de teste 5916;-23,208094;-45,886952
Dados de teste 5917;0;0
Dados de teste 5918;-23,256454;-45,944766
Dados de teste 5919;0;0
Dados de teste 5920;0;0
Dados de teste 5921;0;0
Dados de teste 5922;0;0
Dados de teste 5923;0;0
Dados de teste 5924;-23,29588;-46,00574
Dados de teste 5925;-23,229187;-45,909794
Dados de teste 5926;0;0
Dados de teste 5927;0;0
Dados de teste 5928;0;0
Dados de teste 5929;-23,297097;-46,009004
Dados de teste 5930;-23,173266;-45,828198
Dados de teste 5931;-23,456919;-46,477956
Dados de teste 5932;0;0
Dados de teste 5933;-23,256468;-45,944792
Dados de teste 5934;0;0
Dados de teste 5935;0;0
Dados de teste 5936;0;0
Dados de teste 5937;-23,248508;-45,932622
Dados de teste 5938;0;0
Dados de teste 5939;-23,34125;-46,15518
Dados de teste 5940;-23,230027;-45,911462
Dados de teste 5941;0;0
Dados de teste 5942;-23,29527;-46,00529
Dados de teste 5943;-23,173106;-45,82792
Dados de teste 5944;0;0
Dados de teste 5945;0;0
Dados de teste 5946;0;0
Dados de teste 5947;-23,460539;-46,486606
Dados de teste 5948;0;0
Dados de teste 5949;-23,29588;-46,00574
Dados de teste 5950;0;0
Dados de teste 5951;0;0
Dados de teste 5952;0;0
Dados de teste 5953;0;0
Dados de teste 5954;0;0
Dados de teste 5955;0;0
Dados de teste 5956;0;0
Dados de teste 5957;0;0
Dados de teste 5958;0;0
Dados de teste 5959;0;0
Dados de teste 5960;-23,33893;-46,1494
Dados de teste 5961;-23,460439;-46,486314
Dados de teste 5962;0;0
Dados de teste 5963;0;0
Dados de teste 5964;0;0
Dados de teste 5965;0;0
Dados de teste 5966;0;0
Dados de teste 5967;-23,185774;-45,853449
Dados de teste 5968;0;0
Dados de teste 5969;0;0
Dados de teste 5970;0;0
Dados de teste 5971;-23,256468;-45,944792
Dados de teste 5972;0;0
Dados de teste 5973;0;0
Dados de teste 5974;-23,2961;-46,00616
Dados de teste 5975;-23,3393;-46,15032
Dados de teste 5976;0;0
Dados de teste 5977;-23,460325;-46,486
Dados de teste 5978;0;0
Dados de teste 5979;0;0
Dados de teste 5980;0;0
Dados de teste 5981;-23,29527;-46,00529
Dados de teste 5982;0;0
Dados de teste 5983;0;0
Dados de teste 5984;0;0
Dados de teste 5985;0;0
Dados de teste 5986;-23,173;-45,827999
Dados de teste 5987;-23,256459;-45,944807
Dados de teste 5988;0;0
Dados de teste 5989;0;0
Dados de teste 5990;0;0
Dados de teste 5991;-23,297097;-46,009004
Dados de teste 5992;0;0
Dados de teste 5993;0;0
Dados de teste 5994;0;0
Dados de teste 5995;0;0
Dados de teste 5996;-23,29588;-46,00574
Dados de teste 5997;-23,247492;-45,931021
Dados de teste 5998;0;0
Dados de teste 5999;-23,34149;-46,15509
Dados de teste 6000;0;0
Dados de teste 6001;0;0
Dados de teste 6002;-23,167072;-45,815296
Dados de teste 6003;0;0
Dados de teste 6004;-23,247492;-45,931021
Dados de teste 6005;-23,459664;-46,484514
Dados de teste 6006;0;0
Dados de teste 6007;-23,296777;-46,006901
Dados de teste 6008;-23,33893;-46,1494
Dados de teste 6009;0;0
Dados de teste 6010;-23,229193;-45,909801
Dados de teste 6011;0;0
Dados de teste 6012;-23,258416;-45,949588
Dados de teste 6013;0;0
Dados de teste 6014;0;0
Dados de teste 6015;0;0
Dados de teste 6016;0;0
Dados de teste 6017;-23,459664;-46,484514
Dados de teste 6018;0;0
Dados de teste 6019;0;0
Dados de teste 6020;0;0
Dados de teste 6021;0;0
Dados de teste 6022;0;0
Dados de teste 6023;0;0
Dados de teste 6024;0;0
Dados de teste 6025;-23,29763;-46,00869
Dados de teste 6026;0;0
Dados de teste 6027;0;0
Dados de teste 6028;0;0
Dados de teste 6029;-23,173266;-45,828198
Dados de teste 6030;-23,297205;-46,00697
Dados de teste 6031;-23,118008;-45,717518
Dados de teste 6032;0;0
Dados de teste 6033;0;0
Dados de teste 6034;0;0
Dados de teste 6035;0;0
Dados de teste 6036;-23,198047;-45,875887
Dados de teste 6037;0;0
Dados de teste 6038;-23,256459;-45,944807
Dados de teste 6039;-23,33893;-46,1494
Dados de teste 6040;0;0
Dados de teste 6041;-23,459939;-46,484969
Dados de teste 6042;-23,33856;-46,14892
Dados de teste 6043;0;0
Dados de teste 6044;0;0
Dados de teste 6045;-22,494256;-44,569781
Dados de teste 6046;0;0
Dados de teste 6047;-23,34149;-46,15509
Dados de teste 6048;0;0
Dados de teste 6049;0;0
Dados de teste 6050;0;0
Dados de teste 6051;-23,4576;-46,479558
Dados de teste 6052;-23,3393;-46,15032
Dados de teste 6053;0;0
Dados de teste 6054;0;0
Dados de teste 6055;-23,2961;-46,00616
Dados de teste 6056;-23,4576;-46,479558
Dados de teste 6057;0;0
Dados de teste 6058;-23,459033;-46,482967
Dados de teste 6059;-23,256454;-45,944766
Dados de teste 6060;0;0
Dados de teste 6061;0;0
Dados de teste 6062;-23,34125;-46,15518
Dados de teste 6063;0;0
Dados de teste 6064;-23,259399;-45,9552
Dados de teste 6065;0;0
Dados de teste 6066;-23,256464;-45,9448
Dados de teste 6067;-23,24749;-45,931012
Dados de teste 6068;0;0
Dados de teste 6069;0;0
Dados de teste 6070;0;0
Dados de teste 6071;0;0
Dados de teste 6072;-23,455799;-46,4753
Dados de teste 6073;-23,459564;-46,484258
Dados de teste 6074;0;0
Dados de teste 6075;0;0
Dados de teste 6076;0;0
Dados de teste 6077;0;0
Dados de teste 6078;-23,460325;-46,486
Dados de teste 6079;-23,247492;-45,931021
Dados de teste 6080;0;0
Dados de teste 6081;0;0
Dados de teste 6082;0;0
Dados de teste 6083;0;0
Dados de teste 6084;0;0
Dados de teste 6085;0;0
Dados de teste 6086;-23,459564;-46,484258
Dados de teste 6087;0;0
Dados de teste 6088;0;0
Dados de teste 6089;0;0
Dados de teste 6090;0;0
Dados de teste 6091;-23,34211;-46,15419
Dados de teste 6092;0;0
Dados de teste 6093;0;0
Dados de teste 6094;-23,3393;-46,15032
Dados de teste 6095;0;0
Dados de teste 6096;0;0
Dados de teste 6097;0;0
Dados de teste 6098;0;0
Dados de teste 6099;0;0
Dados de teste 6100;0;0
Dados de teste 6101;0;0
Dados de teste 6102;0;0
Dados de teste 6103;0;0
Dados de teste 6104;0;0
Dados de teste 6105;0;0
Dados de teste 6106;0;0
Dados de teste 6107;0;0
Dados de teste 6108;-23,297097;-46,009004
Dados de teste 6109;0;0
Dados de teste 6110;0;0
Dados de teste 6111;-23,220117;-45,899958
Dados de teste 6112;0;0
Dados de teste 6113;-23,296487;-46,008315
Dados de teste 6114;0;0
Dados de teste 6115;-23,467136;-46,505547
Dados de teste 6116;0;0
Dados de teste 6117;-23,456697;-46,477433
Dados de teste 6118;0;0
Dados de teste 6119;-23,29821;-46,00894
Dados de teste 6120;0;0
Dados de teste 6121;0;0
Dados de teste 6122;0;0
Dados de teste 6123;-23,33856;-46,14892
Dados de teste 6124;0;0
Dados de teste 6125;0;0
Dados de teste 6126;0;0
Dados de teste 6127;0;0
Dados de teste 6128;0;0
Dados de teste 6129;0;0
Dados de teste 6130;-23,34135;-46,15543
Dados de teste 6131;0;0
Dados de teste 6132;0;0
Dados de teste 6133;0;0
Dados de teste 6134;0;0
Dados de teste 6135;-23,296927;-46,006841
Dados de teste 6136;0;0
Dados de teste 6137;-23,29821;-46,00894
Dados de teste 6138;-23,3416;-46,155499
Dados de teste 6139;0;0
Dados de teste 6140;0;0
Dados de teste 6141;-23,3393;-46,15032
Dados de teste 6142;0;0
Dados de teste 6143;-23,457839;-46,480117
Dados de teste 6144;0;0
Dados de teste 6145;-23,460142;-46,485508
Dados de teste 6146;0;0
Dados de teste 6147;0;0
Dados de teste 6148;-23,33962;-46,15129
Dados de teste 6149;-23,29527;-46,00529
Dados de teste 6150;0;0
Dados de teste 6151;0;0
Dados de teste 6152;0;0
Dados de teste 6153;0;0
Dados de teste 6154;0;0
Dados de teste 6155;0;0
Dados de teste 6156;-23,33887;-46,14941
Dados de teste 6157;-23,459939;-46,484969
Dados de teste 6158;0;0
Dados de teste 6159;0;0
Dados de teste 6160;-23,459467;-46,483997
Dados de teste 6161;0;0
Dados de teste 6162;0;0
Dados de teste 6163;0;0
Dados de teste 6164;0;0
Dados de teste 6165;0;0
Dados de teste 6166;-23,29821;-46,00894
Dados de teste 6167;0;0
Dados de teste 6168;0;0
Dados de teste 6169;-23,467136;-46,505547
Dados de teste 6170;-23,33887;-46,14941
Dados de teste 6171;0;0
Dados de teste 6172;0;0
Dados de teste 6173;0;0
Dados de teste 6174;0;0
Dados de teste 6175;0;0
Dados de teste 6176;0;0
Dados de teste 6177;0;0
Dados de teste 6178;0;0
Dados de teste 6179;0;0
Dados de teste 6180;0;0
Dados de teste 6181;0;0
Dados de teste 6182;0;0
Dados de teste 6183;0;0
Dados de teste 6184;-23,225005;-45,90524
Dados de teste 6185;0;0
Dados de teste 6186;0;0
Dados de teste 6187;0;0
Dados de teste 6188;0;0
Dados de teste 6189;0;0
Dados de teste 6190;0;0
Dados de teste 6191;0;0
Dados de teste 6192;0;0
Dados de teste 6193;0;0
Dados de teste 6194;0;0
Dados de teste 6195;0;0
Dados de teste 6196;0;0
Dados de teste 6197;0;0
Dados de teste 6198;0;0
Dados de teste 6199;0;0
Dados de teste 6200;0;0
Dados de teste 6201;-23,459033;-46,482967
Dados de teste 6202;0;0
Dados de teste 6203;0;0
Dados de teste 6204;0;0
Dados de teste 6205;0;0
Dados de teste 6206;0;0
Dados de teste 6207;0;0
Dados de teste 6208;0;0
Dados de teste 6209;0;0
Dados de teste 6210;0;0
Dados de teste 6211;0;0
Dados de teste 6212;0;0
Dados de teste 6213;0;0
Dados de teste 6214;-23,524753;-46,586919
Dados de teste 6215;0;0
Dados de teste 6216;0;0
Dados de teste 6217;0;0
Dados de teste 6218;0;0
Dados de teste 6219;0;0
Dados de teste 6220;0;0
Dados de teste 6221;0;0
Dados de teste 6222;0;0
Dados de teste 6223;0;0
Dados de teste 6224;0;0
Dados de teste 6225;0;0
Dados de teste 6226;0;0
Dados de teste 6227;0;0
Dados de teste 6228;0;0
Dados de teste 6229;0;0
Dados de teste 6230;-23,466633;-46,504144
Dados de teste 6231;-23,466633;-46,504144
Dados de teste 6232;-23,466931;-46,504986
Dados de teste 6233;0;0
Dados de teste 6234;-23,2328;-45,913413
Dados de teste 6235;0;0
Dados de teste 6236;0;0
Dados de teste 6237;0;0
Dados de teste 6238;0;0
Dados de teste 6239;0;0
Dados de teste 6240;-23,48795;-46,544622
Dados de teste 6241;-23,225005;-45,90524
Dados de teste 6242;0;0
Dados de teste 6243;0;0
Dados de teste 6244;0;0
Dados de teste 6245;0;0
Dados de teste 6246;0;0
Dados de teste 6247;-23,467231;-46,505833
Dados de teste 6248;0;0
Dados de teste 6249;0;0
Dados de teste 6250;0;0
Dados de teste 6251;0;0
Dados de teste 6252;0;0
Dados de teste 6253;0;0
Dados de teste 6254;0;0
Dados de teste 6255;-23,219907;-45,899757
Dados de teste 6256;0;0
Dados de teste 6257;0;0
Dados de teste 6258;-23,488539;-46,545508
Dados de teste 6259;0;0
Dados de teste 6260;-23,488539;-46,545508
Dados de teste 6261;0;0
Dados de teste 6262;-23,507978;-46,571483
Dados de teste 6263;-23,224857;-45,905037
Dados de teste 6264;0;0
Dados de teste 6265;0;0
Dados de teste 6266;0;0
Dados de teste 6267;0;0
Dados de teste 6268;0;0
Dados de teste 6269;0;0
Dados de teste 6270;0;0
Dados de teste 6271;-23,225637;-45,905868
Dados de teste 6272;0;0
Dados de teste 6273;0;0
Dados de teste 6274;0;0
Dados de teste 6275;0;0
Dados de teste 6276;-23,460539;-46,486606
Dados de teste 6277;0;0
Dados de teste 6278;0;0
Dados de teste 6279;0;0
Dados de teste 6280;0;0
Dados de teste 6281;-23,507978;-46,571483
Dados de teste 6282;0;0
Dados de teste 6283;-23,224857;-45,905037
Dados de teste 6284;-23,507744;-46,571264
Dados de teste 6285;0;0
Dados de teste 6286;0;0
Dados de teste 6287;0;0
Dados de teste 6288;0;0
Dados de teste 6289;-23,524988;-46,587108
Dados de teste 6290;0;0
Dados de teste 6291;0;0
Dados de teste 6292;0;0
Dados de teste 6293;-23,460439;-46,486314
Dados de teste 6294;0;0
Dados de teste 6295;0;0
Dados de teste 6296;0;0
Dados de teste 6297;0;0
Dados de teste 6298;-23,460814;-46,487433
Dados de teste 6299;0;0
Dados de teste 6300;0;0
Dados de teste 6301;0;0
Dados de teste 6302;0;0
Dados de teste 6303;0;0
Dados de teste 6304;0;0
Dados de teste 6305;0;0
Dados de teste 6306;0;0
Dados de teste 6307;0;0
Dados de teste 6308;0;0
Dados de teste 6309;0;0
Dados de teste 6310;0;0
Dados de teste 6311;0;0
Dados de teste 6312;0;0
Dados de teste 6313;0;0
Dados de teste 6314;0;0
Dados de teste 6315;0;0
Dados de teste 6316;0;0
Dados de teste 6317;0;0
Dados de teste 6318;0;0
Dados de teste 6319;-23,225248;-45,905422
Dados de teste 6320;0;0
Dados de teste 6321;0;0
Dados de teste 6322;0;0
Dados de teste 6323;0;0
Dados de teste 6324;-23,21931;-45,899177
Dados de teste 6325;-23,259985;-45,950463
Dados de teste 6326;0;0
Dados de teste 6327;0;0
Dados de teste 6328;0;0
Dados de teste 6329;0;0
Dados de teste 6330;0;0
Dados de teste 6331;0;0
Dados de teste 6332;0;0
Dados de teste 6333;-23,21931;-45,899177
Dados de teste 6334;0;0
Dados de teste 6335;0;0
Dados de teste 6336;0;0
Dados de teste 6337;0;0
Dados de teste 6338;-23,219193;-45,898887
Dados de teste 6339;0;0
Dados de teste 6340;0;0
Dados de teste 6341;-23,467531;-46,506683
Dados de teste 6342;0;0
Dados de teste 6343;-23,218955;-45,898713
Dados de teste 6344;0;0
Dados de teste 6345;-23,467531;-46,506683
Dados de teste 6346;0;0
Dados de teste 6347;-23,220117;-45,899958
Dados de teste 6348;0;0
Dados de teste 6349;0;0
Dados de teste 6350;0;0
Dados de teste 6351;0;0
Dados de teste 6352;-23,467625;-46,506975
Dados de teste 6353;0;0
Dados de teste 6354;-23,219193;-45,898887
Dados de teste 6355;0;0
Dados de teste 6356;0;0
Dados de teste 6357;0;0
Dados de teste 6358;0;0
Dados de teste 6359;-23,466744;-46,504442
Dados de teste 6360;0;0
Dados de teste 6361;-23,2328;-45,913413
Dados de teste 6362;-23,219907;-45,899757
Dados de teste 6363;0;0
Dados de teste 6364;0;0
Dados de teste 6365;0;0
Dados de teste 6366;0;0
Dados de teste 6367;-23,467625;-46,506975
Dados de teste 6368;0;0
Dados de teste 6369;0;0
Dados de teste 6370;0;0
Dados de teste 6371;-23,218955;-45,898713
Dados de teste 6372;-23,219907;-45,899757
Dados de teste 6373;0;0
Dados de teste 6374;-23,467028;-46,505261
Dados de teste 6375;0;0
Dados de teste 6376;0;0
Dados de teste 6377;-23,507744;-46,571264
Dados de teste 6378;0;0
Dados de teste 6379;0;0
Dados de teste 6380;-23,219907;-45,899757
Dados de teste 6381;0;0
Dados de teste 6382;0;0
Dados de teste 6383;0;0
Dados de teste 6384;0;0
Dados de teste 6385;0;0
Dados de teste 6386;0;0
Dados de teste 6387;0;0
Dados de teste 6388;0;0
Dados de teste 6389;0;0
Dados de teste 6390;-23,467819;-46,507519
Dados de teste 6391;0;0
Dados de teste 6392;0;0
Dados de teste 6393;-23,489581;-46,546708
Dados de teste 6394;0;0
Dados de teste 6395;0;0
Dados de teste 6396;-23,489581;-46,546708
Dados de teste 6397;0;0
Dados de teste 6398;-23,489411;-46,546447
Dados de teste 6399;-23,489411;-46,546447
Dados de teste 6400;0;0
Dados de teste 6401;-23,489242;-46,546169
Dados de teste 6402;0;0
Dados de teste 6403;-23,225777;-45,90672
Dados de teste 6404;-23,467819;-46,507519
Dados de teste 6405;0;0
Dados de teste 6406;0;0
Dados de teste 6407;0;0
Dados de teste 6408;0;0
Dados de teste 6409;0;0
Dados de teste 6410;0;0
Dados de teste 6411;0;0
Dados de teste 6412;0;0
Dados de teste 6413;-23,489242;-46,546169
Dados de teste 6414;-23,471022;-46,517428
Dados de teste 6415;0;0
Dados de teste 6416;-23,489069;-46,545903
Dados de teste 6417;0;0
Dados de teste 6418;0;0
Dados de teste 6419;0;0
Dados de teste 6420;-23,259985;-45,950463
Dados de teste 6421;0;0
Dados de teste 6422;0;0
Dados de teste 6423;0;0
Dados de teste 6424;-23,489069;-46,545903
Dados de teste 6425;0;0
Dados de teste 6426;0;0
Dados de teste 6427;0;0
Dados de teste 6428;-23,471133;-46,517681
Dados de teste 6429;-23,466847;-46,504747
Dados de teste 6430;-23,466847;-46,504747
Dados de teste 6431;0;0
Dados de teste 6432;0;0
Dados de teste 6433;0;0
Dados de teste 6434;0;0
Dados de teste 6435;-23,225115;-45,905712
Dados de teste 6436;-23,488069;-46,544369
Dados de teste 6437;-23,225248;-45,905422
Dados de teste 6438;0;0
Dados de teste 6439;0;0
Dados de teste 6440;0;0
Dados de teste 6441;0;0
Dados de teste 6442;-23,23042;-45,911853
Dados de teste 6443;-23,219907;-45,899757
Dados de teste 6444;-23,471022;-46,517428
Dados de teste 6445;-23,488553;-46,545119
Dados de teste 6446;-23,488553;-46,545119
Dados de teste 6447;0;0
Dados de teste 6448;0;0
Dados de teste 6449;0;0
Dados de teste 6450;-23,488392;-46,544867
Dados de teste 6451;-23,488392;-46,544867
Dados de teste 6452;0;0
Dados de teste 6453;-23,488222;-46,544617
Dados de teste 6454;-23,488222;-46,544617
Dados de teste 6455;0;0
Dados de teste 6456;0;0
Dados de teste 6457;-23,420317;-46,386342
Dados de teste 6458;0;0
Dados de teste 6459;-23,417085;-46,374556
Dados de teste 6460;0;0
Dados de teste 6461;0;0
Dados de teste 6462;-23,417133;-46,37485
Dados de teste 6463;0;0
Dados de teste 6464;0;0
Dados de teste 6465;0;0
Dados de teste 6466;0;0
Dados de teste 6467;-23,488069;-46,544369
Dados de teste 6468;0;0
Dados de teste 6469;-23,440994;-46,439426
Dados de teste 6470;0;0
Dados de teste 6471;0;0
Dados de teste 6472;0;0
Dados de teste 6473;-23,4261;-46,403985
Dados de teste 6474;0;0
Dados de teste 6475;0;0
Dados de teste 6476;-23,42024;-46,386061
Dados de teste 6477;0;0
Dados de teste 6478;-23,440927;-46,439152
Dados de teste 6479;0;0
Dados de teste 6480;0;0
Dados de teste 6481;0;0
Dados de teste 6482;0;0
Dados de teste 6483;0;0
Dados de teste 6484;0;0
Dados de teste 6485;0;0
Dados de teste 6486;0;0
Dados de teste 6487;-23,427355;-46,407536
Dados de teste 6488;-23,42742;-46,407837
Dados de teste 6489;-23,507517;-46,571042
Dados de teste 6490;-23,427231;-46,407275
Dados de teste 6491;-23,420008;-46,385217
Dados de teste 6492;0;0
Dados de teste 6493;-23,507517;-46,571042
Dados de teste 6494;-23,426216;-46,404255
Dados de teste 6495;0;0
Dados de teste 6496;-23,464858;-46,498586
Dados de teste 6497;-23,4139;-46,361599
Dados de teste 6498;-23,435363;-46,427716
Dados de teste 6499;-23,418104;-46,378817
Dados de teste 6500;-23,227553;-45,908057
Dados de teste 6501;-23,221983;-45,90205
Dados de teste 6502;0;0
Dados de teste 6503;0;0
Dados de teste 6504;-23,222708;-45,902908
Dados de teste 6505;-23,423171;-46,396092
Dados de teste 6506;0;0
Dados de teste 6507;-23,222708;-45,902908
Dados de teste 6508;-23,222243;-45,902308
Dados de teste 6509;-23,492094;-46,550961
Dados de teste 6510;0;0
Dados de teste 6511;-23,227498;-45,907983
Dados de teste 6512;-23,491933;-46,550714
Dados de teste 6513;-23,461644;-46,491306
Dados de teste 6514;-23,507258;-46,571506
Dados de teste 6515;-23,482283;-46,535775
Dados de teste 6516;-23,22199;-45,902022
Dados de teste 6517;-23,435726;-46,427816
Dados de teste 6518;-23,227498;-45,907983
Dados de teste 6519;-23,230763;-45,912083
Dados de teste 6520;-23,25813;-45,947663
Dados de teste 6521;0;0
Dados de teste 6522;-23,222708;-45,902888
Dados de teste 6523;-23,418826;-46,381357
Dados de teste 6524;-23,422918;-46,396222
Dados de teste 6525;-23,425115;-46,402538
Dados de teste 6526;-23,418825;-46,381013
Dados de teste 6527;-23,423723;-46,398718
Dados de teste 6528;-23,423819;-46,398993
Dados de teste 6529;-23,222243;-45,904642
Dados de teste 6530;-23,423539;-46,398167
Dados de teste 6531;0;0
Dados de teste 6532;-23,458572;-46,481272
Dados de teste 6533;0;0
Dados de teste 6534;-23,227583;-45,908105
Dados de teste 6535;-23,423;-46,396099
Dados de teste 6536;0;0
Dados de teste 6537;-23,221983;-45,902007
Dados de teste 6538;-23,424898;-46,401993
Dados de teste 6539;-23,22755;-45,908047
Dados de teste 6540;-23,222243;-45,902308
Dados de teste 6541;-23,423628;-46,398439
Dados de teste 6542;-23,4244;-46,400633
Dados de teste 6543;-23,223042;-45,903248
Dados de teste 6544;-23,227583;-45,908105
Dados de teste 6545;0;0
Dados de teste 6546;-23,222708;-45,902888
Dados de teste 6547;0;0
Dados de teste 6548;-23,419257;-46,381733
Dados de teste 6549;-23,424102;-46,39981
Dados de teste 6550;-23,227547;-45,908042
Dados de teste 6551;-23,220363;-45,900078
Dados de teste 6552;-23,222708;-45,902888
Dados de teste 6553;-23,221983;-45,90205
Dados de teste 6554;-23,419148;-46,382906
Dados de teste 6555;-23,419059;-46,381861
Dados de teste 6556;-23,424205;-46,400099
Dados de teste 6557;0;0
Dados de teste 6558;0;0
Dados de teste 6559;-23,413799;-46,361599
Dados de teste 6560;-23,422999;-46,396507
Dados de teste 6561;0;0
Dados de teste 6562;-23,424795;-46,401716
Dados de teste 6563;-23,424295;-46,400365
Dados de teste 6564;-23,424698;-46,401444
Dados de teste 6565;0;0
Dados de teste 6566;-23,418178;-46,379108
Dados de teste 6567;-23,220265;-45,900205
Dados de teste 6568;-23,220363;-45,900078
Dados de teste 6569;-23,423909;-46,399258
Dados de teste 6570;-23,227553;-45,908057
Dados de teste 6571;-23,227547;-45,908042
Dados de teste 6572;-23,469586;-46,512514
Dados de teste 6573;-23,4246;-46,401173
Dados de teste 6574;0;0
Dados de teste 6575;-23,227547;-45,908042
Dados de teste 6576;-23,220267;-45,900215
Dados de teste 6577;-23,4139;-46,362099
Dados de teste 6578;0;0
Dados de teste 6579;-23,221983;-45,902007
Dados de teste 6580;-23,25657;-45,945258
Dados de teste 6581;-23,223042;-45,903248
Dados de teste 6582;0;0
Dados de teste 6583;-23,220267;-45,900272
Dados de teste 6584;-23,425699;-46,4039
Dados de teste 6585;-23,220267;-45,900215
Dados de teste 6586;-23,42345;-46,397892
Dados de teste 6587;-23,426859;-46,406826
Dados de teste 6588;-23,492592;-46,551661
Dados de teste 6589;-23,222708;-45,902888
Dados de teste 6590;0;0
Dados de teste 6591;-23,22755;-45,908047
Dados de teste 6592;-23,222708;-45,902888
Dados de teste 6593;-23,222243;-45,904642
Dados de teste 6594;-23,220267;-45,900205
Dados de teste 6595;-23,222243;-45,902308
Dados de teste 6596;-23,425006;-46,402265
Dados de teste 6597;-23,460314;-46,491189
Dados de teste 6598;-23,220267;-45,900272
Dados de teste 6599;-23,492094;-46,550961
Dados de teste 6600;0;0
Dados de teste 6601;-23,492247;-46,551183
Dados de teste 6602;-23,461389;-46,4912
Dados de teste 6603;0;0
Dados de teste 6604;-23,41827;-46,379385
Dados de teste 6605;-23,462933;-46,493428
Dados de teste 6606;0;0
Dados de teste 6607;-23,4296;-46,401402
Dados de teste 6608;-23,227547;-45,908042
Dados de teste 6609;-23,4662;-46,501999
Dados de teste 6610;-23,220265;-45,900205
Dados de teste 6611;-23,477097;-46,527667
Dados de teste 6612;-23,418336;-46,379671
Dados de teste 6613;-23,462528;-46,492333
Dados de teste 6614;-23,418491;-46,380237
Dados de teste 6615;-23,222243;-45,902308
Dados de teste 6616;-23,220267;-45,900205
Dados de teste 6617;-23,231559;-45,912465
Dados de teste 6618;0;0
Dados de teste 6619;0;0
Dados de teste 6620;0;0
Dados de teste 6621;-23,490711;-46,548958
Dados de teste 6622;-23,523831;-46,586732
Dados de teste 6623;0;0
Dados de teste 6624;-23,22199;-45,902022
Dados de teste 6625;-23,222708;-45,902888
Dados de teste 6626;0;0
Dados de teste 6627;-23,491933;-46,550714
Dados de teste 6628;-23,462092;-46,491628
Dados de teste 6629;-23,2143;-45,8946
Dados de teste 6630;-23,227553;-45,90807
Dados de teste 6631;0;0
Dados de teste 6632;-23,418652;-46,380799
Dados de teste 6633;-23,519084;-46,582517
Dados de teste 6634;0;0
Dados de teste 6635;-23,227498;-45,907983
Dados de teste 6636;0;0
Dados de teste 6637;-23,519489;-46,582872
Dados de teste 6638;-23,462267;-46,491831
Dados de teste 6639;-23,523438;-46,586424
Dados de teste 6640;-23,520922;-46,583903
Dados de teste 6641;-23,523225;-46,586255
Dados de teste 6642;-23,25657;-45,945258
Dados de teste 6643;-23,521514;-46,584469
Dados de teste 6644;-23,25657;-45,945258
Dados de teste 6645;-23,492428;-46,551433
Dados de teste 6646;-23,477097;-46,527667
Dados de teste 6647;-23,519084;-46,582517
Dados de teste 6648;-23,426213;-46,40487
Dados de teste 6649;-23,492592;-46,551661
Dados de teste 6650;-23,419056;-46,382184
Dados de teste 6651;-23,462411;-46,492072
Dados de teste 6652;-23,490864;-46,549194
Dados de teste 6653;-23,460853;-46,491141
Dados de teste 6654;-23,468192;-46,508044
Dados de teste 6655;-23,25813;-45,947663
Dados de teste 6656;-23,227553;-45,90807
Dados de teste 6657;0;0
Dados de teste 6658;-23,230763;-45,912083
Dados de teste 6659;-23,492942;-46,552136
Dados de teste 6660;-23,491292;-46,549836
Dados de teste 6661;-23,492247;-46,551183
Dados de teste 6662;-23,492769;-46,551906
Dados de teste 6663;-23,492942;-46,552136
Dados de teste 6664;-23,422375;-46,394221
Dados de teste 6665;0;0
Dados de teste 6666;-23,2145;-45,894199
Dados de teste 6667;-23,507281;-46,570831
Dados de teste 6668;-23,507281;-46,570831
Dados de teste 6669;-23,230763;-45,912083
Dados de teste 6670;0;0
Dados de teste 6671;-23,257942;-45,947438
Dados de teste 6672;-23,456097;-46,474289
Dados de teste 6673;0;0
Dados de teste 6674;0;0
Dados de teste 6675;0;0
Dados de teste 6676;0;0
Dados de teste 6677;-23,492769;-46,551906
Dados de teste 6678;-23,522806;-46,58591
Dados de teste 6679;0;0
Dados de teste 6680;-23,491156;-46,549642
Dados de teste 6681;-23,454103;-46,473039
Dados de teste 6682;-23,227498;-45,907983
Dados de teste 6683;-23,4186;-46,380402
Dados de teste 6684;-23,460583;-46,491167
Dados de teste 6685;-23,413799;-46,361198
Dados de teste 6686;-23,453994;-46,472781
Dados de teste 6687;-23,453881;-46,4725
Dados de teste 6688;-23,519489;-46,582872
Dados de teste 6689;-23,470189;-46,514453
Dados de teste 6690;-23,522586;-46,585743
Dados de teste 6691;-23,464858;-46,498586
Dados de teste 6692;-23,526303;-46,588381
Dados de teste 6693;-23,470189;-46,514453
Dados de teste 6694;-23,426016;-46,404343
Dados de teste 6695;0;0
Dados de teste 6696;-23,22359;-45,903732
Dados de teste 6697;-23,230303;-45,911008
Dados de teste 6698;-23,523831;-46,586732
Dados de teste 6699;-23,491156;-46,549642
Dados de teste 6700;-23,523643;-46,586598
Dados de teste 6701;-23,453806;-46,472306
Dados de teste 6702;-23,458681;-46,481547
Dados de teste 6703;-23,491017;-46,549425
Dados de teste 6704;-23,413099;-46,363201
Dados de teste 6705;0;0
Dados de teste 6706;-23,166897;-45,815546
Dados de teste 6707;-23,142232;-45,765346
Dados de teste 6708;0;0
Dados de teste 6709;-23,491292;-46,549836
Dados de teste 6710;0;0
Dados de teste 6711;-23,492428;-46,551433
Dados de teste 6712;0;0
Dados de teste 6713;0;0
Dados de teste 6714;-23,458903;-46,482067
Dados de teste 6715;-23,258732;-45,948637
Dados de teste 6716;-23,454217;-46,473306
Dados de teste 6717;-23,458789;-46,481811
Dados de teste 6718;-23,461953;-46,491736
Dados de teste 6719;-23,235535;-45,916657
Dados de teste 6720;-23,2507;-45,9529
Dados de teste 6721;0;0
Dados de teste 6722;0;0
Dados de teste 6723;-23,235515;-45,916658
Dados de teste 6724;0;0
Dados de teste 6725;-23,235535;-45,916657
Dados de teste 6726;0;0
Dados de teste 6727;0;0
Dados de teste 6728;-23,185925;-45,853715
Dados de teste 6729;-23,479969;-46,532153
Dados de teste 6730;-23,523438;-46,586424
Dados de teste 6731;-23,517831;-46,581297
Dados de teste 6732;0;0
Dados de teste 6733;-23,230763;-45,912083
Dados de teste 6734;0;0
Dados de teste 6735;-23,523643;-46,586598
Dados de teste 6736;-23,22359;-45,903732
Dados de teste 6737;-23,235535;-45,916657
Dados de teste 6738;-23,461114;-46,491144
Dados de teste 6739;-23,118099;-45,7178
Dados de teste 6740;0;0
Dados de teste 6741;-23,462162;-46,492289
Dados de teste 6742;-23,511617;-46,575741
Dados de teste 6743;-23,22359;-45,903732
Dados de teste 6744;0;0
Dados de teste 6745;-23,117399;-45,715302
Dados de teste 6746;-23,258709;-45,949887
Dados de teste 6747;-23,1166;-45,7173
Dados de teste 6748;-23,16699;-45,815673
Dados de teste 6749;-23,456269;-46,475172
Dados de teste 6750;-23,496311;-46,557486
Dados de teste 6751;-23,234895;-45,91598
Dados de teste 6752;0;0
Dados de teste 6753;-23,234706;-45,915725
Dados de teste 6754;0;0
Dados de teste 6755;-23,258732;-45,948637
Dados de teste 6756;-23,427065;-46,407046
Dados de teste 6757;-23,479969;-46,532153
Dados de teste 6758;0;0
Dados de teste 6759;-23,22359;-45,903732
Dados de teste 6760;0;0
Dados de teste 6761;-23,261101;-45,950298
Dados de teste 6762;-23,267339;-45,96234
Dados de teste 6763;0;0
Dados de teste 6764;-23,236603;-45,917828
Dados de teste 6765;-23,215;-45,893299
Dados de teste 6766;-23,230303;-45,911008
Dados de teste 6767;-23,501697;-46,564178
Dados de teste 6768;-23,501697;-46,564178
Dados de teste 6769;-23,522806;-46,58591
Dados de teste 6770;-23,232326;-45,913281
Dados de teste 6771;0;0
Dados de teste 6772;0;0
Dados de teste 6773;-23,237301;-45,9184
Dados de teste 6774;0;0
Dados de teste 6775;-23,22359;-45,903732
Dados de teste 6776;-23,461906;-46,491464
Dados de teste 6777;-23,257942;-45,947438
Dados de teste 6778;-23,523001;-46,586063
Dados de teste 6779;-23,521581;-46,585088
Dados de teste 6780;-23,25657;-45,945258
Dados de teste 6781;-23,517831;-46,581297
Dados de teste 6782;0;0
Dados de teste 6783;-23,511811;-46,575569
Dados de teste 6784;0;0
Dados de teste 6785;0;0
Dados de teste 6786;-23,197579;-45,876224
Dados de teste 6787;-23,235535;-45,916657
Dados de teste 6788;0;0
Dados de teste 6789;-23,230303;-45,911008
Dados de teste 6790;-23,22359;-45,903732
Dados de teste 6791;-23,258843;-45,948907
Dados de teste 6792;0;0
Dados de teste 6793;-23,523225;-46,586255
Dados de teste 6794;0;0
Dados de teste 6795;-23,523001;-46,586063
Dados de teste 6796;0;0
Dados de teste 6797;-23,500622;-46,562619
Dados de teste 6798;-23,234706;-45,915725
Dados de teste 6799;0;0
Dados de teste 6800;-23,521514;-46,584469
Dados de teste 6801;-23,500622;-46,562619
Dados de teste 6802;0;0
Dados de teste 6803;-23,501867;-46,564436
Dados de teste 6804;-23,501867;-46,564436
Dados de teste 6805;0;0
Dados de teste 6806;0;0
Dados de teste 6807;0;0
Dados de teste 6808;-23,142066;-45,765283
Dados de teste 6809;0;0
Dados de teste 6810;-23,230303;-45,911008
Dados de teste 6811;-23,259199;-45,948502
Dados de teste 6812;-23,46225;-46,492539
Dados de teste 6813;0;0
Dados de teste 6814;0;0
Dados de teste 6815;-23,456856;-46,477219
Dados de teste 6816;-23,234901;-45,915972
Dados de teste 6817;0;0
Dados de teste 6818;0;0
Dados de teste 6819;-23,520922;-46,583903
Dados de teste 6820;0;0
Dados de teste 6821;0;0
Dados de teste 6822;-23,166958;-45,81559
Dados de teste 6823;0;0
Dados de teste 6824;0;0
Dados de teste 6825;0;0
Dados de teste 6826;0;0
Dados de teste 6827;-23,438505;-46,434209
Dados de teste 6828;0;0
Dados de teste 6829;0;0
Dados de teste 6830;-23,44064;-46,438331
Dados de teste 6831;0;0
Dados de teste 6832;-23,4137;-46,362701
Dados de teste 6833;-23,447967;-46,457042
Dados de teste 6834;0;0
Dados de teste 6835;0;0
Dados de teste 6836;-23,258843;-45,948907
Dados de teste 6837;-23,117577;-45,717857
Dados de teste 6838;-23,424108;-46,399464
Dados de teste 6839;0;0
Dados de teste 6840;0;0
Dados de teste 6841;-23,197955;-45,875778
Dados de teste 6842;-23,19796;-45,875715
Dados de teste 6843;-23,258732;-45,948637
Dados de teste 6844;0;0
Dados de teste 6845;-23,197637;-45,876242
Dados de teste 6846;0;0
Dados de teste 6847;-23,236603;-45,917828
Dados de teste 6848;-23,4139;-46,361301
Dados de teste 6849;-23,283574;-45,987611
Dados de teste 6850;0;0
Dados de teste 6851;0;0
Dados de teste 6852;0;0
Dados de teste 6853;-23,456269;-46,475172
Dados de teste 6854;-23,235482;-45,916685
Dados de teste 6855;-23,438605;-46,434668
Dados de teste 6856;-23,501342;-46,563664
Dados de teste 6857;-23,501342;-46,563664
Dados de teste 6858;-23,447977;-46,457675
Dados de teste 6859;-23,282801;-45,986198
Dados de teste 6860;-23,4142;-46,363998
Dados de teste 6861;-23,465099;-46,498001
Dados de teste 6862;0;0
Dados de teste 6863;0;0
Dados de teste 6864;0;0
Dados de teste 6865;-23,234895;-45,915949
Dados de teste 6866;0;0
Dados de teste 6867;-23,43851;-46,435024
Dados de teste 6868;-23,456147;-46,474544
Dados de teste 6869;0;0
Dados de teste 6870;0;0
Dados de teste 6871;0;0
Dados de teste 6872;-23,451858;-46,466018
Dados de teste 6873;-23,501514;-46,563917
Dados de teste 6874;-23,501514;-46,563917
Dados de teste 6875;-23,44819;-46,457576
Dados de teste 6876;-23,426767;-46,405565
Dados de teste 6877;-23,500981;-46,563142
Dados de teste 6878;-23,235542;-45,91664
Dados de teste 6879;-23,500981;-46,563142
Dados de teste 6880;0;0
Dados de teste 6881;0;0
Dados de teste 6882;0;0
Dados de teste 6883;0;0
Dados de teste 6884;-23,166865;-45,815462
Dados de teste 6885;-23,285138;-45,990022
Dados de teste 6886;-23,456136;-46,475439
Dados de teste 6887;0;0
Dados de teste 6888;0;0
Dados de teste 6889;-23,427444;-46,407159
Dados de teste 6890;-23,235535;-45,916657
Dados de teste 6891;0;0
Dados de teste 6892;-23,456167;-46,475361
Dados de teste 6893;0;0
Dados de teste 6894;-23,42672;-46,406236
Dados de teste 6895;-23,425786;-46,403809
Dados de teste 6896;0;0
Dados de teste 6897;0;0
Dados de teste 6898;-23,42628;-46,405166
Dados de teste 6899;-23,426833;-46,406509
Dados de teste 6900;-23,426122;-46,404591
Dados de teste 6901;0;0
Dados de teste 6902;0;0
Dados de teste 6903;-23,232326;-45,913281
Dados de teste 6904;-23,11796;-45,717815
Dados de teste 6905;-22,4136;-47,3604
Dados de teste 6906;-23,456492;-46,476261
Dados de teste 6907;0;0
Dados de teste 6908;-23,425899;-46,404078
Dados de teste 6909;-23,234895;-45,91598
Dados de teste 6910;-23,438392;-46,433942
Dados de teste 6911;-23,258416;-45,949588
Dados de teste 6912;-23,449969;-46,461861
Dados de teste 6913;-23,501158;-46,563411
Dados de teste 6914;-23,501158;-46,563411
Dados de teste 6915;0;0
Dados de teste 6916;0;0
Dados de teste 6917;0;0
Dados de teste 6918;-23,452103;-46,466206
Dados de teste 6919;-23,44976;-46,461319
Dados de teste 6920;-23,440738;-46,438608
Dados de teste 6921;-23,456308;-46,475414
Dados de teste 6922;0;0
Dados de teste 6923;0;0
Dados de teste 6924;0;0
Dados de teste 6925;-23,456056;-46,475389
Dados de teste 6926;-23,452777;-46,467808
Dados de teste 6927;-23,415055;-46,367806
Dados de teste 6928;0;0
Dados de teste 6929;0;0
Dados de teste 6930;-23,446409;-46,453925
Dados de teste 6931;0;0
Dados de teste 6932;-23,456992;-46,477486
Dados de teste 6933;0;0
Dados de teste 6934;0;0
Dados de teste 6935;0;0
Dados de teste 6936;-23,500803;-46,562878
Dados de teste 6937;0;0
Dados de teste 6938;-23,4137;-46,361198
Dados de teste 6939;0;0
Dados de teste 6940;0;0
Dados de teste 6941;-23,500803;-46,562878
Dados de teste 6942;-23,4137;-46,361099
Dados de teste 6943;-23,235535;-45,916657
Dados de teste 6944;-23,232894;-45,913925
Dados de teste 6945;0;0
Dados de teste 6946;-23,421632;-46,391085
Dados de teste 6947;-23,468575;-46,510003
Dados de teste 6948;0;0
Dados de teste 6949;0;0
Dados de teste 6950;0;0
Dados de teste 6951;0;0
Dados de teste 6952;0;0
Dados de teste 6953;-23,4137;-46,361
Dados de teste 6954;-23,415077;-46,367236
Dados de teste 6955;0;0
Dados de teste 6956;-23,447753;-46,45714
Dados de teste 6957;-23,235515;-45,916658
Dados de teste 6958;-23,414801;-46,367901
Dados de teste 6959;0;0
Dados de teste 6960;0;0
Dados de teste 6961;0;0
Dados de teste 6962;-23,413601;-46,361301
Dados de teste 6963;0;0
Dados de teste 6964;-23,236592;-45,917845
Dados de teste 6965;-23,166885;-45,81539
Dados de teste 6966;0;0
Dados de teste 6967;0;0
Dados de teste 6968;-23,23661;-45,917808
Dados de teste 6969;-23,235535;-45,916657
Dados de teste 6970;-23,167299;-45,814899
Dados de teste 6971;-23,235482;-45,916685
Dados de teste 6972;-23,451967;-46,46629
Dados de teste 6973;-23,4137;-46,360401
Dados de teste 6974;-23,434495;-46,42395
Dados de teste 6975;0;0
Dados de teste 6976;-23,422438;-46,395452
Dados de teste 6977;0;0
Dados de teste 6978;-23,234706;-45,915719
Dados de teste 6979;-23,285127;-45,990015
Dados de teste 6980;-23,285626;-45,990781
Dados de teste 6981;-23,283001;-45,986801
Dados de teste 6982;-23,283899;-45,9879
Dados de teste 6983;-23,2854;-45,9902
Dados de teste 6984;-23,2862;-45,991798
Dados de teste 6985;-23,285999;-45,991001
Dados de teste 6986;-23,285601;-45,990101
Dados de teste 6987;-23,446061;-46,452495
Dados de teste 6988;-23,28384;-45,988013
Dados de teste 6989;-23,286395;-45,991983
Dados de teste 6990;-23,23661;-45,917808
Dados de teste 6991;-23,2831;-45,986698
Dados de teste 6992;-23,282767;-45,986373
Dados de teste 6993;-23,284201;-45,989201
Dados de teste 6994;-23,283701;-45,9874
Dados de teste 6995;-23,28461;-45,989207
Dados de teste 6996;-23,261299;-45,950001
Dados de teste 6997;-23,2845;-45,988602
Dados de teste 6998;-23,234706;-45,915719
Dados de teste 6999;-23,234895;-45,915949
Dados de teste 7000;0;0
Dados de teste 7001;-23,28614;-45,991591
Dados de teste 7002;-23,234901;-45,915972
Dados de teste 7003;0;0
Dados de teste 7004;-23,235542;-45,91664
Dados de teste 7005;-23,285884;-45,991198
Dados de teste 7006;-23,2666;-45,9618
Dados de teste 7007;-23,267496;-45,962575
Dados de teste 7008;-23,469531;-46,513083
Dados de teste 7009;-23,2731;-45,959599
Dados de teste 7010;0;0
Dados de teste 7011;-23,26659;-45,96111
Dados de teste 7012;-23,490858;-46,54875
Dados de teste 7013;0;0
Dados de teste 7014;0;0
Dados de teste 7015;0;0
Dados de teste 7016;-23,460886;-46,487656
Dados de teste 7017;-23,420527;-46,38718
Dados de teste 7018;-23,267799;-45,963902
Dados de teste 7019;-23,461311;-46,488772
Dados de teste 7020;-23,469506;-46,512236
Dados de teste 7021;-23,460886;-46,487656
Dados de teste 7022;-23,267;-45,9622
Dados de teste 7023;-23,447498;-46,45598
Dados de teste 7024;-23,511178;-46,574608
Dados de teste 7025;-23,501319;-46,564133
Dados de teste 7026;-23,286126;-45,991583
Dados de teste 7027;0;0
Dados de teste 7028;0;0
Dados de teste 7029;0;0
Dados de teste 7030;-23,268116;-45,963545
Dados de teste 7031;-23,46545;-46,500231
Dados de teste 7032;-23,284095;-45,988413
Dados de teste 7033;-23,284;-45,988499
Dados de teste 7034;-23,283301;-45,987198
Dados de teste 7035;0;0
Dados de teste 7036;-23,434381;-46,425289
Dados de teste 7037;0;0
Dados de teste 7038;-23,267803;-45,963061
Dados de teste 7039;-23,482122;-46,535525
Dados de teste 7040;-23,434964;-46,426623
Dados de teste 7041;-23,285601;-45,990799
Dados de teste 7042;-23,284866;-45,989627
Dados de teste 7043;-23,2668;-45,9618
Dados de teste 7044;-23,511178;-46,574608
Dados de teste 7045;-23,2833;-45,987192
Dados de teste 7046;-23,2677;-45,963402
Dados de teste 7047;-23,2848;-45,989601
Dados de teste 7048;-23,483044;-46,536967
Dados de teste 7049;-23,266876;-45,961607
Dados de teste 7050;-23,500956;-46,563597
Dados de teste 7051;-23,269501;-45,961201
Dados de teste 7052;-23,478261;-46,529503
Dados de teste 7053;-23,501144;-46,563864
Dados de teste 7054;-23,434658;-46,425806
Dados de teste 7055;0;0
Dados de teste 7056;0;0
Dados de teste 7057;-23,2677;-45,961498
Dados de teste 7058;-23,268279;-45,96379
Dados de teste 7059;0;0
Dados de teste 7060;-23,268299;-45,963402
Dados de teste 7061;-23,267814;-45,963059
Dados de teste 7062;-23,2686;-45,9646
Dados de teste 7063;-23,268588;-45,964262
Dados de teste 7064;-23,266728;-45,961348
Dados de teste 7065;-23,268499;-45,964199
Dados de teste 7066;-23,2631;-45,965401
Dados de teste 7067;-23,26768;-45,962787
Dados de teste 7068;-23,2668;-45,961899
Dados de teste 7069;-23,267349;-45,962336
Dados de teste 7070;-23,266287;-45,960632
Dados de teste 7071;0;0
Dados de teste 7072;-23,2663;-45,962399
Dados de teste 7073;-23,501144;-46,563864
Dados de teste 7074;-23,500956;-46,563597
Dados de teste 7075;-23,435743;-46,428405
Dados de teste 7076;-23,435948;-46,428923
Dados de teste 7077;-23,267502;-45,962578
Dados de teste 7078;-23,267653;-45,962814
Dados de teste 7079;-23,461311;-46,488772
Dados de teste 7080;-23,447293;-46,455438
Dados de teste 7081;0;0
Dados de teste 7082;-23,434521;-46,424907
Dados de teste 7083;0;0
Dados de teste 7084;0;0
Dados de teste 7085;-23,447401;-46,456342
Dados de teste 7086;-23,2668;-45,961201
Dados de teste 7087;-23,26981;-45,966183
Dados de teste 7088;0;0
Dados de teste 7089;-23,5015;-46,564389
Dados de teste 7090;-23,269199;-45,965222
Dados de teste 7091;-23,2691;-45,964802
Dados de teste 7092;-23,269367;-45,965473
Dados de teste 7093;-23,435878;-46,428328
Dados de teste 7094;-23,424314;-46,401275
Dados de teste 7095;-23,27;-45,966301
Dados de teste 7096;-23,466239;-46,502419
Dados de teste 7097;0;0
Dados de teste 7098;-23,447407;-46,455704
Dados de teste 7099;-23,2687;-45,964699
Dados de teste 7100;-23,466425;-46,50295
Dados de teste 7101;0;0
Dados de teste 7102;-23,269201;-45,965213
Dados de teste 7103;-23,268801;-45,9646
Dados de teste 7104;-23,434851;-46,425716
Dados de teste 7105;-23,499672;-46,560864
Dados de teste 7106;-23,413601;-46,361198
Dados de teste 7107;-23,269512;-45,965698
Dados de teste 7108;0;0
Dados de teste 7109;-23,435983;-46,428577
Dados de teste 7110;-23,434408;-46,424641
Dados de teste 7111;-23,2911;-45,999001
Dados de teste 7112;-23,269664;-45,965942
Dados de teste 7113;-23,291201;-45,999001
Dados de teste 7114;-23,433875;-46,42393
Dados de teste 7115;-23,269984;-45,966462
Dados de teste 7116;0;0
Dados de teste 7117;-23,269363;-45,965464
Dados de teste 7118;-23,435172;-46,426526
Dados de teste 7119;-23,269652;-45,965927
Dados de teste 7120;-23,434216;-46,424731
Dados de teste 7121;-23,435842;-46,428669
Dados de teste 7122;-23,26905;-45,964978
Dados de teste 7123;-23,269816;-45,966186
Dados de teste 7124;0;0
Dados de teste 7125;-23,465847;-46,501331
Dados de teste 7126;-23,291534;-46,000014
Dados de teste 7127;-23,2918;-46,000301
Dados de teste 7128;-23,464172;-46,496686
Dados de teste 7129;-23,466325;-46,502669
Dados de teste 7130;-23,464172;-46,496686
Dados de teste 7131;-23,292319;-46,001226
Dados de teste 7132;-23,2911;-45,999599
Dados de teste 7133;-23,463911;-46,495842
Dados de teste 7134;-23,466039;-46,501878
Dados de teste 7135;-23,292056;-46,00082
Dados de teste 7136;-23,292066;-46,000819
Dados de teste 7137;0;0
Dados de teste 7138;-23,465744;-46,50105
Dados de teste 7139;-23,281601;-45,9841
Dados de teste 7140;-23,291401;-46,000401
Dados de teste 7141;-23,464078;-46,496425
Dados de teste 7142;0;0
Dados de teste 7143;-23,2924;-46,001598
Dados de teste 7144;-23,291283;-45,999613
Dados de teste 7145;-23,465744;-46,50105
Dados de teste 7146;-23,466325;-46,502669
Dados de teste 7147;-23,269515;-45,965712
Dados de teste 7148;-23,2922;-46,001301
Dados de teste 7149;-23,297001;-45,995602
Dados de teste 7150;-23,263341;-45,956082
Dados de teste 7151;-23,26208;-45,954124
Dados de teste 7152;-23,26239;-45,954618
Dados de teste 7153;-23,26365;-45,956539
Dados de teste 7154;-23,463633;-46,495008
Dados de teste 7155;-23,464078;-46,496425
Dados de teste 7156;-23,466425;-46,50295
Dados de teste 7157;-23,465847;-46,501331
Dados de teste 7158;0;0
Dados de teste 7159;-23,263807;-45,956784
Dados de teste 7160;-23,263643;-45,956563
Dados de teste 7161;-23,263031;-45,955601
Dados de teste 7162;-23,463911;-46,495842
Dados de teste 7163;-23,463981;-46,496142
Dados de teste 7164;-23,263023;-45,95558
Dados de teste 7165;-23,263496;-45,956304
Dados de teste 7166;-23,466039;-46,501878
Dados de teste 7167;-23,463633;-46,495008
Dados de teste 7168;-23,263497;-45,956302
Dados de teste 7169;-23,262717;-45,955087
Dados de teste 7170;-23,261717;-45,953528
Dados de teste 7171;-23,463817;-46,495561
Dados de teste 7172;-23,466239;-46,502419
Dados de teste 7173;-23,263339;-45,956069
Dados de teste 7174;-23,463981;-46,496142
Dados de teste 7175;-23,463817;-46,495561
Dados de teste 7176;-23,262545;-45,954843
Dados de teste 7177;-23,274599;-45,9734
Dados de teste 7178;-23,424582;-46,400221
Dados de teste 7179;-23,423481;-46,396909
Dados de teste 7180;-23,273399;-45,972
Dados de teste 7181;-23,274099;-45,973
Dados de teste 7182;-23,42365;-46,397465
Dados de teste 7183;0;0
Dados de teste 7184;-23,420399;-46,386609
Dados de teste 7185;-23,438715;-46,434933
Dados de teste 7186;-23,423902;-46,3983
Dados de teste 7187;-23,2761;-45,975601
Dados de teste 7188;-23,446731;-46,454096
Dados de teste 7189;-23,262222;-45,954382
Dados de teste 7190;0;0
Dados de teste 7191;-23,262093;-45,954138
Dados de teste 7192;-23,2735;-45,971901
Dados de teste 7193;-23,262381;-45,954615
Dados de teste 7194;-23,262546;-45,954855
Dados de teste 7195;-23,261905;-45,953904
Dados de teste 7196;-23,261614;-45,953373
Dados de teste 7197;-23,26193;-45,953896
Dados de teste 7198;-23,261156;-45,952685
Dados de teste 7199;-23,274401;-45,9734
Dados de teste 7200;-23,50065;-46,561231
Dados de teste 7201;-23,262244;-45,954372
Dados de teste 7202;-23,273863;-45,972472
Dados de teste 7203;-23,262697;-45,955102
Dados de teste 7204;-23,420837;-46,388305
Dados de teste 7205;-23,424508;-46,400556
Dados de teste 7206;-23,445853;-46,452589
Dados de teste 7207;-23,273841;-45,97246
Dados de teste 7208;-23,425641;-46,403538
Dados de teste 7209;-23,278407;-45,97958
Dados de teste 7210;0;0
Dados de teste 7211;-23,261147;-45,952678
Dados de teste 7212;-23,279416;-45,981096
Dados de teste 7213;-23,423394;-46,397248
Dados de teste 7214;-23,46545;-46,500231
Dados de teste 7215;-23,423729;-46,398362
Dados de teste 7216;0;0
Dados de teste 7217;-23,42045;-46,386899
Dados de teste 7218;-23,261482;-45,953152
Dados de teste 7219;0;0
Dados de teste 7220;-23,277315;-45,977876
Dados de teste 7221;-23,261743;-45,953577
Dados de teste 7222;-23,414922;-46,367238
Dados de teste 7223;-23,261473;-45,953161
Dados de teste 7224;-23,260997;-45,952439
Dados de teste 7225;-23,425722;-46,4032
Dados de teste 7226;-23,424682;-46,400494
Dados de teste 7227;-23,502192;-46,559428
Dados de teste 7228;-46,433998;-46,433998
Dados de teste 7229;0;0
Dados de teste 7230;-23,424987;-46,401919
Dados de teste 7231;-23,249925;-45,935147
Dados de teste 7232;-23,456206;-46,474861
Dados de teste 7233;-23,425281;-46,402132
Dados de teste 7234;-23,276699;-45,9767
Dados de teste 7235;-23,272913;-45,970996
Dados de teste 7236;-23,293605;-46,003207
Dados de teste 7237;0;0
Dados de teste 7238;-23,456542;-46,476508
Dados de teste 7239;-23,276954;-45,977254
Dados de teste 7240;-23,456308;-46,475414
Dados de teste 7241;-23,456097;-46,474289
Dados de teste 7242;0;0
Dados de teste 7243;-23,456117;-46,473981
Dados de teste 7244;-23,450467;-46,462241
Dados de teste 7245;-23,293862;-46,003617
Dados de teste 7246;-23,456375;-46,475714
Dados de teste 7247;-23,272699;-45,970402
Dados de teste 7248;-23,2756;-45,9753
Dados de teste 7249;-23,414985;-46,366031
Dados de teste 7250;-23,276931;-45,977273
Dados de teste 7251;-23,465053;-46,499131
Dados de teste 7252;-23,274135;-45,97291
Dados de teste 7253;0;0
Dados de teste 7254;0;0
Dados de teste 7255;-23,2752;-45,9748
Dados de teste 7256;-23,277;-45,9776
Dados de teste 7257;-23,2824;-45,985901
Dados de teste 7258;-23,2757;-45,975315
Dados de teste 7259;-23,501111;-46,560292
Dados de teste 7260;-23,470722;-46,516664
Dados de teste 7261;-23,2946;-46,004101
Dados de teste 7262;-23,277325;-45,977879
Dados de teste 7263;-23,2759;-45,9757
Dados de teste 7264;-23,277201;-45,977402
Dados de teste 7265;-23,272961;-45,970958
Dados de teste 7266;-23,415001;-46,367298
Dados de teste 7267;-23,456217;-46,473647
Dados de teste 7268;0;0
Dados de teste 7269;0;0
Dados de teste 7270;-23,276622;-45,97675
Dados de teste 7271;-23,249703;-45,934827
Dados de teste 7272;-23,27842;-45,979582
Dados de teste 7273;0;0
Dados de teste 7274;-23,490711;-46,548958
Dados de teste 7275;-23,27538;-45,974838
Dados de teste 7276;-23,427184;-46,407635
Dados de teste 7277;-23,425301;-46,403
Dados de teste 7278;-23,275115;-45,97441
Dados de teste 7279;-23,282265;-45,985556
Dados de teste 7280;-23,500919;-46,562267
Dados de teste 7281;-23,500656;-46,560933
Dados de teste 7282;-23,502447;-46,559364
Dados de teste 7283;-23,2931;-46,003101
Dados de teste 7284;-23,250014;-45,935311
Dados de teste 7285;-23,455814;-46,473817
Dados de teste 7286;-23,2925;-46,0014
Dados de teste 7287;-23,293501;-46,002701
Dados de teste 7288;-23,423569;-46,397186
Dados de teste 7289;-23,272587;-45,97051
Dados de teste 7290;-23,456419;-46,475972
Dados de teste 7291;-23,249717;-45,934825
Dados de teste 7292;-23,2892;-45,9977
Dados de teste 7293;-23,249515;-45,934495
Dados de teste 7294;0;0
Dados de teste 7295;-23,4251;-46,402191
Dados de teste 7296;-23,424201;-46,399747
Dados de teste 7297;-23,491017;-46,549425
Dados de teste 7298;-23,249618;-45,934679
Dados de teste 7299;-23,253105;-45,939558
Dados de teste 7300;-23,249514;-45,934503
Dados de teste 7301;-23,275101;-45,9744
Dados de teste 7302;-23,470722;-46,516664
Dados de teste 7303;-23,456014;-46,473997
Dados de teste 7304;-23,2941;-46,004002
Dados de teste 7305;-23,2934;-46,001701
Dados de teste 7306;-23,294201;-46,004398
Dados de teste 7307;-23,501256;-46,560081
Dados de teste 7308;-23,2929;-46,003399
Dados de teste 7309;0;0
Dados de teste 7310;-23,425433;-46,402995
Dados de teste 7311;-23,425176;-46,401862
Dados de teste 7312;0;0
Dados de teste 7313;-23,425615;-46,402936
Dados de teste 7314;-23,2931;-46,0023
Dados de teste 7315;-23,346915;-46,166157
Dados de teste 7316;-23,423985;-46,400159
Dados de teste 7317;-23,249918;-45,935143
Dados de teste 7318;-23,249613;-45,934667
Dados de teste 7319;-23,424298;-46,400021
Dados de teste 7320;-23,420756;-46,388024
Dados de teste 7321;-22,858027;-45,232807
Dados de teste 7322;-23,2836;-45,9977
Dados de teste 7323;-23,2929;-46,001999
Dados de teste 7324;-23,501461;-46,559864
Dados de teste 7325;-23,456206;-46,474861
Dados de teste 7326;-23,440537;-46,438057
Dados de teste 7327;-23,490864;-46,549194
Dados de teste 7328;-23,261004;-45,952439
Dados de teste 7329;-23,456689;-46,476981
Dados de teste 7330;-23,421772;-46,393185
Dados de teste 7331;0;0
Dados de teste 7332;-23,252388;-45,93981
Dados de teste 7333;0;0
Dados de teste 7334;-23,293848;-46,003613
Dados de teste 7335;-23,347449;-46,167149
Dados de teste 7336;-23,250013;-45,935309
Dados de teste 7337;-23,425824;-46,403479
Dados de teste 7338;-23,425072;-46,401594
Dados de teste 7339;-23,42154;-46,392341
Dados de teste 7340;-23,431885;-46,418863
Dados de teste 7341;0;0
Dados de teste 7342;0;0
Dados de teste 7343;-23,431536;-46,418067
Dados de teste 7344;-23,438167;-46,433407
Dados de teste 7345;-23,280219;-45,982389
Dados de teste 7346;-22,858669;-45,233358
Dados de teste 7347;-22,858027;-45,23278
Dados de teste 7348;-23,279915;-45,98191
Dados de teste 7349;-23,345535;-46,163393
Dados de teste 7350;0;0
Dados de teste 7351;-22,858466;-45,233174
Dados de teste 7352;-23,278893;-45,980288
Dados de teste 7353;-23,423401;-46,396631
Dados de teste 7354;-22,85772;-45,23252
Dados de teste 7355;-23,347144;-46,166573
Dados de teste 7356;0;0
Dados de teste 7357;-23,425389;-46,402402
Dados de teste 7358;-22,85888;-45,233557
Dados de teste 7359;-23,427405;-46,408193
Dados de teste 7360;-23,420933;-46,388641
Dados de teste 7361;-22,857867;-45,232652
Dados de teste 7362;-23,420609;-46,387468
Dados de teste 7363;-23,260703;-45,951938
Dados de teste 7364;-22,857719;-45,232521
Dados de teste 7365;-23,425496;-46,402666
Dados de teste 7366;-22,858465;-45,233179
Dados de teste 7367;-23,421047;-46,388908
Dados de teste 7368;-23,2938;-46,004101
Dados de teste 7369;-23,2936;-46,001999
Dados de teste 7370;-23,347041;-46,166392
Dados de teste 7371;-22,858189;-45,232946
Dados de teste 7372;-22,857877;-45,232673
Dados de teste 7373;-23,452191;-46,466823
Dados de teste 7374;-23,424891;-46,401652
Dados de teste 7375;0;0
Dados de teste 7376;-23,42409;-46,398855
Dados de teste 7377;-23,425542;-46,403264
Dados de teste 7378;-23,470831;-46,516928
Dados de teste 7379;-23,422214;-46,393653
Dados de teste 7380;-22,858656;-45,233361
Dados de teste 7381;0;0
Dados de teste 7382;-23,2813;-45,983799
Dados de teste 7383;-23,345411;-46,16311
Dados de teste 7384;-23,347572;-46,16742
Dados de teste 7385;-23,281743;-45,984745
Dados de teste 7386;-23,260857;-45,952177
Dados de teste 7387;-22,858894;-45,23354
Dados de teste 7388;-23,433429;-46,422862
Dados de teste 7389;-23,426971;-46,407088
Dados de teste 7390;-23,470831;-46,516928
Dados de teste 7391;-23,280697;-45,983123
Dados de teste 7392;-23,464811;-46,4991
Dados de teste 7393;0;0
Dados de teste 7394;-23,259946;-45,9508
Dados de teste 7395;-23,464811;-46,4991
Dados de teste 7396;-23,422612;-46,396016
Dados de teste 7397;-23,25995;-45,950779
Dados de teste 7398;-23,280945;-45,983543
Dados de teste 7399;-23,282021;-45,98513
Dados de teste 7400;-23,278894;-45,980286
Dados de teste 7401;-23,469872;-46,5142
Dados de teste 7402;-23,469872;-46,5142
Dados de teste 7403;-23,437942;-46,432872
Dados de teste 7404;-23,268801;-45,964401
Dados de teste 7405;-23,279931;-45,981913
Dados de teste 7406;-23,260851;-45,952187
Dados de teste 7407;-23,347307;-46,166859
Dados de teste 7408;-23,281222;-45,983944
Dados de teste 7409;0;0
Dados de teste 7410;-23,469956;-46,514467
Dados de teste 7411;-23,469956;-46,514467
Dados de teste 7412;0;0
Dados de teste 7413;-23,282499;-45,985298
Dados de teste 7414;0;0
Dados de teste 7415;-23,279406;-45,981107
Dados de teste 7416;-23,2607;-45,951969
Dados de teste 7417;-23,427304;-46,407909
Dados de teste 7418;-23,470044;-46,514742
Dados de teste 7419;-23,470044;-46,514742
Dados de teste 7420;-22,858179;-45,232936
Dados de teste 7421;-23,345731;-46,163701
Dados de teste 7422;-23,418665;-46,381689
Dados de teste 7423;-23,280717;-45,983113
Dados de teste 7424;-23,279156;-45,980693
Dados de teste 7425;-23,421852;-46,393466
Dados de teste 7426;-23,431648;-46,418335
Dados de teste 7427;-23,421695;-46,392904
Dados de teste 7428;-23,429335;-46,413371
Dados de teste 7429;0;0
Dados de teste 7430;-23,422509;-46,39574
Dados de teste 7431;-23,469692;-46,513633
Dados de teste 7432;-23,469692;-46,513633
Dados de teste 7433;-23,469783;-46,513922
Dados de teste 7434;-23,469783;-46,513922
Dados de teste 7435;-23,470328;-46,515569
Dados de teste 7436;-23,281741;-45,984759
Dados de teste 7437;-23,281601;-45,9841
Dados de teste 7438;-23,470328;-46,515569
Dados de teste 7439;-23,2808;-45,983501
Dados de teste 7440;-23,281481;-45,984349
Dados de teste 7441;-23,470422;-46,515844
Dados de teste 7442;-23,279663;-45,9815
Dados de teste 7443;-23,470139;-46,515017
Dados de teste 7444;-23,470139;-46,515017
Dados de teste 7445;-23,433621;-46,422772
Dados de teste 7446;-23,280464;-45,982684
Dados de teste 7447;-23,280199;-45,980202
Dados de teste 7448;-23,280242;-45,982383
Dados de teste 7449;-23,469611;-46,513358
Dados de teste 7450;0;0
Dados de teste 7451;-23,28047;-45,982718
Dados de teste 7452;-23,470422;-46,515844
Dados de teste 7453;-23,4265;-46,406601
Dados de teste 7454;-23,279675;-45,981496
Dados de teste 7455;-23,470522;-46,516128
Dados de teste 7456;-23,470522;-46,516128
Dados de teste 7457;-23,4263;-46,405701
Dados de teste 7458;-23,282005;-45,985155
Dados de teste 7459;-23,470231;-46,515294
Dados de teste 7460;-23,470231;-46,515294
Dados de teste 7461;0;0
Dados de teste 7462;0;0
Dados de teste 7463;0;0
Dados de teste 7464;0;0
Dados de teste 7465;0;0
Dados de teste 7466;0;0
Dados de teste 7467;0;0
Dados de teste 7468;0;0
Dados de teste 7469;0;0
Dados de teste 7470;0;0
Dados de teste 7471;0;0
Dados de teste 7472;0;0
Dados de teste 7473;0;0
Dados de teste 7474;0;0
Dados de teste 7475;0;0
Dados de teste 7476;0;0
Dados de teste 7477;0;0
Dados de teste 7478;0;0
Dados de teste 7479;0;0
Dados de teste 7480;0;0
Dados de teste 7481;0;0
Dados de teste 7482;0;0
Dados de teste 7483;0;0
Dados de teste 7484;0;0
Dados de teste 7485;-23,470619;-46,516394
Dados de teste 7486;0;0
Dados de teste 7487;0;0
Dados de teste 7488;0;0
Dados de teste 7489;0;0
Dados de teste 7490;0;0
Dados de teste 7491;0;0
Dados de teste 7492;0;0
Dados de teste 7493;0;0
Dados de teste 7494;0;0
Dados de teste 7495;0;0
Dados de teste 7496;0;0
Dados de teste 7497;0;0
Dados de teste 7498;-23,470619;-46,516394
Dados de teste 7499;0;0
Dados de teste 7500;0;0
Dados de teste 7501;0;0
Dados de teste 7502;0;0
Dados de teste 7503;0;0
Dados de teste 7504;0;0
Dados de teste 7505;0;0
Dados de teste 7506;0;0
Dados de teste 7507;0;0
Dados de teste 7508;0;0
Dados de teste 7509;0;0
Dados de teste 7510;0;0
Dados de teste 7511;0;0
Dados de teste 7512;-23,482122;-46,535525
Dados de teste 7513;-23,475247;-46,524792
Dados de teste 7514;-23,475247;-46,524792
Dados de teste 7515;-23,4754;-46,525031
Dados de teste 7516;-23,4754;-46,525031
Dados de teste 7517;-23,475558;-46,525272
Dados de teste 7518;-23,475558;-46,525272
Dados de teste 7519;0;0
Dados de teste 7520;0;0
Dados de teste 7521;0;0
Dados de teste 7522;0;0
Dados de teste 7523;0;0
Dados de teste 7524;0;0
Dados de teste 7525;0;0
Dados de teste 7526;0;0
Dados de teste 7527;0;0
Dados de teste 7528;0;0
Dados de teste 7529;0;0
Dados de teste 7530;0;0
Dados de teste 7531;0;0
Dados de teste 7532;0;0
Dados de teste 7533;0;0
Dados de teste 7534;0;0
Dados de teste 7535;0;0
Dados de teste 7536;0;0
Dados de teste 7537;0;0
Dados de teste 7538;0;0
Dados de teste 7539;0;0
Dados de teste 7540;0;0
Dados de teste 7541;0;0
Dados de teste 7542;0;0
Dados de teste 7543;0;0
Dados de teste 7544;0;0
Dados de teste 7545;0;0
Dados de teste 7546;0;0
Dados de teste 7547;0;0
Dados de teste 7548;0;0
Dados de teste 7549;0;0
Dados de teste 7550;0;0
Dados de teste 7551;0;0
Dados de teste 7552;0;0
Dados de teste 7553;0;0
Dados de teste 7554;0;0
Dados de teste 7555;0;0
Dados de teste 7556;0;0
Dados de teste 7557;0;0
Dados de teste 7558;0;0
Dados de teste 7559;0;0
Dados de teste 7560;-23,345641;-46,163759
Dados de teste 7561;0;0
Dados de teste 7562;0;0
Dados de teste 7563;0;0
Dados de teste 7564;0;0
Dados de teste 7565;0;0
Dados de teste 7566;0;0
Dados de teste 7567;0;0
Dados de teste 7568;0;0
Dados de teste 7569;0;0
Dados de teste 7570;0;0
Dados de teste 7571;0;0
Dados de teste 7572;0;0
Dados de teste 7573;0;0
Dados de teste 7574;0;0
Dados de teste 7575;0;0
Dados de teste 7576;0;0
Dados de teste 7577;0;0
Dados de teste 7578;0;0
Dados de teste 7579;0;0
Dados de teste 7580;0;0
Dados de teste 7581;0;0
Dados de teste 7582;0;0
Dados de teste 7583;0;0
Dados de teste 7584;0;0
Dados de teste 7585;0;0
Dados de teste 7586;0;0
Dados de teste 7587;0;0
Dados de teste 7588;0;0
Dados de teste 7589;0;0
Dados de teste 7590;0;0
Dados de teste 7591;0;0
Dados de teste 7592;0;0
Dados de teste 7593;0;0
Dados de teste 7594;0;0
Dados de teste 7595;0;0
Dados de teste 7596;0;0
Dados de teste 7597;0;0
Dados de teste 7598;0;0
Dados de teste 7599;0;0
Dados de teste 7600;0;0
Dados de teste 7601;0;0
Dados de teste 7602;0;0
Dados de teste 7603;0;0
Dados de teste 7604;0;0
Dados de teste 7605;0;0
Dados de teste 7606;0;0
Dados de teste 7607;0;0
Dados de teste 7608;0;0
Dados de teste 7609;0;0
Dados de teste 7610;0;0
Dados de teste 7611;0;0
Dados de teste 7612;0;0
Dados de teste 7613;0;0
Dados de teste 7614;0;0
Dados de teste 7615;0;0
Dados de teste 7616;0;0
Dados de teste 7617;0;0
Dados de teste 7618;0;0
Dados de teste 7619;0;0
Dados de teste 7620;0;0
Dados de teste 7621;0;0
Dados de teste 7622;0;0
Dados de teste 7623;0;0
Dados de teste 7624;0;0
Dados de teste 7625;0;0
Dados de teste 7626;0;0
Dados de teste 7627;0;0
Dados de teste 7628;0;0
Dados de teste 7629;0;0
Dados de teste 7630;0;0
Dados de teste 7631;0;0
Dados de teste 7632;0;0
Dados de teste 7633;0;0
Dados de teste 7634;0;0
Dados de teste 7635;0;0
Dados de teste 7636;0;0
Dados de teste 7637;0;0
Dados de teste 7638;0;0
Dados de teste 7639;0;0
Dados de teste 7640;0;0
Dados de teste 7641;0;0
Dados de teste 7642;0;0
Dados de teste 7643;0;0
Dados de teste 7644;0;0
Dados de teste 7645;0;0
Dados de teste 7646;0;0
Dados de teste 7647;0;0
Dados de teste 7648;0;0
Dados de teste 7649;0;0
Dados de teste 7650;0;0
Dados de teste 7651;0;0
Dados de teste 7652;0;0
Dados de teste 7653;0;0
Dados de teste 7654;0;0
Dados de teste 7655;0;0
Dados de teste 7656;0;0
Dados de teste 7657;0;0
Dados de teste 7658;0;0
Dados de teste 7659;0;0
Dados de teste 7660;0;0
Dados de teste 7661;0;0
Dados de teste 7662;0;0
Dados de teste 7663;0;0
Dados de teste 7664;0;0
Dados de teste 7665;0;0
Dados de teste 7666;0;0
Dados de teste 7667;0;0
Dados de teste 7668;0;0
Dados de teste 7669;0;0
Dados de teste 7670;0;0
Dados de teste 7671;0;0
Dados de teste 7672;0;0
Dados de teste 7673;0;0
Dados de teste 7674;0;0
Dados de teste 7675;0;0
Dados de teste 7676;0;0
Dados de teste 7677;0;0
Dados de teste 7678;0;0
Dados de teste 7679;0;0
Dados de teste 7680;0;0
Dados de teste 7681;0;0
Dados de teste 7682;0;0
Dados de teste 7683;0;0
Dados de teste 7684;0;0
Dados de teste 7685;0;0
Dados de teste 7686;0;0
Dados de teste 7687;0;0
Dados de teste 7688;0;0
Dados de teste 7689;0;0
Dados de teste 7690;0;0
Dados de teste 7691;0;0
Dados de teste 7692;0;0
Dados de teste 7693;0;0
Dados de teste 7694;0;0
Dados de teste 7695;0;0
Dados de teste 7696;0;0
Dados de teste 7697;0;0
Dados de teste 7698;0;0
Dados de teste 7699;-23,338119;-46,1493
Dados de teste 7700;0;0
Dados de teste 7701;0;0
Dados de teste 7702;0;0
Dados de teste 7703;0;0
Dados de teste 7704;0;0
Dados de teste 7705;0;0
Dados de teste 7706;0;0
Dados de teste 7707;-23,338984;-46,151034
Dados de teste 7708;0;0
Dados de teste 7709;-23,338252;-46,149715
Dados de teste 7710;0;0
Dados de teste 7711;0;0
Dados de teste 7712;0;0
Dados de teste 7713;0;0
Dados de teste 7714;0;0
Dados de teste 7715;0;0
Dados de teste 7716;0;0
Dados de teste 7717;0;0
Dados de teste 7718;-23,345409;-46,163134
Dados de teste 7719;0;0
Dados de teste 7720;-23,338119;-46,1493
Dados de teste 7721;0;0
Dados de teste 7722;0;0
Dados de teste 7723;0;0
Dados de teste 7724;0;0
Dados de teste 7725;-23,296826;-46,008714
Dados de teste 7726;-23,34551;-46,16342
Dados de teste 7727;-23,338534;-46,150445
Dados de teste 7728;-23,513929;-46,577906
Dados de teste 7729;-23,406364;-46,336379
Dados de teste 7730;0;0
Dados de teste 7731;-23,338984;-46,151034
Dados de teste 7732;0;0
Dados de teste 7733;0;0
Dados de teste 7734;-23,338252;-46,149715
Dados de teste 7735;-23,338119;-46,1493
Dados de teste 7736;-23,338252;-46,149715
Dados de teste 7737;-23,339223;-46,151359
Dados de teste 7738;0;0
Dados de teste 7739;-23,296249;-46,007979
Dados de teste 7740;0;0
Dados de teste 7741;0;0
Dados de teste 7742;-23,338189;-46,150242
Dados de teste 7743;-23,338984;-46,151034
Dados de teste 7744;0;0
Dados de teste 7745;-23,338252;-46,149715
Dados de teste 7746;-23,339515;-46,15179
Dados de teste 7747;-23,338984;-46,151034
Dados de teste 7748;0;0
Dados de teste 7749;0;0
Dados de teste 7750;-23,339223;-46,151359
Dados de teste 7751;0;0
Dados de teste 7752;0;0
Dados de teste 7753;0;0
Dados de teste 7754;0;0
Dados de teste 7755;0;0
Dados de teste 7756;-23,338433;-46,150428
Dados de teste 7757;0;0
Dados de teste 7758;0;0
Dados de teste 7759;-23,338492;-46,150366
Dados de teste 7760;-23,338549;-46,150798
Dados de teste 7761;0;0
Dados de teste 7762;-23,338252;-46,149715
Dados de teste 7763;0;0
Dados de teste 7764;0;0
Dados de teste 7765;-23,510128;-46,574471
Dados de teste 7766;-23,338984;-46,151034
Dados de teste 7767;0;0
Dados de teste 7768;-23,338434;-46,150567
Dados de teste 7769;0;0
Dados de teste 7770;0;0
Dados de teste 7771;0;0
Dados de teste 7772;-23,339223;-46,151359
Dados de teste 7773;0;0
Dados de teste 7774;-23,510195;-46,574348
Dados de teste 7775;0;0
Dados de teste 7776;0;0
Dados de teste 7777;0;0
Dados de teste 7778;0;0
Dados de teste 7779;0;0
Dados de teste 7780;0;0
Dados de teste 7781;0;0
Dados de teste 7782;0;0
Dados de teste 7783;-23,296249;-46,007979
Dados de teste 7784;0;0
Dados de teste 7785;0;0
Dados de teste 7786;0;0
Dados de teste 7787;0;0
Dados de teste 7788;-23,294631;-46,004493
Dados de teste 7789;-23,338599;-46,150639
Dados de teste 7790;0;0
Dados de teste 7791;0;0
Dados de teste 7792;0;0
Dados de teste 7793;0;0
Dados de teste 7794;0;0
Dados de teste 7795;-23,296487;-46,008315
Dados de teste 7796;0;0
Dados de teste 7797;0;0
Dados de teste 7798;0;0
Dados de teste 7799;-23,296826;-46,008714
Dados de teste 7800;0;0
Dados de teste 7801;0;0
Dados de teste 7802;-23,510626;-46,573546
Dados de teste 7803;0;0
Dados de teste 7804;0;0
Dados de teste 7805;0;0
Dados de teste 7806;0;0
Dados de teste 7807;0;0
Dados de teste 7808;0;0
Dados de teste 7809;0;0
Dados de teste 7810;0;0
Dados de teste 7811;0;0
Dados de teste 7812;0;0
Dados de teste 7813;0;0
Dados de teste 7814;0;0
Dados de teste 7815;0;0
Dados de teste 7816;0;0
Dados de teste 7817;0;0
Dados de teste 7818;0;0
Dados de teste 7819;0;0
Dados de teste 7820;0;0
Dados de teste 7821;0;0
Dados de teste 7822;0;0
Dados de teste 7823;0;0
Dados de teste 7824;-23,34664;-46,16586
Dados de teste 7825;0;0
Dados de teste 7826;0;0
Dados de teste 7827;0;0
Dados de teste 7828;0;0
Dados de teste 7829;0;0
Dados de teste 7830;0;0
Dados de teste 7831;0;0
Dados de teste 7832;0;0
Dados de teste 7833;0;0
Dados de teste 7834;0;0
Dados de teste 7835;0;0
Dados de teste 7836;0;0
Dados de teste 7837;0;0
Dados de teste 7838;0;0
Dados de teste 7839;0;0
Dados de teste 7840;0;0
Dados de teste 7841;0;0
Dados de teste 7842;0;0
Dados de teste 7843;0;0
Dados de teste 7844;0;0
Dados de teste 7845;0;0
Dados de teste 7846;0;0
Dados de teste 7847;0;0
Dados de teste 7848;0;0
Dados de teste 7849;0;0
Dados de teste 7850;0;0
Dados de teste 7851;0;0
Dados de teste 7852;0;0
Dados de teste 7853;0;0
Dados de teste 7854;0;0
Dados de teste 7855;0;0
Dados de teste 7856;0;0
Dados de teste 7857;0;0
Dados de teste 7858;0;0
Dados de teste 7859;0;0
Dados de teste 7860;-23,34648;-46,16556
Dados de teste 7861;0;0
Dados de teste 7862;0;0
Dados de teste 7863;0;0
Dados de teste 7864;-23,517495;-46,580049
Dados de teste 7865;0;0
Dados de teste 7866;0;0
Dados de teste 7867;0;0
Dados de teste 7868;0;0
Dados de teste 7869;0;0
Dados de teste 7870;0;0
Dados de teste 7871;0;0
Dados de teste 7872;-23,294631;-46,004493
Dados de teste 7873;0;0
Dados de teste 7874;-23,352511;-46,181591
Dados de teste 7875;0;0
Dados de teste 7876;-23,501817;-46,564864
Dados de teste 7877;-23,510787;-46,573685
Dados de teste 7878;0;0
Dados de teste 7879;-23,352118;-46,181652
Dados de teste 7880;-23,338514;-46,150172
Dados de teste 7881;-23,52201;-46,5843
Dados de teste 7882;0;0
Dados de teste 7883;0;0
Dados de teste 7884;0;0
Dados de teste 7885;0;0
Dados de teste 7886;0;0
Dados de teste 7887;0;0
Dados de teste 7888;-23,517279;-46,579851
Dados de teste 7889;0;0
Dados de teste 7890;0;0
Dados de teste 7891;0;0
Dados de teste 7892;0;0
Dados de teste 7893;0;0
Dados de teste 7894;0;0
Dados de teste 7895;0;0
Dados de teste 7896;0;0
Dados de teste 7897;-23,510565;-46,573503
Dados de teste 7898;0;0
Dados de teste 7899;-23,517349;-46,579881
Dados de teste 7900;-23,34655;-46,1656
Dados de teste 7901;0;0
Dados de teste 7902;0;0
Dados de teste 7903;0;0
Dados de teste 7904;0;0
Dados de teste 7905;0;0
Dados de teste 7906;0;0
Dados de teste 7907;-23,297097;-46,009004
Dados de teste 7908;0;0
Dados de teste 7909;0;0
Dados de teste 7910;0;0
Dados de teste 7911;-23,338721;-46,150604
Dados de teste 7912;0;0
Dados de teste 7913;-22,67839;-43,81486
Dados de teste 7914;0;0
Dados de teste 7915;-23,409367;-46,34325
Dados de teste 7916;-23,297578;-46,009679
Dados de teste 7917;-23,352118;-46,181652
Dados de teste 7918;-23,510128;-46,574471
Dados de teste 7919;-23,522088;-46,584183
Dados de teste 7920;0;0
Dados de teste 7921;0;0
Dados de teste 7922;0;0
Dados de teste 7923;0;0
Dados de teste 7924;0;0
Dados de teste 7925;-23,338721;-46,150604
Dados de teste 7926;-23,34655;-46,1656
Dados de teste 7927;-23,296826;-46,008714
Dados de teste 7928;-22,66361;-43,82478
Dados de teste 7929;0;0
Dados de teste 7930;-23,34664;-46,16586
Dados de teste 7931;-23,338514;-46,150172
Dados de teste 7932;0;0
Dados de teste 7933;0;0
Dados de teste 7934;-22,670601;-43,818199
Dados de teste 7935;0;0
Dados de teste 7936;-23,34664;-46,16586
Dados de teste 7937;0;0
Dados de teste 7938;0;0
Dados de teste 7939;-23,517419;-46,579946
Dados de teste 7940;-23,521541;-46,585484
Dados de teste 7941;-23,34648;-46,16556
Dados de teste 7942;-23,352032;-46,181118
Dados de teste 7943;0;0
Dados de teste 7944;-22,667801;-43,818199
Dados de teste 7945;-22,66599;-43,8214
Dados de teste 7946;0;0
Dados de teste 7947;-23,509982;-46,574324
Dados de teste 7948;0;0
Dados de teste 7949;0;0
Dados de teste 7950;-23,521541;-46,585484
Dados de teste 7951;0;0
Dados de teste 7952;-23,517495;-46,580049
Dados de teste 7953;-22,6681;-43,817299
Dados de teste 7954;0;0
Dados de teste 7955;0;0
Dados de teste 7956;-23,296249;-46,007979
Dados de teste 7957;0;0
Dados de teste 7958;-23,34648;-46,16556
Dados de teste 7959;0;0
Dados de teste 7960;0;0
Dados de teste 7961;0;0
Dados de teste 7962;0;0
Dados de teste 7963;0;0
Dados de teste 7964;0;0
Dados de teste 7965;-23,352511;-46,181591
Dados de teste 7966;0;0
Dados de teste 7967;-23,345764;-46,164118
Dados de teste 7968;0;0
Dados de teste 7969;0;0
Dados de teste 7970;-23,345764;-46,164118
Dados de teste 7971;0;0
Dados de teste 7972;0;0
Dados de teste 7973;-23,338721;-46,150604
Dados de teste 7974;-22,67892;-43,81438
Dados de teste 7975;-23,51744;-46,58019
Dados de teste 7976;0;0
Dados de teste 7977;0;0
Dados de teste 7978;0;0
Dados de teste 7979;0;0
Dados de teste 7980;-23,510157;-46,574552
Dados de teste 7981;-22,6669;-43,81859
Dados de teste 7982;-22,66585;-43,82195
Dados de teste 7983;-22,677601;-43,8153
Dados de teste 7984;-23,297578;-46,009679
Dados de teste 7985;0;0
Dados de teste 7986;-23,296777;-46,006901
Dados de teste 7987;0;0
Dados de teste 7988;0;0
Dados de teste 7989;0;0
Dados de teste 7990;-23,297578;-46,009679
Dados de teste 7991;0;0
Dados de teste 7992;0;0
Dados de teste 7993;0;0
Dados de teste 7994;-23,521346;-46,585254
Dados de teste 7995;0;0
Dados de teste 7996;0;0
Dados de teste 7997;0;0
Dados de teste 7998;-23,34655;-46,1656
Dados de teste 7999;0;0
Dados de teste 8000;0;0
Dados de teste 8001;-22,66382;-43,82462
Dados de teste 8002;-22,66591;-43,82168
Dados de teste 8003;0;0
Dados de teste 8004;0;0
Dados de teste 8005;0;0
Dados de teste 8006;0;0
Dados de teste 8007;-22,67463;-43,81745
Dados de teste 8008;0;0
Dados de teste 8009;-23,295932;-46,007485
Dados de teste 8010;0;0
Dados de teste 8011;-22,671101;-43,818001
Dados de teste 8012;-23,34648;-46,16556
Dados de teste 8013;0;0
Dados de teste 8014;-22,66402;-43,82442
Dados de teste 8015;-23,295932;-46,007485
Dados de teste 8016;0;0
Dados de teste 8017;0;0
Dados de teste 8018;-23,516859;-46,580951
Dados de teste 8019;-22,6616;-43,825298
Dados de teste 8020;0;0
Dados de teste 8021;-22,66733;-43,81824
Dados de teste 8022;-22,66334;-43,82489
Dados de teste 8023;0;0
Dados de teste 8024;-22,667;-43,818298
Dados de teste 8025;0;0
Dados de teste 8026;-22,678499;-43,814602
Dados de teste 8027;-23,521439;-46,585396
Dados de teste 8028;-22,670099;-43,818401
Dados de teste 8029;0;0
Dados de teste 8030;-22,6709;-43,817902
Dados de teste 8031;-22,66418;-43,82421
Dados de teste 8032;-22,66604;-43,82085
Dados de teste 8033;-23,521506;-46,585034
Dados de teste 8034;0;0
Dados de teste 8035;0;0
Dados de teste 8036;0;0
Dados de teste 8037;0;0
Dados de teste 8038;-23,34648;-46,16556
Dados de teste 8039;-22,67;-43,818401
Dados de teste 8040;-22,667801;-43,818001
Dados de teste 8041;-23,338514;-46,150172
Dados de teste 8042;-23,295932;-46,007485
Dados de teste 8043;-22,67801;-43,8151
Dados de teste 8044;0;0
Dados de teste 8045;-22,66611;-43,81987
Dados de teste 8046;-23,510787;-46,573685
Dados de teste 8047;0;0
Dados de teste 8048;0;0
Dados de teste 8049;0;0
Dados de teste 8050;0;0
Dados de teste 8051;0;0
Dados de teste 8052;-23,516941;-46,581032
Dados de teste 8053;-23,513859;-46,577853
Dados de teste 8054;0;0
Dados de teste 8055;0;0
Dados de teste 8056;0;0
Dados de teste 8057;-23,52135;-46,58536
Dados de teste 8058;-22,66601;-43,82109
Dados de teste 8059;0;0
Dados de teste 8060;0;0
Dados de teste 8061;0;0
Dados de teste 8062;0;0
Dados de teste 8063;0;0
Dados de teste 8064;-23,516993;-46,581079
Dados de teste 8065;-23,513716;-46,577717
Dados de teste 8066;0;0
Dados de teste 8067;0;0
Dados de teste 8068;-23,510632;-46,573793
Dados de teste 8069;0;0
Dados de teste 8070;0;0
Dados de teste 8071;0;0
Dados de teste 8072;0;0
Dados de teste 8073;0;0
Dados de teste 8074;0;0
Dados de teste 8075;0;0
Dados de teste 8076;0;0
Dados de teste 8077;0;0
Dados de teste 8078;0;0
Dados de teste 8079;0;0
Dados de teste 8080;0;0
Dados de teste 8081;0;0
Dados de teste 8082;0;0
Dados de teste 8083;0;0
Dados de teste 8084;-23,481967;-46,535297
Dados de teste 8085;0;0
Dados de teste 8086;0;0
Dados de teste 8087;0;0
Dados de teste 8088;0;0
Dados de teste 8089;0;0
Dados de teste 8090;0;0
Dados de teste 8091;0;0
Dados de teste 8092;0;0
Dados de teste 8093;0;0
Dados de teste 8094;0;0
Dados de teste 8095;0;0
Dados de teste 8096;0;0
Dados de teste 8097;0;0
Dados de teste 8098;0;0
Dados de teste 8099;0;0
Dados de teste 8100;0;0
Dados de teste 8101;0;0
Dados de teste 8102;0;0
Dados de teste 8103;0;0
Dados de teste 8104;0;0
Dados de teste 8105;0;0
Dados de teste 8106;0;0
Dados de teste 8107;0;0
Dados de teste 8108;0;0
Dados de teste 8109;0;0
Dados de teste 8110;0;0
Dados de teste 8111;0;0
Dados de teste 8112;0;0
Dados de teste 8113;0;0
Dados de teste 8114;0;0
Dados de teste 8115;0;0
Dados de teste 8116;0;0
Dados de teste 8117;0;0
Dados de teste 8118;0;0
Dados de teste 8119;0;0
Dados de teste 8120;0;0
Dados de teste 8121;0;0
Dados de teste 8122;0;0
Dados de teste 8123;0;0
Dados de teste 8124;0;0
Dados de teste 8125;0;0
Dados de teste 8126;0;0
Dados de teste 8127;0;0
Dados de teste 8128;0;0
Dados de teste 8129;0;0
Dados de teste 8130;0;0
Dados de teste 8131;0;0
Dados de teste 8132;0;0
Dados de teste 8133;0;0
Dados de teste 8134;0;0
Dados de teste 8135;0;0
Dados de teste 8136;-23,497264;-46,557953
Dados de teste 8137;0;0
Dados de teste 8138;0;0
Dados de teste 8139;0;0
Dados de teste 8140;0;0
Dados de teste 8141;0;0
Dados de teste 8142;0;0
Dados de teste 8143;0;0
Dados de teste 8144;0;0
Dados de teste 8145;0;0
Dados de teste 8146;0;0
Dados de teste 8147;0;0
Dados de teste 8148;0;0
Dados de teste 8149;0;0
Dados de teste 8150;0;0
Dados de teste 8151;0;0
Dados de teste 8152;0;0
Dados de teste 8153;0;0
Dados de teste 8154;-23,481811;-46,535039
Dados de teste 8155;0;0
Dados de teste 8156;0;0
Dados de teste 8157;0;0
Dados de teste 8158;0;0
Dados de teste 8159;0;0
Dados de teste 8160;0;0
Dados de teste 8161;0;0
Dados de teste 8162;0;0
Dados de teste 8163;0;0
Dados de teste 8164;0;0
Dados de teste 8165;0;0
Dados de teste 8166;0;0
Dados de teste 8167;0;0
Dados de teste 8168;0;0
Dados de teste 8169;0;0
Dados de teste 8170;0;0
Dados de teste 8171;0;0
Dados de teste 8172;0;0
Dados de teste 8173;0;0
Dados de teste 8174;0;0
Dados de teste 8175;0;0
Dados de teste 8176;0;0
Dados de teste 8177;0;0
Dados de teste 8178;0;0
Dados de teste 8179;0;0
Dados de teste 8180;0;0
Dados de teste 8181;0;0
Dados de teste 8182;0;0
Dados de teste 8183;0;0
Dados de teste 8184;0;0
Dados de teste 8185;0;0
Dados de teste 8186;0;0
Dados de teste 8187;0;0
Dados de teste 8188;0;0
Dados de teste 8189;0;0
Dados de teste 8190;0;0
Dados de teste 8191;0;0
Dados de teste 8192;0;0
Dados de teste 8193;0;0
Dados de teste 8194;0;0
Dados de teste 8195;0;0
Dados de teste 8196;0;0
Dados de teste 8197;0;0
Dados de teste 8198;0;0
Dados de teste 8199;0;0
Dados de teste 8200;0;0
Dados de teste 8201;0;0
Dados de teste 8202;0;0
Dados de teste 8203;0;0
Dados de teste 8204;0;0
Dados de teste 8205;0;0
Dados de teste 8206;0;0
Dados de teste 8207;0;0
Dados de teste 8208;0;0
Dados de teste 8209;0;0
Dados de teste 8210;0;0
Dados de teste 8211;0;0
Dados de teste 8212;0;0
Dados de teste 8213;0;0
Dados de teste 8214;0;0
Dados de teste 8215;0;0
Dados de teste 8216;0;0
Dados de teste 8217;0;0
Dados de teste 8218;0;0
Dados de teste 8219;0;0
Dados de teste 8220;0;0
Dados de teste 8221;0;0
Dados de teste 8222;0;0
Dados de teste 8223;0;0
Dados de teste 8224;0;0
Dados de teste 8225;0;0
Dados de teste 8226;0;0
Dados de teste 8227;0;0
Dados de teste 8228;0;0
Dados de teste 8229;0;0
Dados de teste 8230;0;0
Dados de teste 8231;0;0
Dados de teste 8232;0;0
Dados de teste 8233;0;0
Dados de teste 8234;0;0
Dados de teste 8235;0;0
Dados de teste 8236;0;0
Dados de teste 8237;0;0
Dados de teste 8238;0;0
Dados de teste 8239;0;0
Dados de teste 8240;0;0
Dados de teste 8241;0;0
Dados de teste 8242;0;0
Dados de teste 8243;0;0
Dados de teste 8244;0;0
Dados de teste 8245;0;0
Dados de teste 8246;0;0
Dados de teste 8247;0;0
Dados de teste 8248;0;0
Dados de teste 8249;0;0
Dados de teste 8250;0;0
Dados de teste 8251;0;0
Dados de teste 8252;0;0
Dados de teste 8253;0;0
Dados de teste 8254;0;0
Dados de teste 8255;0;0
Dados de teste 8256;0;0
Dados de teste 8257;0;0
Dados de teste 8258;0;0
Dados de teste 8259;0;0
Dados de teste 8260;0;0
Dados de teste 8261;0;0
Dados de teste 8262;0;0
Dados de teste 8263;0;0
Dados de teste 8264;0;0
Dados de teste 8265;0;0
Dados de teste 8266;0;0
Dados de teste 8267;0;0
Dados de teste 8268;0;0
Dados de teste 8269;0;0
Dados de teste 8270;0;0
Dados de teste 8271;0;0
Dados de teste 8272;-23,34683;-46,164958
Dados de teste 8273;-23,34618;-46,163876
Dados de teste 8274;0;0
Dados de teste 8275;0;0
Dados de teste 8276;0;0
Dados de teste 8277;0;0
Dados de teste 8278;0;0
Dados de teste 8279;0;0
Dados de teste 8280;0;0
Dados de teste 8281;0;0
Dados de teste 8282;0;0
Dados de teste 8283;0;0
Dados de teste 8284;0;0
Dados de teste 8285;0;0
Dados de teste 8286;0;0
Dados de teste 8287;0;0
Dados de teste 8288;0;0
Dados de teste 8289;0;0
Dados de teste 8290;0;0
Dados de teste 8291;0;0
Dados de teste 8292;0;0
Dados de teste 8293;0;0
Dados de teste 8294;0;0
Dados de teste 8295;0;0
Dados de teste 8296;0;0
Dados de teste 8297;0;0
Dados de teste 8298;0;0
Dados de teste 8299;0;0
Dados de teste 8300;0;0
Dados de teste 8301;0;0
Dados de teste 8302;0;0
Dados de teste 8303;0;0
Dados de teste 8304;-23,347106;-46,165498
Dados de teste 8305;0;0
Dados de teste 8306;0;0
Dados de teste 8307;0;0
Dados de teste 8308;-23,34618;-46,163876
Dados de teste 8309;-23,346951;-46,165192
Dados de teste 8310;0;0
Dados de teste 8311;0;0
Dados de teste 8312;0;0
Dados de teste 8313;0;0
Dados de teste 8314;0;0
Dados de teste 8315;0;0
Dados de teste 8316;0;0
Dados de teste 8317;-23,34683;-46,164958
Dados de teste 8318;0;0
Dados de teste 8319;0;0
Dados de teste 8320;0;0
Dados de teste 8321;-23,409367;-46,34325
Dados de teste 8322;0;0
Dados de teste 8323;0;0
Dados de teste 8324;0;0
Dados de teste 8325;0;0
Dados de teste 8326;0;0
Dados de teste 8327;0;0
Dados de teste 8328;0;0
Dados de teste 8329;-23,34683;-46,164958
Dados de teste 8330;0;0
Dados de teste 8331;-23,347106;-46,165498
Dados de teste 8332;0;0
Dados de teste 8333;0;0
Dados de teste 8334;0;0
Dados de teste 8335;0;0
Dados de teste 8336;0;0
Dados de teste 8337;0;0
Dados de teste 8338;-23,34618;-46,163876
Dados de teste 8339;0;0
Dados de teste 8340;0;0
Dados de teste 8341;0;0
Dados de teste 8342;0;0
Dados de teste 8343;-23,347106;-46,165498
Dados de teste 8344;0;0
Dados de teste 8345;-23,34642;-46,164182
Dados de teste 8346;0;0
Dados de teste 8347;-23,34642;-46,164182
Dados de teste 8348;-23,346951;-46,165192
Dados de teste 8349;-23,346951;-46,165192
Dados de teste 8350;0;0
Dados de teste 8351;-23,345764;-46,164118
Dados de teste 8352;0;0
Dados de teste 8353;0;0
Dados de teste 8354;-23,34642;-46,164182
Dados de teste 8355;-23,34642;-46,164182
Dados de teste 8356;-23,481042;-46,533831
Dados de teste 8357;0;0
Dados de teste 8358;0;0
Dados de teste 8359;-23,34642;-46,164182
Dados de teste 8360;-23,34618;-46,163876
Dados de teste 8361;-23,34618;-46,163876
Dados de teste 8362;0;0
Dados de teste 8363;-23,480278;-46,532633
Dados de teste 8364;-23,480278;-46,532633
Dados de teste 8365;-23,481664;-46,534808
Dados de teste 8366;0;0
Dados de teste 8367;0;0
Dados de teste 8368;0;0
Dados de teste 8369;0;0
Dados de teste 8370;0;0
Dados de teste 8371;0;0
Dados de teste 8372;-23,346951;-46,165192
Dados de teste 8373;0;0
Dados de teste 8374;0;0
Dados de teste 8375;0;0
Dados de teste 8376;0;0
Dados de teste 8377;0;0
Dados de teste 8378;0;0
Dados de teste 8379;0;0
Dados de teste 8380;0;0
Dados de teste 8381;-23,34642;-46,164182
Dados de teste 8382;0;0
Dados de teste 8383;0;0
Dados de teste 8384;0;0
Dados de teste 8385;0;0
Dados de teste 8386;-23,34618;-46,163876
Dados de teste 8387;0;0
Dados de teste 8388;0;0
Dados de teste 8389;-23,480422;-46,532881
Dados de teste 8390;-23,480422;-46,532881
Dados de teste 8391;0;0
Dados de teste 8392;-23,481811;-46,535039
Dados de teste 8393;0;0
Dados de teste 8394;0;0
Dados de teste 8395;0;0
Dados de teste 8396;0;0
Dados de teste 8397;0;0
Dados de teste 8398;0;0
Dados de teste 8399;0;0
Dados de teste 8400;0;0
Dados de teste 8401;0;0
Dados de teste 8402;0;0
Dados de teste 8403;-23,516935;-46,580769
Dados de teste 8404;0;0
Dados de teste 8405;0;0
Dados de teste 8406;0;0
Dados de teste 8407;0;0
Dados de teste 8408;0;0
Dados de teste 8409;0;0
Dados de teste 8410;0;0
Dados de teste 8411;0;0
Dados de teste 8412;0;0
Dados de teste 8413;0;0
Dados de teste 8414;0;0
Dados de teste 8415;0;0
Dados de teste 8416;0;0
Dados de teste 8417;0;0
Dados de teste 8418;0;0
Dados de teste 8419;0;0
Dados de teste 8420;0;0
Dados de teste 8421;0;0
Dados de teste 8422;0;0
Dados de teste 8423;-23,481508;-46,534569
Dados de teste 8424;0;0
Dados de teste 8425;0;0
Dados de teste 8426;0;0
Dados de teste 8427;0;0
Dados de teste 8428;-23,481192;-46,534064
Dados de teste 8429;0;0
Dados de teste 8430;-23,481192;-46,534064
Dados de teste 8431;0;0
Dados de teste 8432;-23,480575;-46,533111
Dados de teste 8433;-23,480575;-46,533111
Dados de teste 8434;0;0
Dados de teste 8435;0;0
Dados de teste 8436;-23,480889;-46,533594
Dados de teste 8437;0;0
Dados de teste 8438;-23,480889;-46,533594
Dados de teste 8439;0;0
Dados de teste 8440;0;0
Dados de teste 8441;-23,48072;-46,533353
Dados de teste 8442;-23,48072;-46,533353
Dados de teste 8443;0;0
Dados de teste 8444;-23,481508;-46,534569
Dados de teste 8445;0;0
Dados de teste 8446;0;0
Dados de teste 8447;0;0
Dados de teste 8448;0;0
Dados de teste 8449;-23,480125;-46,532392
Dados de teste 8450;-23,480125;-46,532392
Dados de teste 8451;-23,481664;-46,534808
Dados de teste 8452;0;0
Dados de teste 8453;0;0
Dados de teste 8454;0;0
Dados de teste 8455;0;0
Dados de teste 8456;0;0
Dados de teste 8457;-23,481042;-46,533831
Dados de teste 8458;0;0
Dados de teste 8459;0;0
Dados de teste 8460;0;0
Dados de teste 8461;0;0
Dados de teste 8462;0;0
Dados de teste 8463;0;0
Dados de teste 8464;0;0
Dados de teste 8465;0;0
Dados de teste 8466;0;0
Dados de teste 8467;0;0
Dados de teste 8468;0;0
Dados de teste 8469;0;0
Dados de teste 8470;0;0
Dados de teste 8471;0;0
Dados de teste 8472;0;0
Dados de teste 8473;0;0
Dados de teste 8474;0;0
Dados de teste 8475;0;0
Dados de teste 8476;0;0
Dados de teste 8477;0;0
Dados de teste 8478;0;0
Dados de teste 8479;0;0
Dados de teste 8480;0;0
Dados de teste 8481;0;0
Dados de teste 8482;0;0
Dados de teste 8483;0;0
Dados de teste 8484;-23,468192;-46,508044
Dados de teste 8485;0;0
Dados de teste 8486;0;0
Dados de teste 8487;0;0
Dados de teste 8488;0;0
Dados de teste 8489;0;0
Dados de teste 8490;0;0
Dados de teste 8491;0;0
Dados de teste 8492;0;0
Dados de teste 8493;0;0
Dados de teste 8494;-23,258307;-45,949064
Dados de teste 8495;0;0
Dados de teste 8496;0;0
Dados de teste 8497;0;0
Dados de teste 8498;0;0
Dados de teste 8499;0;0
Dados de teste 8500;0;0
Dados de teste 8501;-23,480814;-46,533022
Dados de teste 8502;-23,480814;-46,533022
Dados de teste 8503;-23,480664;-46,532781
Dados de teste 8504;-23,480664;-46,532781
Dados de teste 8505;-23,480508;-46,532542
Dados de teste 8506;-23,480508;-46,532542
Dados de teste 8507;-23,480353;-46,532297
Dados de teste 8508;-23,480353;-46,532297
Dados de teste 8509;-23,4802;-46,53205
Dados de teste 8510;-23,4802;-46,53205
Dados de teste 8511;-23,480044;-46,531817
Dados de teste 8512;-23,480044;-46,531817
Dados de teste 8513;-23,479889;-46,531583
Dados de teste 8514;0;0
Dados de teste 8515;-23,479889;-46,531583
Dados de teste 8516;-23,479736;-46,531339
Dados de teste 8517;-23,479736;-46,531339
Dados de teste 8518;-23,479589;-46,531108
Dados de teste 8519;0;0
Dados de teste 8520;-23,489906;-46,547222
Dados de teste 8521;-23,479589;-46,531108
Dados de teste 8522;-23,489906;-46,547222
Dados de teste 8523;-23,461855;-46,491001
Dados de teste 8524;-23,461855;-46,491001
Dados de teste 8525;-23,488394;-46,545289
Dados de teste 8526;-23,461964;-46,491256
Dados de teste 8527;-23,461964;-46,491256
Dados de teste 8528;-23,463433;-46,494456
Dados de teste 8529;-23,523453;-46,586117
Dados de teste 8530;-23,459875;-46,484464
Dados de teste 8531;-23,459797;-46,484278
Dados de teste 8532;-23,459686;-46,483986
Dados de teste 8533;-23,463328;-46,494181
Dados de teste 8534;-23,463328;-46,494181
Dados de teste 8535;-23,459606;-46,483792
Dados de teste 8536;-23,459533;-46,483594
Dados de teste 8537;-23,438093;-46,432819
Dados de teste 8538;0;0
Dados de teste 8539;-23,48175;-46,534478
Dados de teste 8540;-23,43843;-46,433622
Dados de teste 8541;-23,439402;-46,436348
Dados de teste 8542;-23,481347;-46,534317
Dados de teste 8543;-23,463433;-46,494456
Dados de teste 8544;-23,439289;-46,436079
Dados de teste 8545;-23,481347;-46,534317
Dados de teste 8546;-23,438729;-46,434744
Dados de teste 8547;-23,463233;-46,493903
Dados de teste 8548;-23,463233;-46,493903
Dados de teste 8549;-23,490392;-46,547983
Dados de teste 8550;-23,490392;-46,547983
Dados de teste 8551;-46,435001;-46,435001
Dados de teste 8552;-46,433399;-46,433399
Dados de teste 8553;-46,436901;-46,436901
Dados de teste 8554;-23,490717;-46,548486
Dados de teste 8555;-23,490717;-46,548486
Dados de teste 8556;-23,438655;-46,434157
Dados de teste 8557;-46,431499;-46,431499
Dados de teste 8558;-23,439514;-46,436614
Dados de teste 8559;-23,499586;-46,560517
Dados de teste 8560;-23,438055;-46,433139
Dados de teste 8561;-23,439665;-46,436562
Dados de teste 8562;-23,43888;-46,434692
Dados de teste 8563;-23,43884;-46,435011
Dados de teste 8564;-23,436931;-46,430465
Dados de teste 8565;-23,439609;-46,436897
Dados de teste 8566;-23,488394;-46,545289
Dados de teste 8567;-23,490228;-46,547731
Dados de teste 8568;-23,490228;-46,547731
Dados de teste 8569;-46,436199;-46,436199
Dados de teste 8570;-23,463253;-46,494525
Dados de teste 8571;-23,490069;-46,547478
Dados de teste 8572;-23,490069;-46,547478
Dados de teste 8573;-23,439216;-46,435493
Dados de teste 8574;-23,438767;-46,434424
Dados de teste 8575;-23,490553;-46,548228
Dados de teste 8576;-23,490553;-46,548228
Dados de teste 8577;0;0
Dados de teste 8578;-23,463253;-46,494525
Dados de teste 8579;-46,438499;-46,438499
Dados de teste 8580;0;0
Dados de teste 8581;-46,4351;-46,4351
Dados de teste 8582;0;0
Dados de teste 8583;-23,463358;-46,494808
Dados de teste 8584;-23,4564;-46,477347
Dados de teste 8585;-23,4564;-46,477347
Dados de teste 8586;-46,437401;-46,437401
Dados de teste 8587;-23,463358;-46,494808
Dados de teste 8588;-23,437869;-46,432286
Dados de teste 8589;0;0
Dados de teste 8590;-23,456853;-46,478394
Dados de teste 8591;-23,43899;-46,434959
Dados de teste 8592;-23,439552;-46,436295
Dados de teste 8593;-46,432301;-46,432301
Dados de teste 8594;-23,438318;-46,433355
Dados de teste 8595;-23,439801;-46,436815
Dados de teste 8596;0;0
Dados de teste 8597;-23,456853;-46,478394
Dados de teste 8598;-23,463456;-46,495064
Dados de teste 8599;-23,438953;-46,435278
Dados de teste 8600;-23,476511;-46,526308
Dados de teste 8601;0;0
Dados de teste 8602;-23,456186;-46,476819
Dados de teste 8603;-23,456186;-46,476819
Dados de teste 8604;0;0
Dados de teste 8605;-23,4179;-46,377624
Dados de teste 8606;-23,500799;-46,563301
Dados de teste 8607;0;0
Dados de teste 8608;0;0
Dados de teste 8609;-23,500967;-46,563342
Dados de teste 8610;-23,425909;-46,405343
Dados de teste 8611;0;0
Dados de teste 8612;0;0
Dados de teste 8613;-23,426791;-46,407502
Dados de teste 8614;-23,500783;-46,563086
Dados de teste 8615;0;0
Dados de teste 8616;-23,456294;-46,477083
Dados de teste 8617;-23,456294;-46,477083
Dados de teste 8618;-23,500597;-46,562814
Dados de teste 8619;-23,4561;-46,4757
Dados de teste 8620;0;0
Dados de teste 8621;-23,500414;-46,562544
Dados de teste 8622;-23,500233;-46,562272
Dados de teste 8623;-23,4984;-46,559799
Dados de teste 8624;-23,4569;-46,477501
Dados de teste 8625;-23,456514;-46,477614
Dados de teste 8626;-23,42636;-46,406416
Dados de teste 8627;-23,456633;-46,477886
Dados de teste 8628;-23,498492;-46,559714
Dados de teste 8629;-23,427148;-46,408299
Dados de teste 8630;-23,4984;-46,559502
Dados de teste 8631;-23,498319;-46,559467
Dados de teste 8632;-23,498147;-46,559239
Dados de teste 8633;-23,488825;-46,545997
Dados de teste 8634;-23,498147;-46,559239
Dados de teste 8635;-23,425697;-46,404802
Dados de teste 8636;-23,497999;-46,558998
Dados de teste 8637;-23,427029;-46,408025
Dados de teste 8638;-23,497975;-46,559008
Dados de teste 8639;-23,476511;-46,526308
Dados de teste 8640;-23,488878;-46,545617
Dados de teste 8641;0;0
Dados de teste 8642;-23,42581;-46,405073
Dados de teste 8643;-23,488722;-46,545372
Dados de teste 8644;0;0
Dados de teste 8645;0;0
Dados de teste 8646;-23,488722;-46,545372
Dados de teste 8647;-23,468122;-46,507756
Dados de teste 8648;0;0
Dados de teste 8649;-23,468122;-46,507756
Dados de teste 8650;-23,468014;-46,507428
Dados de teste 8651;-23,468014;-46,507428
Dados de teste 8652;-23,457517;-46,479981
Dados de teste 8653;-23,4977;-46,556702
Dados de teste 8654;-23,426023;-46,40561
Dados de teste 8655;-23,509533;-46,573164
Dados de teste 8656;-23,496229;-46,556769
Dados de teste 8657;-23,456969;-46,478672
Dados de teste 8658;-23,456969;-46,478672
Dados de teste 8659;-23,488825;-46,545997
Dados de teste 8660;-23,496636;-46,557008
Dados de teste 8661;-23,426455;-46,406682
Dados de teste 8662;-23,457517;-46,479981
Dados de teste 8663;-23,488981;-46,546253
Dados de teste 8664;-23,412701;-46,361801
Dados de teste 8665;-23,419001;-46,380199
Dados de teste 8666;-23,425486;-46,404262
Dados de teste 8667;-46,450001;-46,450001
Dados de teste 8668;-23,425584;-46,404529
Dados de teste 8669;0;0
Dados de teste 8670;-23,445499;-46,452801
Dados de teste 8671;-23,50935;-46,572986
Dados de teste 8672;-23,418053;-46,378182
Dados de teste 8673;-23,425376;-46,403989
Dados de teste 8674;-23,416163;-46,372043
Dados de teste 8675;-23,417668;-46,376778
Dados de teste 8676;-23,418501;-46,379601
Dados de teste 8677;-23,4181;-46,3783
Dados de teste 8678;-23,418301;-46,379101
Dados de teste 8679;0;0
Dados de teste 8680;0;0
Dados de teste 8681;-23,426912;-46,407759
Dados de teste 8682;0;0
Dados de teste 8683;-46,4492;-46,4492
Dados de teste 8684;-46,4487;-46,4487
Dados de teste 8685;0;0
Dados de teste 8686;-23,4179;-46,377399
Dados de teste 8687;-23,426134;-46,405877
Dados de teste 8688;-23,420401;-46,3764
Dados de teste 8689;-23,488672;-46,545756
Dados de teste 8690;-23,488672;-46,545756
Dados de teste 8691;-23,463144;-46,493658
Dados de teste 8692;-23,42668;-46,407217
Dados de teste 8693;-23,488981;-46,546253
Dados de teste 8694;0;0
Dados de teste 8695;-23,489144;-46,546503
Dados de teste 8696;-23,426246;-46,406145
Dados de teste 8697;0;0
Dados de teste 8698;0;0
Dados de teste 8699;-23,4494;-46,451199
Dados de teste 8700;0;0
Dados de teste 8701;-46,450901;-46,450901
Dados de teste 8702;-23,443501;-46,444901
Dados de teste 8703;-23,419901;-46,373199
Dados de teste 8704;-23,4405;-46,437099
Dados de teste 8705;-23,489144;-46,546503
Dados de teste 8706;0;0
Dados de teste 8707;-46,453098;-46,453098
Dados de teste 8708;-23,441487;-46,440831
Dados de teste 8709;-46,451401;-46,451401
Dados de teste 8710;-23,470108;-46,514189
Dados de teste 8711;-23,418721;-46,380434
Dados de teste 8712;-46,451302;-46,451302
Dados de teste 8713;-23,417299;-46,3792
Dados de teste 8714;-23,475275;-46,524339
Dados de teste 8715;-23,475275;-46,524339
Dados de teste 8716;-23,4184;-46,379398
Dados de teste 8717;-23,475117;-46,524103
Dados de teste 8718;-23,475117;-46,524103
Dados de teste 8719;-46,445;-46,445
Dados de teste 8720;-23,4457;-46,4506
Dados de teste 8721;-23,470108;-46,514189
Dados de teste 8722;0;0
Dados de teste 8723;-23,470025;-46,513917
Dados de teste 8724;-46,4492;-46,4492
Dados de teste 8725;-46,4515;-46,4515
Dados de teste 8726;-46,451801;-46,451801
Dados de teste 8727;-23,470975;-46,516697
Dados de teste 8728;-23,470975;-46,516697
Dados de teste 8729;-23,472136;-46,519231
Dados de teste 8730;-23,4452;-46,4496
Dados de teste 8731;-23,4188;-46,380501
Dados de teste 8732;0;0
Dados de teste 8733;-23,470025;-46,513917
Dados de teste 8734;-23,445999;-46,452
Dados de teste 8735;-23,474503;-46,523156
Dados de teste 8736;-23,474503;-46,523156
Dados de teste 8737;-46,445801;-46,445801
Dados de teste 8738;0;0
Dados de teste 8739;-23,474661;-46,523389
Dados de teste 8740;-23,474661;-46,523389
Dados de teste 8741;-23,4893;-46,54675
Dados de teste 8742;-23,469939;-46,513644
Dados de teste 8743;0;0
Dados de teste 8744;-46,443298;-46,443298
Dados de teste 8745;-23,474811;-46,523617
Dados de teste 8746;-23,474811;-46,523617
Dados de teste 8747;-23,474958;-46,523861
Dados de teste 8748;-23,474958;-46,523861
Dados de teste 8749;-23,469939;-46,513644
Dados de teste 8750;-23,509167;-46,572631
Dados de teste 8751;-23,509167;-46,572631
Dados de teste 8752;-23,508967;-46,572431
Dados de teste 8753;-23,508967;-46,572431
Dados de teste 8754;-23,489467;-46,547008
Dados de teste 8755;-23,508778;-46,572244
Dados de teste 8756;-23,46985;-46,513358
Dados de teste 8757;-23,489467;-46,547008
Dados de teste 8758;-23,508778;-46,572244
Dados de teste 8759;-23,470867;-46,516411
Dados de teste 8760;-23,470867;-46,516411
Dados de teste 8761;-23,489617;-46,547253
Dados de teste 8762;-23,46985;-46,513358
Dados de teste 8763;-23,489617;-46,547253
Dados de teste 8764;-23,470647;-46,515828
Dados de teste 8765;-23,470647;-46,515828
Dados de teste 8766;-23,500778;-46,563344
Dados de teste 8767;-23,489778;-46,547492
Dados de teste 8768;-23,508378;-46,571867
Dados de teste 8769;-23,470758;-46,516125
Dados de teste 8770;0;0
Dados de teste 8771;0;0
Dados de teste 8772;-23,508575;-46,572044
Dados de teste 8773;-23,508575;-46,572044
Dados de teste 8774;0;0
Dados de teste 8775;0;0
Dados de teste 8776;-46,440399;-46,440399
Dados de teste 8777;-23,488239;-46,545067
Dados de teste 8778;-23,488239;-46,545067
Dados de teste 8779;-23,508378;-46,571867
Dados de teste 8780;-23,500778;-46,563344
Dados de teste 8781;-23,489778;-46,547492
Dados de teste 8782;-23,440734;-46,439575
Dados de teste 8783;-23,508186;-46,571692
Dados de teste 8784;-23,489936;-46,547742
Dados de teste 8785;-23,439914;-46,437086
Dados de teste 8786;-23,489936;-46,547742
Dados de teste 8787;-23,508186;-46,571692
Dados de teste 8788;-46,440899;-46,440899
Dados de teste 8789;-23,465606;-46,5013
Dados de teste 8790;-46,4408;-46,4408
Dados de teste 8791;-23,490103;-46,548
Dados de teste 8792;-23,463144;-46,493658
Dados de teste 8793;-23,463011;-46,493361
Dados de teste 8794;-23,463011;-46,493361
Dados de teste 8795;-46,439999;-46,439999
Dados de teste 8796;-46,4394;-46,4394
Dados de teste 8797;0;0
Dados de teste 8798;-23,487478;-46,543914
Dados de teste 8799;-23,487478;-46,543914
Dados de teste 8800;-46,442402;-46,442402
Dados de teste 8801;-23,440844;-46,439838
Dados de teste 8802;-23,465606;-46,5013
Dados de teste 8803;-23,490256;-46,548239
Dados de teste 8804;-23,440326;-46,43816
Dados de teste 8805;-23,441149;-46,440024
Dados de teste 8806;-23,490256;-46,548239
Dados de teste 8807;-23,463456;-46,495064
Dados de teste 8808;-23,440777;-46,43923
Dados de teste 8809;-23,465703;-46,501564
Dados de teste 8810;-23,478708;-46,530211
Dados de teste 8811;-23,49;-46,547699
Dados de teste 8812;-23,478708;-46,530211
Dados de teste 8813;-23,478875;-46,530472
Dados de teste 8814;-23,478875;-46,530472
Dados de teste 8815;-23,440394;-46,438771
Dados de teste 8816;0;0
Dados de teste 8817;-23,413056;-46,3625
Dados de teste 8818;-23,4114;-46,363602
Dados de teste 8819;-23,439103;-46,435226
Dados de teste 8820;-46,442501;-46,442501
Dados de teste 8821;-23,413401;-46,363499
Dados de teste 8822;0;0
Dados de teste 8823;0;0
Dados de teste 8824;-23,440543;-46,438695
Dados de teste 8825;-23,4594;-46,484506
Dados de teste 8826;-23,465703;-46,501564
Dados de teste 8827;-23,4594;-46,484506
Dados de teste 8828;-23,4139;-46,364101
Dados de teste 8829;-23,4126;-46,3619
Dados de teste 8830;-23,439722;-46,437167
Dados de teste 8831;-46,459301;-46,459301
Dados de teste 8832;-23,412901;-46,3624
Dados de teste 8833;-23,461561;-46,490158
Dados de teste 8834;0;0
Dados de teste 8835;-23,461464;-46,489903
Dados de teste 8836;-23,412901;-46,3624
Dados de teste 8837;-23,461464;-46,489903
Dados de teste 8838;-23,461369;-46,489639
Dados de teste 8839;-23,461369;-46,489639
Dados de teste 8840;-46,439701;-46,439701
Dados de teste 8841;-23,465894;-46,502089
Dados de teste 8842;-23,440885;-46,439484
Dados de teste 8843;-23,443199;-46,445801
Dados de teste 8844;-23,416201;-46,360699
Dados de teste 8845;-23,441518;-46,441444
Dados de teste 8846;-23,461278;-46,489386
Dados de teste 8847;-23,440512;-46,439035
Dados de teste 8848;-46,436798;-46,436798
Dados de teste 8849;-23,461175;-46,489089
Dados de teste 8850;-23,461175;-46,489089
Dados de teste 8851;-23,472275;-46,519486
Dados de teste 8852;-23,465894;-46,502089
Dados de teste 8853;-23,4119;-46,3605
Dados de teste 8854;-23,461082;-46,488842
Dados de teste 8855;-23,461082;-46,488842
Dados de teste 8856;-23,459514;-46,484789
Dados de teste 8857;-46,440899;-46,440899
Dados de teste 8858;-23,461278;-46,489386
Dados de teste 8859;0;0
Dados de teste 8860;-23,460982;-46,488561
Dados de teste 8861;-46,438999;-46,438999
Dados de teste 8862;-46,437;-46,437
Dados de teste 8863;-46,438099;-46,438099
Dados de teste 8864;-23,472275;-46,519486
Dados de teste 8865;-46,4646;-46,4646
Dados de teste 8866;-23,413601;-46,362099
Dados de teste 8867;-23,412701;-46,362999
Dados de teste 8868;0;0
Dados de teste 8869;0;0
Dados de teste 8870;-23,421555;-46,390804
Dados de teste 8871;-23,4128;-46,361698
Dados de teste 8872;-23,459514;-46,484789
Dados de teste 8873;0;0
Dados de teste 8874;-23,4125;-46,361
Dados de teste 8875;-23,412399;-46,363201
Dados de teste 8876;-23,459614;-46,485025
Dados de teste 8877;-46,461399;-46,461399
Dados de teste 8878;-23,440221;-46,437897
Dados de teste 8879;-23,422199;-46,392101
Dados de teste 8880;-23,412901;-46,362099
Dados de teste 8881;0;0
Dados de teste 8882;-23,449729;-46,460986
Dados de teste 8883;-23,412901;-46,3629
Dados de teste 8884;-46,438202;-46,438202
Dados de teste 8885;0;0
Dados de teste 8886;-23,4132;-46,362499
Dados de teste 8887;0;0
Dados de teste 8888;-23,412701;-46,3615
Dados de teste 8889;-23,459614;-46,485025
Dados de teste 8890;-23,414;-46,363098
Dados de teste 8891;-23,466175;-46,502858
Dados de teste 8892;-23,459711;-46,485286
Dados de teste 8893;-23,459711;-46,485286
Dados de teste 8894;-46,4618;-46,4618
Dados de teste 8895;-23,4125;-46,361599
Dados de teste 8896;-23,466261;-46,503111
Dados de teste 8897;0;0
Dados de teste 8898;-23,412701;-46,3615
Dados de teste 8899;-23,4132;-46,362999
Dados de teste 8900;-23,4128;-46,361599
Dados de teste 8901;-23,490406;-46,548481
Dados de teste 8902;-23,490406;-46,548481
Dados de teste 8903;-23,478556;-46,529975
Dados de teste 8904;-23,4097;-46,364201
Dados de teste 8905;-46,4646;-46,4646
Dados de teste 8906;-23,413799;-46,3643
Dados de teste 8907;-23,459286;-46,484225
Dados de teste 8908;-23,459286;-46,484225
Dados de teste 8909;-23,486228;-46,541475
Dados de teste 8910;-23,4128;-46,3619
Dados de teste 8911;-23,44901;-46,458768
Dados de teste 8912;-23,448343;-46,457807
Dados de teste 8913;-46,456799;-46,456799
Dados de teste 8914;-23,459999;-46,4855
Dados de teste 8915;-23,459822;-46,485569
Dados de teste 8916;-23,493114;-46,552367
Dados de teste 8917;-23,493114;-46,552367
Dados de teste 8918;-23,449235;-46,459303
Dados de teste 8919;-23,478556;-46,529975
Dados de teste 8920;-46,4575;-46,4575
Dados de teste 8921;-23,459925;-46,485825
Dados de teste 8922;-23,486228;-46,541475
Dados de teste 8923;-23,48175;-46,534478
Dados de teste 8924;-23,459925;-46,485825
Dados de teste 8925;-23,486069;-46,541242
Dados de teste 8926;-23,462606;-46,493675
Dados de teste 8927;-46,459702;-46,459702
Dados de teste 8928;0;0
Dados de teste 8929;-46,4631;-46,4631
Dados de teste 8930;-23,460036;-46,486097
Dados de teste 8931;-23,460036;-46,486097
Dados de teste 8932;-46,457802;-46,457802
Dados de teste 8933;-23,486069;-46,541242
Dados de teste 8934;-23,458799;-46,483501
Dados de teste 8935;-23,4601;-46,486401
Dados de teste 8936;-23,462717;-46,493942
Dados de teste 8937;-23,44935;-46,459579
Dados de teste 8938;-46,458302;-46,458302
Dados de teste 8939;0;0
Dados de teste 8940;-23,479028;-46,5307
Dados de teste 8941;-23,4123;-46,359901
Dados de teste 8942;-23,458958;-46,483428
Dados de teste 8943;-23,449682;-46,460372
Dados de teste 8944;-23,460136;-46,486367
Dados de teste 8945;-23,448905;-46,459144
Dados de teste 8946;-23,4603;-46,486599
Dados de teste 8947;-23,485914;-46,541011
Dados de teste 8948;-23,459075;-46,483711
Dados de teste 8949;-23,459075;-46,483711
Dados de teste 8950;-46,4547;-46,4547
Dados de teste 8951;-23,448786;-46,458237
Dados de teste 8952;-23,4589;-46,483898
Dados de teste 8953;-23,459181;-46,483969
Dados de teste 8954;-46,459702;-46,459702
Dados de teste 8955;-23,485914;-46,541011
Dados de teste 8956;-23,460244;-46,48665
Dados de teste 8957;-23,485769;-46,540772
Dados de teste 8958;-23,449122;-46,459035
Dados de teste 8959;-23,479028;-46,5307
Dados de teste 8960;-23,485769;-46,540772
Dados de teste 8961;-46,4571;-46,4571
Dados de teste 8962;-23,485617;-46,540533
Dados de teste 8963;-23,497578;-46,558447
Dados de teste 8964;-23,476831;-46,526808
Dados de teste 8965;-23,48335;-46,537453
Dados de teste 8966;-23,48335;-46,537453
Dados de teste 8967;-23,476831;-46,526808
Dados de teste 8968;-23,460356;-46,486925
Dados de teste 8969;-23,4128;-46,3587
Dados de teste 8970;-23,414499;-46,362598
Dados de teste 8971;0;0
Dados de teste 8972;-23,485464;-46,540294
Dados de teste 8973;-46,463799;-46,463799
Dados de teste 8974;-23,483514;-46,537708
Dados de teste 8975;-23,483514;-46,537708
Dados de teste 8976;-23,412399;-46,359798
Dados de teste 8977;-23,479175;-46,530936
Dados de teste 8978;-23,485617;-46,540533
Dados de teste 8979;-23,412201;-46,3587
Dados de teste 8980;-23,479175;-46,530936
Dados de teste 8981;-23,485311;-46,540056
Dados de teste 8982;-23,431316;-46,416256
Dados de teste 8983;-23,483667;-46,537942
Dados de teste 8984;-23,483667;-46,537942
Dados de teste 8985;-23,479325;-46,531181
Dados de teste 8986;-23,460356;-46,486925
Dados de teste 8987;-46,457199;-46,457199
Dados de teste 8988;-23,479325;-46,531181
Dados de teste 8989;-23,497578;-46,558447
Dados de teste 8990;-46,4608;-46,4608
Dados de teste 8991;-23,479486;-46,531428
Dados de teste 8992;-23,429639;-46,412885
Dados de teste 8993;-23,497106;-46,557714
Dados de teste 8994;-23,49775;-46,557994
Dados de teste 8995;0;0
Dados de teste 8996;-23,5002;-46,5623
Dados de teste 8997;-23,479486;-46,531428
Dados de teste 8998;0;0
Dados de teste 8999;-23,4816;-46,534233
Dados de teste 9000;-23,476994;-46,527067
Dados de teste 9001;0;0
Dados de teste 9002;-23,479636;-46,531664
Dados de teste 9003;0;0
Dados de teste 9004;0;0
Dados de teste 9005;0;0
Dados de teste 9006;0;0
Dados de teste 9007;0;0
Dados de teste 9008;0;0
Dados de teste 9009;0;0
Dados de teste 9010;-23,476994;-46,527067
Dados de teste 9011;-23,5002;-46,5623
Dados de teste 9012;-23,485156;-46,539808
Dados de teste 9013;-23,485156;-46,539808
Dados de teste 9014;0;0
Dados de teste 9015;-23,476183;-46,525792
Dados de teste 9016;-23,448336;-46,457163
Dados de teste 9017;-23,485311;-46,540056
Dados de teste 9018;-23,497744;-46,558692
Dados de teste 9019;-23,476183;-46,525792
Dados de teste 9020;-46,458401;-46,458401
Dados de teste 9021;-23,484994;-46,539558
Dados de teste 9022;-23,479636;-46,531664
Dados de teste 9023;-23,4126;-46,361401
Dados de teste 9024;0;0
Dados de teste 9025;-23,4125;-46,358799
Dados de teste 9026;0;0
Dados de teste 9027;-23,4119;-46,358601
Dados de teste 9028;-23,497419;-46,558214
Dados de teste 9029;-23,431542;-46,41679
Dados de teste 9030;-23,497299;-46,557899
Dados de teste 9031;-23,412001;-46,358101
Dados de teste 9032;-23,497744;-46,558692
Dados de teste 9033;-23,478797;-46,5307
Dados de teste 9034;0;0
Dados de teste 9035;-23,484994;-46,539558
Dados de teste 9036;0;0
Dados de teste 9037;-23,469094;-46,511692
Dados de teste 9038;-23,484836;-46,539317
Dados de teste 9039;-23,497419;-46,558214
Dados de teste 9040;-23,484836;-46,539317
Dados de teste 9041;-23,4123;-46,359798
Dados de teste 9042;-23,4123;-46,358299
Dados de teste 9043;-23,4132;-46,359699
Dados de teste 9044;-23,412901;-46,362
Dados de teste 9045;-23,469094;-46,511692
Dados de teste 9046;-23,484683;-46,539075
Dados de teste 9047;-23,484683;-46,539075
Dados de teste 9048;-23,431653;-46,417058
Dados de teste 9049;-23,469178;-46,511967
Dados de teste 9050;-23,4123;-46,3606
Dados de teste 9051;0;0
Dados de teste 9052;-23,469178;-46,511967
Dados de teste 9053;0;0
Dados de teste 9054;-23,484528;-46,538833
Dados de teste 9055;-23,484528;-46,538833
Dados de teste 9056;-23,475875;-46,525314
Dados de teste 9057;-23,484367;-46,538586
Dados de teste 9058;-23,4126;-46,361
Dados de teste 9059;-23,497106;-46,557714
Dados de teste 9060;-23,469358;-46,512528
Dados de teste 9061;-23,475875;-46,525314
Dados de teste 9062;-23,411699;-46,356499
Dados de teste 9063;0;0
Dados de teste 9064;-23,412201;-46,3601
Dados de teste 9065;-23,4125;-46,361
Dados de teste 9066;-23,4118;-46,3582
Dados de teste 9067;-23,484367;-46,538586
Dados de teste 9068;-23,469358;-46,512528
Dados de teste 9069;-23,4125;-46,360901
Dados de teste 9070;0;0
Dados de teste 9071;-23,469444;-46,512811
Dados de teste 9072;0;0
Dados de teste 9073;-23,476667;-46,526553
Dados de teste 9074;-46,457901;-46,457901
Dados de teste 9075;-23,4123;-46,3591
Dados de teste 9076;-23,435432;-46,427652
Dados de teste 9077;-23,484217;-46,538336
Dados de teste 9078;-23,4126;-46,360802
Dados de teste 9079;-23,412293;-46,443266
Dados de teste 9080;-23,435222;-46,42714
Dados de teste 9081;-23,431877;-46,417593
Dados de teste 9082;-23,5002;-46,5623
Dados de teste 9083;-23,412201;-46,356899
Dados de teste 9084;-23,484217;-46,538336
Dados de teste 9085;0;0
Dados de teste 9086;-23,420163;-46,38578
Dados de teste 9087;-23,431765;-46,417329
Dados de teste 9088;-23,469444;-46,512811
Dados de teste 9089;-23,476667;-46,526553
Dados de teste 9090;-23,483733;-46,537589
Dados de teste 9091;0;0
Dados de teste 9092;-23,460501;-46,487499
Dados de teste 9093;-23,428301;-46,4091
Dados de teste 9094;-23,5002;-46,5623
Dados de teste 9095;-23,4121;-46,358501
Dados de teste 9096;-23,435336;-46,427404
Dados de teste 9097;-23,458706;-46,48323
Dados de teste 9098;-23,4816;-46,534233
Dados de teste 9099;0;0
Dados de teste 9100;-23,498583;-46,559181
Dados de teste 9101;-23,476347;-46,526042
Dados de teste 9102;-23,483733;-46,537589
Dados de teste 9103;-23,481436;-46,533992
Dados de teste 9104;0;0
Dados de teste 9105;-23,4119;-46,357498
Dados de teste 9106;-23,476347;-46,526042
Dados de teste 9107;-23,469269;-46,512247
Dados de teste 9108;-23,476025;-46,525558
Dados de teste 9109;-23,469269;-46,512247
Dados de teste 9110;-23,481436;-46,533992
Dados de teste 9111;-23,427565;-46,407429
Dados de teste 9112;0;0
Dados de teste 9113;-23,420086;-46,385499
Dados de teste 9114;-23,431428;-46,416524
Dados de teste 9115;-23,4074;-46,359798
Dados de teste 9116;0;0
Dados de teste 9117;-23,458755;-46,48342
Dados de teste 9118;-23,476025;-46,525558
Dados de teste 9119;-23,432899;-46,413601
Dados de teste 9120;0;0
Dados de teste 9121;-23,5002;-46,5623
Dados de teste 9122;-23,498742;-46,559419
Dados de teste 9123;-23,4198;-46,385399
Dados de teste 9124;-23,43096;-46,415465
Dados de teste 9125;-23,5002;-46,5623
Dados de teste 9126;-23,478947;-46,530936
Dados de teste 9127;-23,455903;-46,475553
Dados de teste 9128;-23,455903;-46,475553
Dados de teste 9129;-23,484053;-46,538094
Dados de teste 9130;0;0
Dados de teste 9131;-23,481278;-46,533744
Dados de teste 9132;-23,493258;-46,552594
Dados de teste 9133;-23,483583;-46,537342
Dados de teste 9134;0;0
Dados de teste 9135;-23,50005;-46,562036
Dados de teste 9136;-23,481278;-46,533744
Dados de teste 9137;-23,483583;-46,537342
Dados de teste 9138;0;0
Dados de teste 9139;0;0
Dados de teste 9140;-23,483425;-46,537094
Dados de teste 9141;-23,483425;-46,537094
Dados de teste 9142;-22,67842;-43,81389
Dados de teste 9143;-23,483264;-46,536856
Dados de teste 9144;-23,486689;-46,542669
Dados de teste 9145;-23,4781;-46,529256
Dados de teste 9146;0;0
Dados de teste 9147;-23,486689;-46,542669
Dados de teste 9148;-23,4984;-46,558886
Dados de teste 9149;-23,484053;-46,538094
Dados de teste 9150;0;0
Dados de teste 9151;0;0
Dados de teste 9152;-23,499225;-46,560028
Dados de teste 9153;-23,498908;-46,559661
Dados de teste 9154;-23,48685;-46,542928
Dados de teste 9155;-23,470758;-46,516125
Dados de teste 9156;0;0
Dados de teste 9157;0;0
Dados de teste 9158;-23,483264;-46,536856
Dados de teste 9159;0;0
Dados de teste 9160;-23,483111;-46,536622
Dados de teste 9161;-23,483111;-46,536622
Dados de teste 9162;-23,482964;-46,536378
Dados de teste 9163;-23,482964;-46,536378
Dados de teste 9164;-23,499058;-46,559806
Dados de teste 9165;0;0
Dados de teste 9166;-23,482806;-46,536139
Dados de teste 9167;0;0
Dados de teste 9168;0;0
Dados de teste 9169;-23,5002;-46,5623
Dados de teste 9170;-23,461606;-46,489558
Dados de teste 9171;0;0
Dados de teste 9172;0;0
Dados de teste 9173;0;0
Dados de teste 9174;0;0
Dados de teste 9175;0;0
Dados de teste 9176;-23,482806;-46,536139
Dados de teste 9177;0;0
Dados de teste 9178;-23,4781;-46,529256
Dados de teste 9179;-23,5002;-46,5623
Dados de teste 9180;-23,43551;-46,427328
Dados de teste 9181;-23,498264;-46,558708
Dados de teste 9182;0;0
Dados de teste 9183;-23,477547;-46,528369
Dados de teste 9184;-23,48685;-46,542928
Dados de teste 9185;-23,485383;-46,540631
Dados de teste 9186;0;0
Dados de teste 9187;-23,483817;-46,538186
Dados de teste 9188;-23,482656;-46,535903
Dados de teste 9189;-22,65981;-43,82634
Dados de teste 9190;-23,482656;-46,535903
Dados de teste 9191;-23,483817;-46,538186
Dados de teste 9192;-22,6772;-43,81553
Dados de teste 9193;-23,477247;-46,5279
Dados de teste 9194;-23,482506;-46,535664
Dados de teste 9195;-23,469531;-46,513083
Dados de teste 9196;-23,482506;-46,535664
Dados de teste 9197;-23,477547;-46,528369
Dados de teste 9198;-23,477247;-46,5279
Dados de teste 9199;-23,483969;-46,538419
Dados de teste 9200;-23,478414;-46,529736
Dados de teste 9201;-23,483969;-46,538419
Dados de teste 9202;-23,482353;-46,535428
Dados de teste 9203;-23,465003;-46,499631
Dados de teste 9204;-23,465003;-46,499631
Dados de teste 9205;-23,465103;-46,499911
Dados de teste 9206;0;0
Dados de teste 9207;-23,482353;-46,535428
Dados de teste 9208;-23,482203;-46,535186
Dados de teste 9209;-23,482203;-46,535186
Dados de teste 9210;-23,484292;-46,5389
Dados de teste 9211;0;0
Dados de teste 9212;-23,482047;-46,534947
Dados de teste 9213;-23,482589;-46,536258
Dados de teste 9214;-23,482589;-46,536258
Dados de teste 9215;-23,482047;-46,534947
Dados de teste 9216;-23,484292;-46,5389
Dados de teste 9217;-22,67766;-43,81514
Dados de teste 9218;-23,414301;-46,362202
Dados de teste 9219;-23,4139;-46,362598
Dados de teste 9220;-23,48275;-46,536506
Dados de teste 9221;0;0
Dados de teste 9222;-23,48275;-46,536506
Dados de teste 9223;0;0
Dados de teste 9224;-23,465408;-46,50075
Dados de teste 9225;-23,465203;-46,500183
Dados de teste 9226;-23,465203;-46,500183
Dados de teste 9227;0;0
Dados de teste 9228;0;0
Dados de teste 9229;-23,487008;-46,543172
Dados de teste 9230;-23,4819;-46,534717
Dados de teste 9231;-22,66285;-43,82517
Dados de teste 9232;-23,485383;-46,540631
Dados de teste 9233;-23,4819;-46,534717
Dados de teste 9234;-23,481126;-46,533506
Dados de teste 9235;-23,481126;-46,533506
Dados de teste 9236;-23,485544;-46,540878
Dados de teste 9237;-23,483197;-46,5372
Dados de teste 9238;-23,4133;-46,3596
Dados de teste 9239;-23,4128;-46,359501
Dados de teste 9240;-23,461403;-46,489028
Dados de teste 9241;0;0
Dados de teste 9242;0;0
Dados de teste 9243;-23,414;-46,360802
Dados de teste 9244;-22,660601;-43,825901
Dados de teste 9245;-23,487008;-46,543172
Dados de teste 9246;0;-46,3593
Dados de teste 9247;-22,66312;-43,82505
Dados de teste 9248;-22,6662;-43,81969
Dados de teste 9249;-23,483197;-46,5372
Dados de teste 9250;-23,413099;-46,3587
Dados de teste 9251;-22,67843;-43,81365
Dados de teste 9252;-23,487322;-46,543667
Dados de teste 9253;-23,485544;-46,540878
Dados de teste 9254;-22,6765;-43,8162
Dados de teste 9255;-23,413099;-46,3596
Dados de teste 9256;-23,485706;-46,541133
Dados de teste 9257;-23,480972;-46,533264
Dados de teste 9258;0;0
Dados de teste 9259;0;0
Dados de teste 9260;0;0
Dados de teste 9261;-22,6644;-43,823898
Dados de teste 9262;-22,67577;-43,81685
Dados de teste 9263;-22,66223;-43,82538
Dados de teste 9264;-22,65875;-43,82641
Dados de teste 9265;-23,485706;-46,541133
Dados de teste 9266;-22,66034;-43,82619
Dados de teste 9267;-22,67844;-43,81421
Dados de teste 9268;-22,66606;-43,82023
Dados de teste 9269;-23,485869;-46,541403
Dados de teste 9270;0;0
Dados de teste 9271;-23,465511;-46,501033
Dados de teste 9272;-23,465511;-46,501033
Dados de teste 9273;-46,421001;-46,421001
Dados de teste 9274;0;0
Dados de teste 9275;-22,67834;-43,81452
Dados de teste 9276;-22,66605;-43,82055
Dados de teste 9277;0;0
Dados de teste 9278;-23,4133;-46,36
Dados de teste 9279;-23,413401;-46,3601
Dados de teste 9280;-23,485869;-46,541403
Dados de teste 9281;-22,66122;-43,82579
Dados de teste 9282;-23,482436;-46,536017
Dados de teste 9283;-23,486028;-46,54165
Dados de teste 9284;-23,482436;-46,536017
Dados de teste 9285;-22,65904;-43,82645
Dados de teste 9286;-23,487164;-46,543419
Dados de teste 9287;0;0
Dados de teste 9288;0;0
Dados de teste 9289;-23,486028;-46,54165
Dados de teste 9290;-23,478658;-46,529653
Dados de teste 9291;0;0
Dados de teste 9292;0;0
Dados de teste 9293;-23,482903;-46,536739
Dados de teste 9294;-23,486197;-46,541917
Dados de teste 9295;-23,482903;-46,536739
Dados de teste 9296;0;0
Dados de teste 9297;-23,478658;-46,529653
Dados de teste 9298;0;0
Dados de teste 9299;-23,451356;-46,465615
Dados de teste 9300;0;0
Dados de teste 9301;0;0
Dados de teste 9302;0;0
Dados de teste 9303;-23,478506;-46,529408
Dados de teste 9304;-23,461606;-46,489558
Dados de teste 9305;0;0
Dados de teste 9306;0;0
Dados de teste 9307;-23,461486;-46,489242
Dados de teste 9308;0;0
Dados de teste 9309;0;0
Dados de teste 9310;0;0
Dados de teste 9311;0;0
Dados de teste 9312;-23,478506;-46,529408
Dados de teste 9313;0;0
Dados de teste 9314;0;0
Dados de teste 9315;-23,478344;-46,529156
Dados de teste 9316;-23,421809;-46,39225
Dados de teste 9317;0;0
Dados de teste 9318;0;0
Dados de teste 9319;-23,478344;-46,529156
Dados de teste 9320;-23,478181;-46,528906
Dados de teste 9321;0;0
Dados de teste 9322;0;0
Dados de teste 9323;-23,478181;-46,528906
Dados de teste 9324;0;0
Dados de teste 9325;0;0
Dados de teste 9326;0;0
Dados de teste 9327;-23,477808;-46,528294
Dados de teste 9328;0;0
Dados de teste 9329;-23,477808;-46,528294
Dados de teste 9330;-23,477706;-46,528614
Dados de teste 9331;-23,48505;-46,540122
Dados de teste 9332;-23,48505;-46,540122
Dados de teste 9333;-23,486197;-46,541917
Dados de teste 9334;-23,477647;-46,528064
Dados de teste 9335;-23,477647;-46,528064
Dados de teste 9336;0;0
Dados de teste 9337;0;0
Dados de teste 9338;0;0
Dados de teste 9339;-23,4132;-46,359699
Dados de teste 9340;0;0
Dados de teste 9341;-23,461486;-46,489242
Dados de teste 9342;-23,505047;-46,568667
Dados de teste 9343;-23,4212;-46,390499
Dados de teste 9344;0;0
Dados de teste 9345;0;0
Dados de teste 9346;0;0
Dados de teste 9347;0;0
Dados de teste 9348;0;0
Dados de teste 9349;-23,477706;-46,528614
Dados de teste 9350;0;0
Dados de teste 9351;0;0
Dados de teste 9352;0;0
Dados de teste 9353;-23,505047;-46,568667
Dados de teste 9354;0;0
Dados de teste 9355;-23,506572;-46,570561
Dados de teste 9356;-23,506572;-46,570561
Dados de teste 9357;0;0
Dados de teste 9358;-23,422181;-46,394596
Dados de teste 9359;-23,5068;-46,570778
Dados de teste 9360;-23,487164;-46,543419
Dados de teste 9361;-22,65954;-43,8264
Dados de teste 9362;0;0
Dados de teste 9363;0;0
Dados de teste 9364;0;0
Dados de teste 9365;-23,478414;-46,529736
Dados de teste 9366;0;0
Dados de teste 9367;-23,486525;-46,542419
Dados de teste 9368;0;0
Dados de teste 9369;0;0
Dados de teste 9370;-23,461403;-46,489028
Dados de teste 9371;0;0
Dados de teste 9372;-23,5068;-46,570778
Dados de teste 9373;0;0
Dados de teste 9374;-23,4515;-46,465698
Dados de teste 9375;-23,507042;-46,571006
Dados de teste 9376;-23,456633;-46,477886
Dados de teste 9377;-23,451467;-46,465884
Dados de teste 9378;0;0
Dados de teste 9379;0;0
Dados de teste 9380;-23,422059;-46,393089
Dados de teste 9381;-46,469299;-46,469299
Dados de teste 9382;-22,6779;-43,8148
Dados de teste 9383;0;0
Dados de teste 9384;0;0
Dados de teste 9385;-23,507042;-46,571006
Dados de teste 9386;0;0
Dados de teste 9387;-23,469236;-46,511397
Dados de teste 9388;0;0
Dados de teste 9389;0;0
Dados de teste 9390;0;0
Dados de teste 9391;-46,4697;-46,4697
Dados de teste 9392;0;0
Dados de teste 9393;-23,4217;-46,3922
Dados de teste 9394;0;0
Dados de teste 9395;-23,484894;-46,539867
Dados de teste 9396;-23,484894;-46,539867
Dados de teste 9397;-22,65928;-43,82646
Dados de teste 9398;-22,66254;-43,82527
Dados de teste 9399;-23,4133;-46,360401
Dados de teste 9400;-23,484572;-46,539394
Dados de teste 9401;-23,484572;-46,539394
Dados de teste 9402;-23,469236;-46,511397
Dados de teste 9403;-23,469417;-46,511964
Dados de teste 9404;-23,412;-46,3579
Dados de teste 9405;0;0
Dados de teste 9406;-23,409901;-46,363098
Dados de teste 9407;-22,66161;-43,82563
Dados de teste 9408;-23,413601;-46,360699
Dados de teste 9409;-23,486367;-46,542178
Dados de teste 9410;-22,66008;-43,82624
Dados de teste 9411;-22,67685;-43,81589
Dados de teste 9412;-23,484389;-46,539153
Dados de teste 9413;-23,484389;-46,539153
Dados de teste 9414;-23,484733;-46,539625
Dados de teste 9415;-23,484733;-46,539625
Dados de teste 9416;0;0
Dados de teste 9417;-23,486367;-46,542178
Dados de teste 9418;0;0
Dados de teste 9419;-23,459356;-46,483153
Dados de teste 9420;-23,433209;-46,421017
Dados de teste 9421;-23,411501;-46,359901
Dados de teste 9422;-23,485219;-46,540375
Dados de teste 9423;-23,485219;-46,540375
Dados de teste 9424;0;0
Dados de teste 9425;-23,419938;-46,386458
Dados de teste 9426;0;0
Dados de teste 9427;-23,421959;-46,392815
Dados de teste 9428;0;0
Dados de teste 9429;-46,391102;-46,391102
Dados de teste 9430;0;0
Dados de teste 9431;0;0
Dados de teste 9432;0;0
Dados de teste 9433;0;0
Dados de teste 9434;-23,477944;-46,529022
Dados de teste 9435;0;0
Dados de teste 9436;-23,421881;-46,392533
Dados de teste 9437;-23,486525;-46,542419
Dados de teste 9438;0;0
Dados de teste 9439;-22,6604;-43,826
Dados de teste 9440;0;0
Dados de teste 9441;-23,413799;-46,360699
Dados de teste 9442;-22,67616;-43,81664
Dados de teste 9443;0;0
Dados de teste 9444;-23,477944;-46,529022
Dados de teste 9445;-23,4135;-46,360001
Dados de teste 9446;0;0
Dados de teste 9447;0;0
Dados de teste 9448;-23,4121;-46,357399
Dados de teste 9449;0;0
Dados de teste 9450;0;0
Dados de teste 9451;0;0
Dados de teste 9452;0;0
Dados de teste 9453;-23,450904;-46,464547
Dados de teste 9454;-23,419859;-46,386173
Dados de teste 9455;-23,451015;-46,464813
Dados de teste 9456;-23,426201;-46,392601
Dados de teste 9457;0;0
Dados de teste 9458;-46,393398;-46,393398
Dados de teste 9459;-23,469417;-46,511964
Dados de teste 9460;-23,487322;-46,543667
Dados de teste 9461;0;0
Dados de teste 9462;0;0
Dados de teste 9463;0;0
Dados de teste 9464;0;0
Dados de teste 9465;0;0
Dados de teste 9466;0;0
Dados de teste 9467;0;0
Dados de teste 9468;0;0
Dados de teste 9469;0;0
Dados de teste 9470;0;0
Dados de teste 9471;-23,229189;-45,90981
Dados de teste 9472;-23,231165;-45,911923
Dados de teste 9473;0;0
Dados de teste 9474;0;0
Dados de teste 9475;0;0
Dados de teste 9476;0;0
Dados de teste 9477;-23,2292;-45,909785
Dados de teste 9478;0;0
Dados de teste 9479;-23,248524;-45,932567
Dados de teste 9480;0;0
Dados de teste 9481;-23,248524;-45,932567
Dados de teste 9482;-23,248511;-45,932574
Dados de teste 9483;-23,248511;-45,932574
Dados de teste 9484;0;0
Dados de teste 9485;0;0
Dados de teste 9486;0;0
Dados de teste 9487;0;0
Dados de teste 9488;-23,248524;-45,932567
Dados de teste 9489;-23,255573;-45,943539
Dados de teste 9490;0;0
Dados de teste 9491;0;0
Dados de teste 9492;0;0
Dados de teste 9493;0;0
Dados de teste 9494;0;0
Dados de teste 9495;0;0
Dados de teste 9496;0;0
Dados de teste 9497;0;0
Dados de teste 9498;0;0
Dados de teste 9499;-23,248524;-45,932567
Dados de teste 9500;0;0
Dados de teste 9501;-23,475719;-46,525083
Dados de teste 9502;-23,464294;-46,497717
Dados de teste 9503;0;0
Dados de teste 9504;-23,246511;-45,930201
Dados de teste 9505;-23,234499;-45,915582
Dados de teste 9506;-23,426613;-46,405975
Dados de teste 9507;-23,431205;-46,415989
Dados de teste 9508;0;0
Dados de teste 9509;-23,246342;-45,929172
Dados de teste 9510;-23,464294;-46,497717
Dados de teste 9511;-23,521289;-46,584592
Dados de teste 9512;-23,464394;-46,497989
Dados de teste 9513;-23,475861;-46,525736
Dados de teste 9514;0;0
Dados de teste 9515;0;0
Dados de teste 9516;0;0
Dados de teste 9517;-23,428834;-46,411348
Dados de teste 9518;0;0
Dados de teste 9519;0;0
Dados de teste 9520;0;0
Dados de teste 9521;0;0
Dados de teste 9522;0;0
Dados de teste 9523;-23,254417;-45,941862
Dados de teste 9524;0;0
Dados de teste 9525;-23,4296;-46,413399
Dados de teste 9526;-23,505126;-46,569145
Dados de teste 9527;-23,475719;-46,525083
Dados de teste 9528;-23,493258;-46,552594
Dados de teste 9529;0;0
Dados de teste 9530;-23,232326;-45,913281
Dados de teste 9531;0;0
Dados de teste 9532;-23,254618;-45,942022
Dados de teste 9533;-23,475575;-46,524844
Dados de teste 9534;0;0
Dados de teste 9535;-23,427862;-46,40927
Dados de teste 9536;-46,4212;-46,4212
Dados de teste 9537;0;0
Dados de teste 9538;-23,4645;-46,498272
Dados de teste 9539;-23,4645;-46,498272
Dados de teste 9540;-23,462767;-46,493467
Dados de teste 9541;-23,246342;-45,929172
Dados de teste 9542;-23,462767;-46,493467
Dados de teste 9543;0;0
Dados de teste 9544;0;0
Dados de teste 9545;-23,429899;-46,417801
Dados de teste 9546;0;0
Dados de teste 9547;0;0
Dados de teste 9548;0;0
Dados de teste 9549;0;0
Dados de teste 9550;0;0
Dados de teste 9551;-23,427727;-46,408674
Dados de teste 9552;0;0
Dados de teste 9553;0;0
Dados de teste 9554;0;0
Dados de teste 9555;-23,246648;-45,929668
Dados de teste 9556;0;0
Dados de teste 9557;0;0
Dados de teste 9558;0;0
Dados de teste 9559;0;0
Dados de teste 9560;-23,505533;-46,569573
Dados de teste 9561;0;0
Dados de teste 9562;-23,499508;-46,561236
Dados de teste 9563;-23,494744;-46,554631
Dados de teste 9564;0;0
Dados de teste 9565;-23,246645;-45,929682
Dados de teste 9566;-23,428499;-46,411098
Dados de teste 9567;-23,475575;-46,524844
Dados de teste 9568;-23,247312;-45,930728
Dados de teste 9569;0;0
Dados de teste 9570;-23,499694;-46,561508
Dados de teste 9571;-23,499508;-46,561236
Dados de teste 9572;-23,473236;-46,521628
Dados de teste 9573;0;0
Dados de teste 9574;-23,499347;-46,560997
Dados de teste 9575;-23,416106;-46,372652
Dados de teste 9576;-23,499347;-46,560997
Dados de teste 9577;-23,475861;-46,525736
Dados de teste 9578;-23,473236;-46,521628
Dados de teste 9579;0;0
Dados de teste 9580;-23,499167;-46,560733
Dados de teste 9581;-23,473389;-46,521881
Dados de teste 9582;-23,231968;-45,912828
Dados de teste 9583;-23,499167;-46,560733
Dados de teste 9584;-23,476014;-46,525975
Dados de teste 9585;-23,234558;-45,915481
Dados de teste 9586;-23,476164;-46,526217
Dados de teste 9587;-23,476164;-46,526217
Dados de teste 9588;-23,475439;-46,524586
Dados de teste 9589;0;0
Dados de teste 9590;-23,476014;-46,525975
Dados de teste 9591;-23,498983;-46,560478
Dados de teste 9592;-23,246342;-45,929172
Dados de teste 9593;-23,498983;-46,560478
Dados de teste 9594;-23,476325;-46,526458
Dados de teste 9595;-23,473389;-46,521881
Dados de teste 9596;0;0
Dados de teste 9597;-23,231547;-45,91246
Dados de teste 9598;-23,476325;-46,526458
Dados de teste 9599;-23,498817;-46,560231
Dados de teste 9600;-23,468269;-46,508325
Dados de teste 9601;-23,498817;-46,560231
Dados de teste 9602;-23,476486;-46,526711
Dados de teste 9603;-23,473083;-46,521389
Dados de teste 9604;-23,473083;-46,521389
Dados de teste 9605;0;0
Dados de teste 9606;-23,246645;-45,929682
Dados de teste 9607;-23,231547;-45,91246
Dados de teste 9608;-23,468269;-46,508325
Dados de teste 9609;-23,246648;-45,929668
Dados de teste 9610;-23,427633;-46,408396
Dados de teste 9611;-23,498647;-46,559978
Dados de teste 9612;-23,475439;-46,524586
Dados de teste 9613;-23,427985;-46,409174
Dados de teste 9614;-23,473544;-46,522119
Dados de teste 9615;-23,498647;-46,559978
Dados de teste 9616;-23,231542;-45,912443
Dados de teste 9617;-23,4599;-46,484501
Dados de teste 9618;0;0
Dados de teste 9619;-23,23289;-45,913951
Dados de teste 9620;0;0
Dados de teste 9621;0;0
Dados de teste 9622;-23,429899;-46,413601
Dados de teste 9623;0;0
Dados de teste 9624;0;0
Dados de teste 9625;0;0
Dados de teste 9626;-23,473544;-46,522119
Dados de teste 9627;-23,254618;-45,942022
Dados de teste 9628;-23,476486;-46,526711
Dados de teste 9629;-23,473697;-46,522361
Dados de teste 9630;-23,254417;-45,941862
Dados de teste 9631;0;0
Dados de teste 9632;-23,473697;-46,522361
Dados de teste 9633;0;0
Dados de teste 9634;-23,231969;-45,912857
Dados de teste 9635;-23,429178;-46,412144
Dados de teste 9636;-23,487283;-46,543136
Dados de teste 9637;-23,246342;-45,929172
Dados de teste 9638;-23,487283;-46,543136
Dados de teste 9639;-23,477156;-46,527319
Dados de teste 9640;0;0
Dados de teste 9641;-23,476642;-46,526958
Dados de teste 9642;0;0
Dados de teste 9643;-23,254618;-45,942022
Dados de teste 9644;-23,476642;-46,526958
Dados de teste 9645;-23,473836;-46,522589
Dados de teste 9646;-23,254368;-45,94189
Dados de teste 9647;-23,473836;-46,522589
Dados de teste 9648;-23,477322;-46,527569
Dados de teste 9649;-23,477322;-46,527569
Dados de teste 9650;-23,254622;-45,942017
Dados de teste 9651;-23,487136;-46,5429
Dados de teste 9652;-23,231965;-45,912849
Dados de teste 9653;-23,254622;-45,942017
Dados de teste 9654;-23,416034;-46,372365
Dados de teste 9655;-23,254618;-45,942022
Dados de teste 9656;-23,476794;-46,527197
Dados de teste 9657;-23,477156;-46,527319
Dados de teste 9658;-23,254368;-45,94189
Dados de teste 9659;-23,487136;-46,5429
Dados de teste 9660;-23,476794;-46,527197
Dados de teste 9661;-23,473964;-46,522794
Dados de teste 9662;0;0
Dados de teste 9663;-23,247312;-45,930728
Dados de teste 9664;0;0
Dados de teste 9665;-23,231965;-45,912849
Dados de teste 9666;0;0
Dados de teste 9667;-23,42841;-46,410273
Dados de teste 9668;0;0
Dados de teste 9669;-23,476947;-46,527428
Dados de teste 9670;0;0
Dados de teste 9671;-23,477483;-46,527814
Dados de teste 9672;0;0
Dados de teste 9673;-23,473964;-46,522794
Dados de teste 9674;-23,468536;-46,509161
Dados de teste 9675;-23,476947;-46,527428
Dados de teste 9676;-23,468536;-46,509161
Dados de teste 9677;-23,486989;-46,542664
Dados de teste 9678;-23,232894;-45,913925
Dados de teste 9679;0;0
Dados de teste 9680;0;0
Dados de teste 9681;0;0
Dados de teste 9682;0;0
Dados de teste 9683;-23,467992;-46,508094
Dados de teste 9684;-23,246342;-45,929172
Dados de teste 9685;0;0
Dados de teste 9686;0;0
Dados de teste 9687;0;0
Dados de teste 9688;-23,254368;-45,94189
Dados de teste 9689;-23,232326;-45,913281
Dados de teste 9690;-23,234551;-45,915499
Dados de teste 9691;-23,428634;-46,410807
Dados de teste 9692;-23,486989;-46,542664
Dados de teste 9693;0;0
Dados de teste 9694;-23,427839;-46,408941
Dados de teste 9695;-23,231541;-45,912419
Dados de teste 9696;-23,468708;-46,509719
Dados de teste 9697;-23,428181;-46,409743
Dados de teste 9698;-23,468067;-46,508344
Dados de teste 9699;0;0
Dados de teste 9700;-23,42906;-46,411881
Dados de teste 9701;-23,231559;-45,912465
Dados de teste 9702;-23,468622;-46,509436
Dados de teste 9703;-23,468622;-46,509436
Dados de teste 9704;0;0
Dados de teste 9705;0;0
Dados de teste 9706;0;0
Dados de teste 9707;-23,231547;-45,91246
Dados de teste 9708;-23,486833;-46,542431
Dados de teste 9709;-23,246648;-45,929668
Dados de teste 9710;0;0
Dados de teste 9711;-23,50015;-46,561864
Dados de teste 9712;-23,50015;-46,561864
Dados de teste 9713;-23,246648;-45,929668
Dados de teste 9714;-23,23289;-45,913951
Dados de teste 9715;-23,486686;-46,542192
Dados de teste 9716;-23,474144;-46,523075
Dados de teste 9717;-23,474144;-46,523075
Dados de teste 9718;-23,231559;-45,912465
Dados de teste 9719;-23,231547;-45,91246
Dados de teste 9720;-23,427518;-46,408121
Dados de teste 9721;-23,23452;-45,915569
Dados de teste 9722;-23,486686;-46,542192
Dados de teste 9723;-23,236592;-45,917845
Dados de teste 9724;-23,230931;-45,91178
Dados de teste 9725;-23,234499;-45,915582
Dados de teste 9726;-23,231968;-45,912828
Dados de teste 9727;-23,486531;-46,541956
Dados de teste 9728;-23,428313;-46,409987
Dados de teste 9729;-23,468144;-46,508606
Dados de teste 9730;-23,239548;-45,921613
Dados de teste 9731;-23,234551;-45,915499
Dados de teste 9732;-23,468225;-46,508881
Dados de teste 9733;-23,477483;-46,527814
Dados de teste 9734;-23,23452;-45,915569
Dados de teste 9735;-23,468225;-46,508881
Dados de teste 9736;-23,474328;-46,52335
Dados de teste 9737;-23,468444;-46,508883
Dados de teste 9738;-23,474328;-46,52335
Dados de teste 9739;-23,246342;-45,929172
Dados de teste 9740;-23,468444;-46,508883
Dados de teste 9741;0;0
Dados de teste 9742;0;0
Dados de teste 9743;-23,474639;-46,523825
Dados de teste 9744;-23,468356;-46,5086
Dados de teste 9745;0;0
Dados de teste 9746;-23,468356;-46,5086
Dados de teste 9747;-23,474508;-46,523608
Dados de teste 9748;-23,474508;-46,523608
Dados de teste 9749;-23,480972;-46,533264
Dados de teste 9750;0;0
Dados de teste 9751;-23,231541;-45,912419
Dados de teste 9752;-23,468318;-46,509169
Dados de teste 9753;-23,479122;-46,530381
Dados de teste 9754;-23,254368;-45,94189
Dados de teste 9755;-23,474783;-46,524067
Dados de teste 9756;-23,468318;-46,509169
Dados de teste 9757;0;0
Dados de teste 9758;0;0
Dados de teste 9759;0;0
Dados de teste 9760;-23,468403;-46,509453
Dados de teste 9761;-23,231542;-45,912443
Dados de teste 9762;-23,486531;-46,541956
Dados de teste 9763;-23,231969;-45,912857
Dados de teste 9764;-23,479122;-46,530381
Dados de teste 9765;-23,234558;-45,915481
Dados de teste 9766;-23,428849;-46,411016
Dados de teste 9767;-23,474783;-46,524067
Dados de teste 9768;0;0
Dados de teste 9769;-23,468403;-46,509453
Dados de teste 9770;0;0
Dados de teste 9771;-23,428946;-46,411615
Dados de teste 9772;-23,468794;-46,509994
Dados de teste 9773;0;0
Dados de teste 9774;0;0
Dados de teste 9775;-23,468794;-46,509994
Dados de teste 9776;0;0
Dados de teste 9777;-23,468486;-46,509722
Dados de teste 9778;-23,483892;-46,537839
Dados de teste 9779;0;0
Dados de teste 9780;-23,486378;-46,541719
Dados de teste 9781;-23,486378;-46,541719
Dados de teste 9782;-23,468883;-46,510267
Dados de teste 9783;-23,468883;-46,510267
Dados de teste 9784;-23,474939;-46,524314
Dados de teste 9785;0;0
Dados de teste 9786;0;0
Dados de teste 9787;0;0
Dados de teste 9788;0;0
Dados de teste 9789;0;0
Dados de teste 9790;-23,431083;-46,415726
Dados de teste 9791;-23,468486;-46,509722
Dados de teste 9792;-23,428063;-46,409476
Dados de teste 9793;0;0
Dados de teste 9794;-23,428054;-46,40854
Dados de teste 9795;-23,483892;-46,537839
Dados de teste 9796;-23,468708;-46,509719
Dados de teste 9797;0;0
Dados de teste 9798;0;0
Dados de teste 9799;0;0
Dados de teste 9800;0;0
Dados de teste 9801;0;0
Dados de teste 9802;0;0
Dados de teste 9803;0;0
Dados de teste 9804;-23,465547;-46,500508
Dados de teste 9805;-23,507286;-46,570517
Dados de teste 9806;0;0
Dados de teste 9807;0;0
Dados de teste 9808;0;0
Dados de teste 9809;0;0
Dados de teste 9810;-23,457328;-46,478306
Dados de teste 9811;-23,507086;-46,570322
Dados de teste 9812;0;0
Dados de teste 9813;0;0
Dados de teste 9814;0;0
Dados de teste 9815;0;0
Dados de teste 9816;0;0
Dados de teste 9817;0;0
Dados de teste 9818;-23,254645;-45,94299
Dados de teste 9819;0;0
Dados de teste 9820;-23,456439;-46,476258
Dados de teste 9821;0;0
Dados de teste 9822;-23,25463;-45,942982
Dados de teste 9823;-23,474939;-46,524314
Dados de teste 9824;-23,25463;-45,942982
Dados de teste 9825;-23,515628;-46,57885
Dados de teste 9826;-23,465353;-46,499958
Dados de teste 9827;-23,506897;-46,570133
Dados de teste 9828;-23,506692;-46,56995
Dados de teste 9829;-23,506486;-46,569758
Dados de teste 9830;-23,465547;-46,500508
Dados de teste 9831;-23,475089;-46,52455
Dados de teste 9832;-23,465353;-46,499958
Dados de teste 9833;0;0
Dados de teste 9834;-23,506292;-46,569561
Dados de teste 9835;-23,506094;-46,569364
Dados de teste 9836;0;0
Dados de teste 9837;-23,505906;-46,569186
Dados de teste 9838;-23,513865;-46,577516
Dados de teste 9839;-23,499817;-46,561885
Dados de teste 9840;-23,498942;-46,56077
Dados de teste 9841;0;0
Dados de teste 9842;-23,499658;-46,56165
Dados de teste 9843;-23,505708;-46,568992
Dados de teste 9844;0;0
Dados de teste 9845;0;0
Dados de teste 9846;0;0
Dados de teste 9847;-23,498401;-46,560351
Dados de teste 9848;-23,467028;-46,505261
Dados de teste 9849;-23,498942;-46,560962
Dados de teste 9850;-23,505522;-46,568786
Dados de teste 9851;0;0
Dados de teste 9852;0;0
Dados de teste 9853;-23,256114;-45,945293
Dados de teste 9854;0;0
Dados de teste 9855;-23,499542;-46,561425
Dados de teste 9856;-23,499982;-46,56215
Dados de teste 9857;-23,457092;-46,47775
Dados de teste 9858;-23,513659;-46,577317
Dados de teste 9859;0;0
Dados de teste 9860;-23,505325;-46,568583
Dados de teste 9861;-23,499327;-46,561177
Dados de teste 9862;-23,505136;-46,568369
Dados de teste 9863;0;0
Dados de teste 9864;0;0
Dados de teste 9865;0;0
Dados de teste 9866;-23,504956;-46,568128
Dados de teste 9867;-23,512972;-46,576317
Dados de teste 9868;0;0
Dados de teste 9869;-23,475089;-46,52455
Dados de teste 9870;0;0
Dados de teste 9871;-23,456147;-46,474544
Dados de teste 9872;-23,505316;-46,569366
Dados de teste 9873;-23,472931;-46,521139
Dados de teste 9874;-23,472931;-46,521139
Dados de teste 9875;-23,467925;-46,50715
Dados de teste 9876;-23,467925;-46,50715
Dados de teste 9877;0;0
Dados de teste 9878;0;0
Dados de teste 9879;-23,467842;-46,506886
Dados de teste 9880;0;0
Dados de teste 9881;0;0
Dados de teste 9882;0;0
Dados de teste 9883;-23,467842;-46,506886
Dados de teste 9884;-23,46775;-46,506619
Dados de teste 9885;-23,46775;-46,506619
Dados de teste 9886;-23,4958;-46,559299
Dados de teste 9887;0;0
Dados de teste 9888;0;0
Dados de teste 9889;0;0
Dados de teste 9890;0;0
Dados de teste 9891;-23,467661;-46,506353
Dados de teste 9892;-23,467661;-46,506353
Dados de teste 9893;0;0
Dados de teste 9894;-23,439864;-46,436511
Dados de teste 9895;0;0
Dados de teste 9896;-23,5098;-46,573631
Dados de teste 9897;0;0
Dados de teste 9898;-23,4139;-46,362
Dados de teste 9899;0;0
Dados de teste 9900;-23,467481;-46,505856
Dados de teste 9901;0;0
Dados de teste 9902;0;0
Dados de teste 9903;0;0
Dados de teste 9904;-23,467481;-46,505856
Dados de teste 9905;-46,4244;-46,4244
Dados de teste 9906;-23,467381;-46,5056
Dados de teste 9907;0;0
Dados de teste 9908;-23,434638;-46,424536
Dados de teste 9909;0;0
Dados de teste 9910;-23,467381;-46,5056
Dados de teste 9911;-23,467294;-46,505358
Dados de teste 9912;-23,467294;-46,505358
Dados de teste 9913;0;0
Dados de teste 9914;0;0
Dados de teste 9915;-23,467203;-46,505108
Dados de teste 9916;-23,472481;-46,520383
Dados de teste 9917;-23,47145;-46,518367
Dados de teste 9918;-23,472356;-46,520158
Dados de teste 9919;-23,472356;-46,520158
Dados de teste 9920;-23,471569;-46,518647
Dados de teste 9921;-23,472481;-46,520383
Dados de teste 9922;-23,471964;-46,519439
Dados de teste 9923;-23,471964;-46,519439
Dados de teste 9924;0;0
Dados de teste 9925;0;0
Dados de teste 9926;-23,472103;-46,519706
Dados de teste 9927;-23,472103;-46,519706
Dados de teste 9928;-23,472225;-46,519925
Dados de teste 9929;-23,472225;-46,519925
Dados de teste 9930;-23,471331;-46,518111
Dados de teste 9931;-23,472631;-46,520633
Dados de teste 9932;-23,471569;-46,518647
Dados de teste 9933;-23,471331;-46,518111
Dados de teste 9934;-23,472631;-46,520633
Dados de teste 9935;0;0
Dados de teste 9936;0;0
Dados de teste 9937;-23,472778;-46,520881
Dados de teste 9938;-23,47145;-46,518367
Dados de teste 9939;-23,472778;-46,520881
Dados de teste 9940;-23,471708;-46,518911
Dados de teste 9941;-23,471708;-46,518911
Dados de teste 9942;-23,471828;-46,519175
Dados de teste 9943;-23,471828;-46,519175
Dados de teste 9944;-23,481967;-46,535297
Dados de teste 9945;0;0
